text,label
RBI announces new digital lending guidelines effective from April. The framework mandates prior approval for fintech companies offering credit products through apps. BNPL services and payment platforms must comply with stricter disclosure norms to protect consumer interests.,EXPLANATORY
SEBI introduces new margin rules for derivatives trading. Investors will now need to maintain higher upfront margins for options positions. The regulation aims to reduce speculative activity and protect retail traders from excessive leverage risks.,EXPLANATORY
How the T+1 settlement cycle changes stock trading in India. Trades will now settle in one business day instead of two. Brokers must ensure funds are available before market close to avoid penalties and failed settlements.,EXPLANATORY
Fed announces new stress testing requirements for regional banks. Institutions with assets above 100 billion dollars must undergo annual capital adequacy reviews. The move strengthens oversight following recent banking sector turbulence and deposit concerns.,EXPLANATORY
ECB introduces digital euro pilot framework for retail payments. The initiative will test central bank digital currency in select eurozone countries. Privacy safeguards and offline payment capabilities form core features of the proposed system.,EXPLANATORY
New SEBI rules for mutual fund expense ratios take effect today. Asset management companies must cap total expense charges for equity schemes at 2.25 percent. Smaller funds get higher limits while larger schemes face stricter caps.,EXPLANATORY
RBI circular on loan restructuring norms for MSMEs explained. Small businesses can now request one-time restructuring without NPA classification. Lenders must assess viability within 30 days and offer modified repayment schedules to eligible borrowers.,EXPLANATORY
How India's new TCS rules affect stock investors remitting abroad. Remittances above 7 lakh rupees for overseas investments attract 20 percent TCS. Investors can claim credit while filing annual income tax returns next year.,EXPLANATORY
IRDAI announces new guidelines for health insurance portability. Policyholders can now switch insurers without losing accumulated benefits or waiting period credits. The framework simplifies transfer process and mandates 15-day processing timeline for insurers.,EXPLANATORY
Understanding the new RBI framework for digital payment security. Banks must implement multi-factor authentication for all transactions above 50000 rupees. Real-time fraud monitoring and customer alert systems become mandatory requirements from next quarter.,EXPLANATORY
SEBI revises insider trading regulations with stricter disclosure norms. Company insiders must report trades within two business days instead of five. Connected persons definition expanded to include consultants and advisors with material information access.,EXPLANATORY
New FEMA rules for overseas direct investment by Indian companies. Outbound investments now require prior approval above certain thresholds from RBI. The framework balances capital account liberalization with prudent foreign exchange management practices.,EXPLANATORY
RBI guidelines on green deposits and sustainable finance products explained. Banks offering green deposit schemes must disclose allocation of funds to environmental projects. Third-party verification and annual impact reporting become mandatory requirements.,EXPLANATORY
How the new GST e-invoicing threshold affects small businesses. Companies with turnover above 5 crore rupees must generate electronic invoices for B2B transactions. The system automates tax reporting and reduces compliance burden for suppliers.,EXPLANATORY
SEBI framework for REITs and InvITs distribution policy changes. Infrastructure investment trusts must distribute 90 percent of net cash flows to unitholders quarterly. New valuation norms and disclosure requirements aim to improve investor transparency.,EXPLANATORY
Understanding cryptocurrency taxation rules in India for investors. Virtual digital assets attract 30 percent tax on gains without any deduction for expenses. One percent TDS applies on transfers above 50000 rupees for specified persons.,EXPLANATORY
New RBI norms for credit card billing and interest calculation methods. Banks must provide clear breakup of charges and interest components in statements. Minimum amount due calculation methodology standardized across all card issuers for transparency.,EXPLANATORY
SEBI introduces product suitability framework for investment advisors. Advisors must assess client risk profile before recommending any investment products. Documentation of suitability rationale becomes mandatory for all recommendations made to retail investors.,EXPLANATORY
How new PMLA rules impact cryptocurrency exchanges operating in India. Virtual asset service providers must implement KYC norms equivalent to banks immediately. Transaction monitoring and suspicious activity reporting now mandatory under AML compliance framework.,EXPLANATORY
RBI framework for account aggregator ecosystem and financial data sharing. Customers can share financial data across institutions using consent-based digital architecture. The system enables paperless loan processing and comprehensive credit assessment for lenders.,EXPLANATORY
New stock exchange rules for algorithmic trading registration requirements. Brokers offering algo strategies must obtain exchange approval for each algorithm deployed. Risk management checks and kill switch mechanisms become mandatory for all algo orders.,EXPLANATORY
SEBI guidelines on ESG rating providers and sustainability disclosure standards. Rating agencies must publish methodology and conflict of interest policies publicly. Minimum data sources and verification procedures specified for all sustainability assessments.,EXPLANATORY
Understanding the PLI scheme for electronics manufacturing in India. Companies investing in mobile and component production eligible for production incentives. The policy offers 4 to 6 percent subsidy on incremental sales over baseline year.,EXPLANATORY
RBI circular on priority sector lending norms for small finance banks. Agriculture and MSME lending targets revised upward to 75 percent of total advances. Shortfall penalties and RIDF contribution requirements explained for non-compliant banks.,EXPLANATORY
New IPO allotment rules for retail investors explained by SEBI. One lot guaranteed per retail applicant when oversubscription exceeds certain threshold levels. The change improves participation fairness in heavily subscribed public offerings for small investors.,EXPLANATORY
How carbon credit trading mechanism works under India's new framework. Companies exceeding emission targets can purchase credits from cleaner industrial producers. The framework incentivizes industrial decarbonization through transparent market-based pricing mechanisms.,EXPLANATORY
SEBI norms for passive funds and index replication methodology standards. ETFs must maintain tracking error below 2 percent for all equity schemes listed. Daily portfolio disclosure and creation unit specifications standardized across all providers.,EXPLANATORY
RBI guidelines on prepaid payment instruments and wallet interoperability. Mobile wallets must enable transfers to bank accounts and other wallet providers. Full KYC wallets get higher transaction and balance limits under new regulatory norms.,EXPLANATORY
Understanding gold monetization scheme and sovereign gold bond features. Investors can deposit physical gold to earn interest and avoid storage costs. SGBs offer 2.5 percent annual return plus gold price appreciation on maturity.,EXPLANATORY
New IBBI regulations for insolvency resolution process timeline requirements. Corporate debtors must complete resolution within 330 days including litigation time period. Stricter penalties for delays by resolution professionals and committee of creditors.,EXPLANATORY
SEBI framework for social stock exchange and nonprofit fundraising mechanism. Eligible organizations can raise funds through zero coupon zero principal instruments. Impact reporting and fund utilization disclosure requirements specified for all issuers.,EXPLANATORY
How RBI's LIBOR transition affects Indian borrowers with foreign currency loans. Companies must shift to alternative reference rates like SOFR by specified deadline. Legacy contracts require fallback provisions and spread adjustments for smooth transition.,EXPLANATORY
New income tax rules for capital gains on debt mutual fund investments. Investments held less than three years taxed at slab rate without indexation benefit. Long-term holding no longer provides tax advantage for fixed income investors.,EXPLANATORY
SEBI guidelines on offer for sale mechanism and price discovery process. Promoters selling shares must set floor price at minimum discount to market price. Retail investors get reserved allocation in all OFS transactions on exchanges.,EXPLANATORY
Understanding the direct tax vivad se vishwas scheme for pending disputes. Taxpayers can settle cases by paying disputed tax amount without interest or penalty. The window provides opportunity to reduce litigation backlog for both parties.,EXPLANATORY
RBI norms on wilful defaulter identification and consequences for borrowers. Borrowers deliberately not repaying despite adequate resources face credit restrictions permanently. Directors barred from new credit facilities and company formation for five years.,EXPLANATORY
New SEBI rules for buyback of shares through tender offer process. Companies must complete buybacks within 66 working days of board approval date. Reserved category for small shareholders ensures fair participation opportunity in buybacks.,EXPLANATORY
How the production linked incentive scheme works for pharmaceutical companies. Domestic manufacturers of complex generics and APIs eligible for sales-based subsidies. The policy targets import substitution and export competitiveness improvement for Indian pharma.,EXPLANATORY
IRDAI guidelines on claim settlement timeline and grievance redressal mechanism. Insurers must settle or reject claims within 30 days of complete documentation receipt. Policyholders can escalate to ombudsman if response is unsatisfactory or delayed.,EXPLANATORY
Understanding RBI's framework for retail CBDC and digital rupee pilot. The e-rupee works like cash with anonymity for small value transactions. Banks distribute digital currency through mobile apps with QR code payment capability.,EXPLANATORY
SEBI norms for debenture trustees and bondholder investor protection measures. Trustees must monitor issuer financial health and covenant compliance on continuous basis. Early warning mechanisms and communication protocols standardized for bondholder protection.,EXPLANATORY
New customs rules for electronics imports and manufacturing incentive schemes. Companies with domestic value addition above 35 percent get preferential duty concessions. The framework encourages local sourcing and expands assembly operations in India.,EXPLANATORY
RBI circular on bank locker agreement standardization and liability provisions. Banks cannot limit liability for locker theft or fire damage to token amounts. Annual rental revision capped and compensation framework clearly specified for customers.,EXPLANATORY
How the angel tax provisions work for startup investments in India. Companies receiving share premium above fair market value face tax on excess amount. DPIIT recognized startups get exemption subject to net worth and turnover limits.,EXPLANATORY
SEBI framework for real estate investment trusts and leverage ratio limits. REITs can borrow up to 49 percent of asset value for property acquisitions. Interest coverage ratio and debt maturity profile requirements ensure financial prudence.,EXPLANATORY
Understanding the RBI moratorium framework for stressed banks under resolution. Deposit withdrawals capped during resolution period to prevent bank runs and panic. Deposit insurance covers up to 5 lakh rupees per depositor per bank.,EXPLANATORY
New PFRDA rules for NPS partial withdrawal and exit norm changes. Subscribers can withdraw up to 25 percent for specified purposes up to thrice. Minimum pension requirement relaxed for accounts below threshold corpus amount at retirement.,EXPLANATORY
SEBI guidelines on research analyst registration and conflict of interest disclosure. Analysts must reveal personal holdings in stocks they cover in all reports. Quiet periods around company transactions and rating changes specified clearly.,EXPLANATORY
How the equalization levy applies to digital advertising and ecommerce transactions. Foreign companies earning from Indian users pay 2 percent tax on gross revenues. The measure targets digital multinationals operating without any physical presence in India.,EXPLANATORY
RBI norms for microfinance lending and borrower protection measures framework. All regulated entities must follow uniform pricing and ethical collection practices strictly. Household income assessment mandatory before sanctioning loans to prevent borrower overindebtedness.,EXPLANATORY
SEBI framework for investor charter and service quality standards for brokers. Stock brokers must resolve investor complaints within 21 days of receipt date. Escalation matrix and compensation for service failures defined clearly for investors.,EXPLANATORY
Understanding the PM Gati Shakti scheme for infrastructure planning coordination. The national master plan coordinates projects across 16 ministries through digital platform. Multi-modal connectivity and last mile access prioritized for economic zones development.,EXPLANATORY
New RBI rules for peer to peer lending platforms and exposure limits. Borrowers and lenders cannot exceed 50 lakh rupees aggregate exposure on platforms. Platform due diligence and risk disclosure requirements strengthened significantly.,EXPLANATORY
How the semiconductor incentive scheme attracts chip manufacturing investments to India. Companies setting up fabs in India eligible for 50 percent project cost support. Design linked incentives target fabless companies and IP development activities.,EXPLANATORY
SEBI norms for listed company board composition and director independence requirements. Independent directors must comprise one-third of board for all listed entities. Cooling off periods and material relationship definitions specified clearly.,EXPLANATORY
RBI guidelines on digital lending and first loss default guarantee arrangements. LSPs providing FLDG must limit guarantee to 5 percent of portfolio value. The cap prevents excessive risk taking and maintains skin in game.,EXPLANATORY
Understanding GIFT City regulations for offshore financial services operations. IFSC units get tax holidays and regulatory flexibility for global business operations. The framework positions Gujarat as international financial services hub for India.,EXPLANATORY
New TRAI rules for commercial communications and telemarketing spam control. Businesses must use registered headers and templates for all promotional messages sent. Blockchain based DLT system tracks consent and enables preference management.,EXPLANATORY
SEBI framework for market infrastructure institutions and governance requirements. Stock exchanges and depositories face enhanced capital adequacy and technology requirements. Technology audit and business continuity norms specified for systemic importance.,EXPLANATORY
How the vehicle scrappage policy works and incentives available for owners. Cars older than 15 years and commercial vehicles above 10 years eligible for scrapping. Registration fee waiver and manufacturer discounts available for replacing old vehicles.,EXPLANATORY
RBI norms for currency chest operations and cash management procedures. Banks must maintain minimum denomination-wise stock at all currency chests regularly. ATM cassette loading and fake note detection protocols strengthened significantly.,EXPLANATORY
SEBI guidelines on corporate governance for high value debt listed issuers. Companies with listed NCDs above 500 crore face enhanced disclosure and governance norms. Audit committee and risk management frameworks mandatory regardless of company size.,EXPLANATORY
Understanding the national monetization pipeline for infrastructure asset leasing. Government leases operational assets to private operators for fixed tenure periods. The model generates upfront revenues while retaining ultimate public ownership of assets.,EXPLANATORY
New RBI rules for trade credit and supplier financing digital platforms. Factoring companies must verify invoices through GST portal integration before financing. The framework prevents duplicate financing and improves working capital access for MSMEs.,EXPLANATORY
SEBI norms for mutual fund nomination and transmission of units process. Single nomination allowed with option to specify percentage for multiple nominees clearly. Transmission to legal heirs simplified with standardized documentation requirements for investors.,EXPLANATORY
How carbon border adjustment mechanism affects Indian exporters to European Union. Steel and aluminum exporters must report embedded emissions in products exported. The regulation phases in carbon levies based on emission intensity calculations.,EXPLANATORY
RBI framework for resolution of stressed assets outside formal insolvency process. Inter-creditor agreements must specify voting thresholds and resolution timelines clearly. The mechanism enables faster resolution before formal bankruptcy proceedings begin.,EXPLANATORY
SEBI guidelines on public issue advertising and investor protection requirements. Draft prospectus advertisements must include risk factors and disclaimers prominently displayed. Cooling off period between advertisement publication and issue opening specified.,EXPLANATORY
Understanding the PM SVANidhi scheme for street vendor credit access. Vendors can borrow up to 50000 rupees without collateral from participating banks. Digital payment adoption incentives and interest subsidy included in scheme benefits.,EXPLANATORY
New IRDAI norms for bancassurance channel operations and product bundling restrictions. Banks cannot mandate insurance purchase with loan products as condition. Commission disclosure and product suitability assessment requirements introduced for transparency.,EXPLANATORY
RBI guidelines on outsourcing of financial services activities by regulated banks. Material outsourcing requires board approval and prior regulatory notification to RBI. Data security and business continuity requirements for service providers specified.,EXPLANATORY
SEBI framework for swing pricing in mutual fund redemptions during stress. Funds can adjust NAV during large outflows to protect remaining investors fairly. The mechanism prevents first mover advantage and ensures equitable treatment.,EXPLANATORY
How the PLI scheme for textile sector promotes exports and employment. Companies investing in MMF fabric and technical textiles eligible for production incentives. Employment generation and capital expenditure thresholds determine subsidy rates available.,EXPLANATORY
Understanding the SARFAESI Act provisions for secured creditor enforcement rights. Banks can take possession of assets without court intervention for NPA accounts. Borrower objection process and auction procedures specified clearly under law.,EXPLANATORY
New RBI norms for credit information companies and data accuracy requirements. CICs must resolve consumer disputes within 21 days of complaint receipt. Annual free credit reports and score improvement guidance mandatory for all consumers.,EXPLANATORY
SEBI guidelines on related party transaction approval and disclosure requirements. Material RPTs require shareholder approval with related parties abstaining from voting. Audit committee must review all transactions quarterly regardless of materiality threshold.,EXPLANATORY
How emission trading scheme works in Gujarat for industrial polluters. Factories exceeding particulate emission limits must buy permits from cleaner industrial units. The cap and trade system creates market incentives for pollution control.,EXPLANATORY
RBI framework for international trade settlement in Indian rupees mechanism. Exporters and importers can invoice and settle in rupees through vostro accounts. The mechanism reduces dollar dependence and foreign exchange hedging costs significantly.,EXPLANATORY
SEBI norms for delisting of shares and reverse book building exit process. Promoters must offer fair exit price determined through book building mechanism. Minority shareholder protection provisions and floor price calculation methodology specified clearly.,EXPLANATORY
Understanding sovereign gold bond scheme taxation and liquidity options available. Gains on maturity are tax exempt while premature redemption attracts capital gains tax. Bonds tradeable on exchanges provide liquidity before 8 year tenure ends.,EXPLANATORY
New PFRDA rules for Atal Pension Yojana contribution and benefit changes. Subscribers aged 18 to 40 eligible for guaranteed pension of 1000 to 5000 rupees. Government co-contribution available for non-taxpayers joining the scheme.,EXPLANATORY
RBI guidelines on NBFC provisioning norms and asset classification framework. Companies must move to expected credit loss provisioning framework progressively. Higher provisions for standard assets improve resilience against potential future defaults.,EXPLANATORY
SEBI framework for qualified stock brokers and enhanced regulatory obligations. Large brokers must maintain higher net worth and segregated client accounts strictly. Risk management and compliance audit requirements increased significantly for QSBs.,EXPLANATORY
How the Ayushman Bharat scheme provides health coverage to poor families. Eligible households get 5 lakh rupees annual coverage for secondary and tertiary hospitalization. Empaneled hospitals provide cashless treatment under standardized package rates.,EXPLANATORY
Understanding GST composition scheme eligibility and benefits for small businesses. Traders with turnover below 1.5 crore can pay tax at fixed percentage rate. Input tax credit not available but compliance burden significantly reduced.,EXPLANATORY
New RBI norms for payment aggregator and gateway registration requirements. Entities processing online payments must obtain authorization from central bank mandatorily. Net worth requirements and escrow account mechanisms ensure merchant fund safety.,EXPLANATORY
SEBI guidelines on employee stock option plan accounting and disclosure requirements. ESOP expenses must be recognized in profit and loss statement of company. Fair value determination methodology and vesting schedule disclosure requirements specified.,EXPLANATORY
How the dispute resolution scheme works for direct tax pending cases. Taxpayers can settle pending appeals by paying disputed amount in full. Penalty and interest waiver available for cases meeting specified eligibility criteria.,EXPLANATORY
RBI framework for umbrella organization supporting urban cooperative banks operations. The proposed structure will provide technology and liquidity support to member UCBs. Common branding and back office services aim to improve operational efficiency.,EXPLANATORY
SEBI norms for preferential issue pricing and lock-in period requirements. Shares issued to promoters require three-year lock-in period after allotment date. Pricing formula based on volume weighted average of recent trading days.,EXPLANATORY
Understanding the plastic waste management rules and extended producer responsibility. Producers must ensure collection and recycling of plastic packaging waste generated. EPR certificates tradeable on online exchange platform for compliance flexibility.,EXPLANATORY
New IRDAI guidelines on linked insurance product charges and surrender values. Mortality and fund management charges capped to improve customer returns over time. Surrender charge refund proportionate to unexpired policy term now mandated.,EXPLANATORY
RBI circular on internal ombudsman scheme for bank customer grievances. Banks must appoint ombudsman to review complaints before regulatory escalation occurs. The mechanism aims to reduce complaint burden on RBI ombudsman offices.,EXPLANATORY
SEBI framework for performance benchmarking of portfolio management services. PMS providers must disclose returns compared against appropriate market benchmarks. Track record and risk metrics reporting standardized across all portfolio managers.,EXPLANATORY
Goldman Sachs analysts expect RBI to cut rates by 25 basis points in April. The brokerage cites cooling inflation and weak consumption demand as key factors. Bond yields likely to fall if rate cut materializes as expected.,MARKET_OPINION
Fund managers remain cautious on Indian equities amid global uncertainty. FII outflows continue as foreign allocators prefer US treasuries and dollar assets. Domestic institutions providing support but sentiment remains fragile in near term.,MARKET_OPINION
Morgan Stanley upgrades India to overweight citing strong macro fundamentals. The investment bank sees earnings growth acceleration in second half of fiscal year. Banking and auto sectors remain top picks in the portfolio recommendations.,MARKET_OPINION
Traders betting on Bitcoin reaching 100000 dollars by year end rally. Derivatives data shows heavy call option buying at strike prices above current levels. Halving event and ETF inflows driving bullish sentiment across crypto markets.,MARKET_OPINION
JP Morgan analysts see Fed holding rates steady through first half of year. Sticky services inflation and strong labor market data support the hawkish stance. Rate cuts likely delayed to September from earlier June expectations.,MARKET_OPINION
Hedge funds building short positions in Chinese tech stocks aggressively. Regulatory uncertainty and weak consumption recovery weighing on sector outlook negatively. Alibaba and Tencent among most shorted names in Hong Kong market.,MARKET_OPINION
CLSA upgrades Reliance Industries to buy on refining margin improvement outlook. The brokerage expects Jio and retail segments to drive earnings growth acceleration. Target price raised to 3200 rupees from earlier 2800 rupees.,MARKET_OPINION
Nomura analysts expect rupee to weaken further against dollar in coming months. Wide current account deficit and Fed rate trajectory supporting dollar strength globally. RBI intervention likely to slow depreciation but not reverse trend.,MARKET_OPINION
BlackRock portfolio managers increasing allocation to emerging market bonds selectively. India and Indonesia sovereign debt preferred over Latin American credits currently. Attractive real yields and stable currencies driving the investment decision.,MARKET_OPINION
UBS wealth management recommends underweight on European equities for clients. Energy crisis and manufacturing slowdown creating headwinds for corporate earnings growth. US and Asian markets preferred in global equity allocation strategy.,MARKET_OPINION
Commodity traders expect gold to test 2800 dollars on safe haven demand. Geopolitical tensions and central bank buying supporting precious metal prices globally. Physical demand from Asia remains robust despite high price levels.,MARKET_OPINION
Jefferies initiates coverage on Zomato with buy rating and bullish outlook. The brokerage sees path to profitability in quick commerce and food delivery. Target price of 200 rupees implies significant upside from current levels.,MARKET_OPINION
Credit Suisse analysts expect oil prices to stabilize around 80 dollars. OPEC production cuts balanced by weak China demand creating price equilibrium. Energy stocks to underperform broader market in current environment.,MARKET_OPINION
Mutual fund managers increasing cash allocation amid market volatility concerns. Large cap valuations stretched compared to historical averages and earnings growth. Waiting for correction to deploy fresh capital into equities selectively.,MARKET_OPINION
Citi analysts see Nifty reaching 24000 by December on earnings momentum. Banking sector re-rating and consumption recovery driving index upside potential. Midcap valuations concerning but large caps offering reasonable entry points.,MARKET_OPINION
Venture capital investors cautious on fintech valuations after recent correction. Funding winter expected to continue through 2024 for late stage startups. Only profitable companies with clear path to IPO attracting investor interest.,MARKET_OPINION
HSBC economists forecast RBI to maintain status quo on rates through June. Inflation trajectory and monsoon outcome key variables for policy decision ahead. Growth resilience allowing central bank to focus on price stability.,MARKET_OPINION
Barclays traders positioning for volatility spike ahead of US election cycle. Options market pricing higher implied volatility for second half of year. Defensive sectors likely to outperform during uncertainty period ahead.,MARKET_OPINION
Kotak Securities analysts bullish on PSU bank stocks for next twelve months. Credit growth acceleration and asset quality improvement supporting re-rating thesis. SBI and Bank of Baroda among top picks in the sector.,MARKET_OPINION
Fidelity portfolio managers see value in small cap stocks after recent selloff. Quality companies trading at attractive valuations compared to large cap peers. Selective stock picking approach recommended rather than broad market exposure.,MARKET_OPINION
Deutsche Bank strategists expect dollar index to strengthen further near term. Fed divergence from other central banks supporting greenback appreciation globally. Emerging market currencies likely to face pressure in coming quarters.,MARKET_OPINION
Motilal Oswal analysts expect cement sector consolidation to accelerate this year. Capacity additions by large players putting pressure on smaller regional companies. Ultratech and Shree Cement positioned to gain market share further.,MARKET_OPINION
Pension fund managers shifting allocation from bonds to infrastructure assets. Real assets providing inflation protection and stable yields in current environment. Roads and renewable energy projects attracting institutional investment flows.,MARKET_OPINION
BofA analysts see copper prices rising on energy transition demand growth. Electric vehicle adoption and grid infrastructure buildout supporting long term outlook. Mining supply constraints adding to bullish price dynamics for metal.,MARKET_OPINION
Axis Capital initiates coverage on Trent with buy rating citing growth. Westside and Zudio formats showing strong same store sales growth momentum. Retail expansion opportunity in tier 2 cities driving optimistic outlook.,MARKET_OPINION
SocGen traders expect euro to weaken against dollar to parity levels. ECB rate cuts ahead of Fed creating yield differential pressure on currency. European growth slowdown adding to bearish sentiment on single currency.,MARKET_OPINION
Franklin Templeton fund managers prefer Indian corporate bonds over government securities. Credit spreads attractive relative to default risk for high rated issuers. Banking and NBFC paper offering best risk adjusted returns currently.,MARKET_OPINION
Bernstein analysts downgrade IT sector to underweight on demand concerns. Client spending delays and GenAI disruption creating uncertainty for traditional services. TCS and Infosys likely to miss revenue growth guidance this year.,MARKET_OPINION
Sovereign wealth funds increasing real estate allocation in Indian markets. Office and retail assets in tier 1 cities attracting foreign institutional capital. Yield compression expected as more capital chases quality properties.,MARKET_OPINION
ICICI Securities analysts bullish on auto ancillary stocks for next year. EV component suppliers and export oriented companies showing strong order books. Motherson Sumi and Bharat Forge among preferred picks in sector.,MARKET_OPINION
Macquarie strategists see crude oil testing 100 dollars on supply risks. OPEC discipline and geopolitical tensions supporting higher price scenarios ahead. Oil marketing companies to face margin pressure if prices spike sharply.,MARKET_OPINION
Edelweiss wealth advisors recommending gold allocation increase in client portfolios. Precious metal providing portfolio diversification and inflation hedge benefits effectively. Sovereign gold bonds preferred vehicle for taking gold exposure.,MARKET_OPINION
BNP Paribas analysts expect steel prices to remain range bound near term. China export pressure balanced by infrastructure spending in developing markets. Domestic producers to maintain margins through cost efficiency improvements.,MARKET_OPINION
Avendus Capital sees strong IPO pipeline in consumer and technology sectors. New age companies preparing for public market listings in coming quarters. Investor appetite remains healthy for quality growth stories with profitability.,MARKET_OPINION
Standard Chartered economists project India GDP growth at 6.8 percent. Consumption recovery and investment cycle upturn supporting economic expansion momentum. Current account deficit manageable despite higher oil import bill.,MARKET_OPINION
Ambit Capital analysts cautious on quick commerce unit economics sustainability. Customer acquisition costs and delivery expenses eating into gross margins significantly. Path to profitability unclear for most players in segment.,MARKET_OPINION
State Street Global Advisors increasing India allocation in EM equity funds. Structural growth story and reform momentum differentiating India from peer markets. Financial sector exposure remains core holding in portfolio strategy.,MARKET_OPINION
Nomura traders see Nifty Bank index outperforming broader market ahead. Credit growth acceleration and margin expansion supporting sector earnings momentum. Private banks preferred over PSU banks for quality exposure.,MARKET_OPINION
Invesco fund managers optimistic on renewable energy sector growth prospects. Policy support and declining costs improving project return profiles significantly. Solar and wind developers attractive for long term investment horizon.,MARKET_OPINION
CLSA analysts expect pharma sector to see earnings upgrade cycle begin. US generic pricing stabilization and specialty portfolio growth driving optimism. Sun Pharma and Cipla among top picks for portfolio allocation.,MARKET_OPINION
Wells Fargo strategists recommend overweight position in Indian government bonds. Real yields attractive compared to EM peers and inflation trajectory supportive. Foreign investor flows likely to increase after index inclusion begins.,MARKET_OPINION
Elara Capital analysts bullish on capital goods sector order book growth. Infrastructure spending and private capex revival driving revenue visibility improvement. L&T and Siemens among preferred plays on investment theme.,MARKET_OPINION
T Rowe Price portfolio managers see selective opportunities in midcap space. Quality companies with strong earnings growth trading at reasonable valuations now. Bottom up stock selection approach recommended over thematic investing.,MARKET_OPINION
Antique Stock Broking analysts expect hotel sector to outperform Nifty. Wedding season demand and corporate travel recovery supporting occupancy rates improvement. Indian Hotels and Lemon Tree among top picks for exposure.,MARKET_OPINION
Pimco bond managers see value in Indian corporate credit relative globally. High grade issuers offering attractive spreads with low default expectations. Foreign ownership in corporate bond market likely to increase steadily.,MARKET_OPINION
YES Securities analysts upgrade cement sector to overweight on pricing power. Industry consolidation improving competitive dynamics and supporting margin expansion prospects. Volume growth to pick up with infrastructure project execution acceleration.,MARKET_OPINION
Vanguard index funds increasing India weight in emerging market allocation. Strong GDP growth and earnings momentum supporting higher country exposure decision. Passive flows to continue supporting equity market valuations ahead.,MARKET_OPINION
IIFL analysts see fertilizer sector benefiting from subsidy rationalization policy. Direct benefit transfer reducing working capital burden on manufacturers significantly. Coromandel and Chambal among preferred picks for sector exposure.,MARKET_OPINION
Capital Group portfolio managers cautious on consumer discretionary valuations. Urban consumption strong but rural demand recovery still uncertain and patchy. Selective approach recommended focusing on market leaders with pricing power.,MARKET_OPINION
Dolat Capital analysts bullish on specialty chemicals sector export growth. China plus one sourcing shift benefiting Indian manufacturers with capacities ready. Navin Fluorine and Aarti Industries among top picks for exposure.,MARKET_OPINION
Schroders asset managers see India as top pick in Asian equity allocation. Domestic growth story insulated from global slowdown concerns relatively well. Overweight position maintained despite recent outperformance versus regional peers.,MARKET_OPINION
JM Financial analysts expect telecom sector ARPU to rise further ahead. Industry consolidation and data usage growth supporting pricing power improvement. Bharti Airtel remains preferred pick over Reliance Jio for exposure.,MARKET_OPINION
Wellington Management increasing allocation to Indian private equity opportunities. Growth capital deals in consumer and healthcare sectors attracting institutional interest. Co-investment structures preferred for larger transaction participation access.,MARKET_OPINION
Prabhudas Lilladher analysts see PSU disinvestment accelerating in coming year. Government stake sale pipeline robust with market conditions supportive currently. BPCL and Concor among potential candidates for strategic sale process.,MARKET_OPINION
Aberdeen fund managers optimistic on India fixed income relative returns. Currency stability and rate cycle peak supporting bond market outlook positively. Duration extension recommended in portfolios for capital gain potential.,MARKET_OPINION
Sharekhan analysts bullish on defense sector indigenization theme plays. Order book visibility and margin improvement supporting earnings growth trajectory. HAL and Bharat Electronics among preferred picks for thematic exposure.,MARKET_OPINION
Carmignac portfolio managers see emerging market debt outperforming developed markets. High real yields and improving fundamentals supporting EM bond returns outlook. India and Brazil among preferred country allocations in portfolio.,MARKET_OPINION
Nirmal Bang analysts expect textile sector to benefit from export recovery. Cotton price normalization and demand pick up supporting margin improvement ahead. Arvind and Welspun among preferred picks for sectoral exposure.,MARKET_OPINION
Legal and General increasing passive exposure to India through ETF allocations. Index inclusion driving flows into government bonds and equity markets consistently. Systematic investment approach preferred over tactical timing decisions.,MARKET_OPINION
IDBI Capital analysts bullish on media sector advertising recovery prospects. Election spending and festive season demand supporting revenue growth outlook. Zee Entertainment and Sun TV among preferred picks for exposure.,MARKET_OPINION
Lazard asset managers see value opportunities in Indian public sector companies. Trading discounts to private peers despite improving operational performance metrics. Valuation re-rating potential exists as governance perceptions improve steadily.,MARKET_OPINION
Centrum Broking analysts expect insurance sector APE growth to accelerate. Awareness increase and product innovation driving policy sales momentum higher. HDFC Life and SBI Life among preferred picks for sector.,MARKET_OPINION
PGIM fund managers maintaining underweight position on China versus India. Regulatory overhang and growth concerns in China contrast with India momentum. Relative allocation likely to shift further toward India ahead.,MARKET_OPINION
ICICI Direct analysts bullish on hospital sector bed addition growth cycle. Capacity expansion and occupancy improvement supporting revenue visibility for chains. Apollo and Max Healthcare among top picks for healthcare exposure.,MARKET_OPINION
Mirae Asset portfolio managers see SIP flows supporting equity market resilience. Retail investor participation through systematic route providing consistent buying support. Volatility likely to be absorbed by steady domestic inflows.,MARKET_OPINION
Geojit analysts expect sugar sector to benefit from ethanol blending policy. Diversion of cane to ethanol production improving industry profitability structurally. Balrampur Chini and Triveni Engineering among preferred sector picks.,MARKET_OPINION
Eastspring Investments increasing allocation to Indian small and midcap funds. Growth companies in manufacturing and services sectors offering attractive opportunities. Quality bias maintained in stock selection to manage volatility.,MARKET_OPINION
Angel One analysts bullish on brokerage sector market share gain story. Discount brokers capturing volumes from traditional players at rapid pace. Revenue growth and margin expansion driving earnings momentum positively.,MARKET_OPINION
Neuberger Berman sees private credit opportunity expanding in Indian market. Banks deleveraging creating space for alternative lenders in mid market. Real estate and infrastructure sectors driving deal flow for credit funds.,MARKET_OPINION
Anand Rathi analysts expect retail sector footprint expansion to accelerate. Mall development and consumption growth supporting organized retail penetration gains. Avenue Supermarts and Trent among preferred picks for exposure.,MARKET_OPINION
GIC sovereign wealth fund increasing direct real estate investments in India. Data centers and logistics warehousing emerging as preferred asset classes. Long term capital committed to Indian property market strategically.,MARKET_OPINION
Motilal Oswal AMC sees manufacturing theme driving next equity market rally. PLI beneficiaries and export oriented companies offering structural growth opportunities. Thematic funds positioned to capture industrialization megatrend benefits.,MARKET_OPINION
Systematix analysts bullish on packaging sector demand growth outlook. FMCG and pharma end markets driving volume expansion for converters consistently. Huhtamaki and Uflex among preferred picks for sectoral exposure.,MARKET_OPINION
Aditya Birla Sun Life fund managers cautious on high PE growth stocks. Valuation premiums not justified by earnings growth differential in many cases. Rotation toward value stocks expected as rates remain higher.,MARKET_OPINION
PhillipCapital analysts expect agrochemical sector to benefit from normal monsoon. Crop protection demand revival and inventory normalization supporting sales recovery. UPL and PI Industries among preferred picks for sector.,MARKET_OPINION
Eastspring Investments sees Indian infrastructure bonds as attractive allocation. Long tenor assets matching liability profile for insurance company portfolios well. Yield pickup over government securities compensating for credit risk.,MARKET_OPINION
SBICAP Securities analysts bullish on gas distribution sector volume growth. CGD network expansion and industrial conversion driving demand acceleration steadily. Gujarat Gas and Mahanagar Gas among preferred sector picks.,MARKET_OPINION
TPG Capital increasing India exposure in Asia focused private equity funds. Digital economy and financial services sectors attracting growth capital investments. Control deals preferred over minority stakes for value creation.,MARKET_OPINION
Prabhudas Lilladher analysts expect power sector reforms to drive re-rating. Generation capacity addition and distribution privatization improving sector outlook positively. NTPC and Power Grid among preferred picks for exposure.,MARKET_OPINION
Northern Trust asset managers see ESG integration improving India investment case. Governance and sustainability improvements attracting long term institutional capital. Companies with strong ESG scores trading at premium valuations.,MARKET_OPINION
HDFC Securities analysts bullish on logistics sector formalization benefits. GST implementation and ecommerce growth driving organized player market share gains. Container Corporation and TCI Express among sector picks.,MARKET_OPINION
KKR private equity increasing India allocation in Asia buyout strategy. Consumer and healthcare sectors offering attractive acquisition opportunities currently. Platform building approach preferred for long term value creation.,MARKET_OPINION
Choice Broking analysts expect tile sector to benefit from real estate recovery. Branded players gaining share from unorganized segment in housing upcycle. Kajaria and Somany among preferred picks for building materials.,MARKET_OPINION
Manulife Investment Management sees India as core emerging market allocation. Demographic dividend and reform momentum supporting structural growth thesis strongly. Overweight position maintained despite near term valuation concerns.,MARKET_OPINION
SKP Securities analysts bullish on diagnostic chains capacity expansion story. Test volume growth and network expansion driving revenue momentum for leaders. Dr Lal PathLabs and Metropolis among preferred healthcare picks.,MARKET_OPINION
Temasek increasing India allocation in global portfolio rebalancing exercise. Technology and financial services sectors attracting strategic investment commitments. Long term capital partner approach differentiating from financial investors.,MARKET_OPINION
Ventura Securities analysts expect paint sector to see margin improvement. Input cost normalization and price increases supporting profitability recovery ahead. Asian Paints and Berger among preferred picks for exposure.,MARKET_OPINION
Lord Abbett fund managers see value in Indian high yield corporate bonds. Credit quality improvement and default rates decline supporting risk reward. Selectively adding exposure to well researched issuer credits.,MARKET_OPINION
Sensex closes 350 points higher at 74500 on Wednesday trading session. Banking and IT stocks led gains while FMCG sector remained flat. Market breadth was positive with advances outnumbering declines by 2 to 1.,DESCRIPTIVE
Gold prices inch higher to 71200 rupees per 10 grams in domestic markets. MCX gold futures trading with modest gains tracking firm global prices. Silver also gains marginally on positive cues from international markets.,DESCRIPTIVE
Rupee settles 12 paise lower at 83.25 against US dollar in forex trading. Currency weakened on dollar demand from importers and foreign fund outflows. RBI likely intervened to prevent sharper depreciation in local currency.,DESCRIPTIVE
Nifty ends above 22500 mark after rangebound trading through the session. Auto and metal stocks outperformed while pharma and realty lagged behind today. Turnover on NSE crossed 2 lakh crore rupees for the day.,DESCRIPTIVE
Crude oil prices rise to 82 dollars per barrel on supply concerns. Brent futures trading higher on Middle East tensions and OPEC discipline. Indian oil marketing companies monitoring prices for fuel rate revision.,DESCRIPTIVE
FIIs sell equities worth 2500 crore rupees while DIIs buy 1800 crore. Foreign investors continue to book profits after recent market rally to highs. Domestic institutional support providing floor to market during corrections.,DESCRIPTIVE
Bitcoin trades around 65000 dollars with marginal gains in 24 hours. Cryptocurrency market cap steady at 2.5 trillion dollars amid low volatility. Altcoins showing mixed performance with Ethereum flat near 3500 dollars.,DESCRIPTIVE
Tata Motors shares rise 3 percent on JLR sales data release today. Luxury vehicle maker reported strong retail sales growth in key markets. Stock trading near 52-week high with positive momentum continuing.,DESCRIPTIVE
Nifty Bank index gains 200 points led by ICICI Bank and HDFC Bank. Private sector lenders outperforming as credit growth data shows improvement. Banking sector contributing most to Nifty gains in today's session.,DESCRIPTIVE
Adani Enterprises shares fall 2 percent on profit booking by investors. Stock had rallied sharply in previous sessions on project announcement news. Broader Adani group stocks trading mixed in afternoon session today.,DESCRIPTIVE
Nifty IT index ends flat as TCS and Infosys move in opposite directions. Sector awaiting quarterly results for fresh direction on earnings outlook. HCL Tech and Wipro trading with marginal gains today.,DESCRIPTIVE
Jio Financial Services stock hits upper circuit on heavy buying interest. Counter seeing strong volumes as investors chase momentum in new listing. Stock has doubled from listing price in just two months.,DESCRIPTIVE
MCX copper futures trading lower on weak demand signals from China. Base metal prices under pressure as manufacturing data disappoints expectations. Aluminum and zinc also trading with negative bias today.,DESCRIPTIVE
Reliance Industries shares end flat after volatile trading session today. Oil to chemicals segment outlook and retail expansion driving investor interest. Stock trading in consolidation range near all-time high levels.,DESCRIPTIVE
India VIX rises 5 percent indicating increased volatility expectations ahead. Fear gauge climbing as traders hedge positions before major events. Options premiums rising across strikes on higher implied volatility.,DESCRIPTIVE
Power Grid shares gain 2 percent on order win announcement by company. State-run firm secured transmission project worth 1500 crore rupees today. Stock trading near record high with strong momentum continuing.,DESCRIPTIVE
Sun Pharma ends higher after USFDA inspection concludes at key plant. Company received no critical observations in inspection of Halol facility. Pharma stocks trading mixed as sector awaits more regulatory clarity.,DESCRIPTIVE
Nifty Realty index falls 1 percent led by DLF and Godrej Properties. Real estate stocks under pressure on profit booking after recent rally. Sector had outperformed broader market in last three months.,DESCRIPTIVE
LIC shares hit 52-week low on concerns over embedded value growth. State-run insurer facing headwinds from persistency ratios and market share loss. Stock down 30 percent from IPO price amid weak sentiment.,DESCRIPTIVE
Bharti Airtel shares touch record high on tariff hike expectations. Telecom stocks rallying as industry structure improves post consolidation completion. Company expected to report strong ARPU growth in coming quarters.,DESCRIPTIVE
Midcap index outperforms Nifty 50 by 1 percent in today's trading session. Broader market participation improving as risk appetite returns gradually. Small cap index also trading higher with positive breadth.,DESCRIPTIVE
HDFC Bank shares end marginally lower despite positive brokerage commentary. Stock consolidating after recent underperformance relative to sector peers. Market awaiting quarterly results for fresh triggers on stock.,DESCRIPTIVE
Coal India shares rise on production data showing improvement in output. State-run miner reported 10 percent higher dispatch volumes last month. Stock trading above 200-day moving average with bullish momentum.,DESCRIPTIVE
Maruti Suzuki ends flat as auto stocks see profit booking today. Company reported decent monthly sales numbers but stock priced in already. Sector awaiting festive season demand data for direction.,DESCRIPTIVE
Infosys shares trade lower after board meeting announcement for buyback. IT major expected to announce capital return program for shareholders soon. Stock down 15 percent from highs on growth concerns.,DESCRIPTIVE
Axis Bank shares gain 2 percent on news of stake sale by promoter. Insurance subsidiary stake sale expected to unlock value for shareholders. Private bank stocks outperforming PSU peers in today's session.,DESCRIPTIVE
Nifty Metal index ends higher led by Tata Steel and Hindalco rally. Steel prices firming up on supply concerns and demand improvement hopes. Sector benefiting from China output restrictions announced recently.,DESCRIPTIVE
Zomato shares decline 3 percent on block deal worth 800 crore rupees. Early investors trimming positions in quick commerce and food delivery platform. Stock still up 50 percent year to date.,DESCRIPTIVE
SBI shares end marginally higher on reports of deposit growth improvement. State-run lender seeing market share gains in retail banking segment. PSU bank stocks trading mixed in today's session overall.,DESCRIPTIVE
Cipla shares rise 4 percent after receiving ANDA approval from USFDA. Pharma company got approval for generic version of high-value drug. Stock trading near 52-week high on positive regulatory developments.,DESCRIPTIVE
Asian Paints shares fall 2 percent on concerns over margin pressure. Paint maker facing input cost headwinds and competitive intensity in market. Stock down 20 percent from all-time highs made last year.,DESCRIPTIVE
Bajaj Finance ends higher after company raises lending rates by 25 bps. NBFC leader passing on higher funding costs to borrowers effectively. Consumer finance stocks trading with positive bias in market.,DESCRIPTIVE
ITC shares trade flat in narrow range amid mixed analyst views. Cigarette major awaiting clarity on hotel demerger timeline and structure. Stock has underperformed Nifty this year despite strong earnings.,DESCRIPTIVE
L&T shares gain on reports of strong order inflow in infrastructure. Engineering major expected to report robust order book growth this quarter. Capital goods stocks outperforming on investment cycle hopes.,DESCRIPTIVE
Titan shares fall 1 percent on profit booking after recent rally. Jewelry maker had gained sharply on wedding season demand expectations. Stock trading at premium valuation to sector peers currently.,DESCRIPTIVE
UltraTech Cement shares end higher on price hike implementation news. Cement maker raised prices by 10 rupees per bag in key markets. Sector benefiting from improving demand and disciplined capacity additions.,DESCRIPTIVE
NTPC shares touch new high on power demand growth outlook reports. State-run generator benefiting from capacity additions and higher plant utilization. Power sector stocks rallying on summer demand expectations.,DESCRIPTIVE
HUL shares trade marginally lower on rural demand recovery concerns. FMCG major facing headwinds from weak consumer sentiment in hinterland markets. Stock trading below 200-day moving average currently.,DESCRIPTIVE
Wipro shares end flat ahead of quarterly results announcement next week. IT company expected to report muted growth amid client spending delays. Sector trading cautiously before earnings season begins.,DESCRIPTIVE
JSW Steel shares gain 3 percent on reports of export order wins. Steel maker securing volumes from international buyers amid weak domestic demand. Metal stocks outperforming on pricing improvement hopes.,DESCRIPTIVE
ICICI Prudential Life shares rise 2 percent on APE growth data. Private insurer reported strong new business premium growth last month. Insurance stocks trading with positive bias on sector tailwinds.,DESCRIPTIVE
Hindustan Zinc shares fall on profit booking after dividend announcement. Mining company declared interim dividend of 10 rupees per share today. Stock had rallied ahead of dividend record date recently.,DESCRIPTIVE
Tech Mahindra shares trade lower on concerns over deal wins momentum. IT company facing challenges in telecom vertical from client spending cuts. Stock underperforming sector peers on execution concerns.,DESCRIPTIVE
Dr Reddy's shares end higher after launching new product in US market. Pharma company got approval for limited competition generic opportunity. Stock trading near upper end of recent range.,DESCRIPTIVE
Bank of Baroda shares gain 2 percent on asset quality improvement news. PSU bank reported decline in gross NPA ratio in quarterly update. Banking stocks trading positive on credit growth data.,DESCRIPTIVE
Havells India shares fall 1 percent after dealer meet commentary release. Electrical goods maker seeing demand moderation in consumer durables segment. Stock trading below 50-day moving average currently.,DESCRIPTIVE
PNB shares trade flat as PSU banks consolidate after recent rally. State-run lender had gained sharply on valuation re-rating expectations. Sector awaiting quarterly results for fresh momentum.,DESCRIPTIVE
M&M shares end higher on tractor sales data showing rural demand improvement. Auto maker reported double digit growth in farm equipment volumes. Stock trading near record high on strong fundamentals.,DESCRIPTIVE
BPCL shares fall 1 percent on crude oil price increase concerns. Oil marketing company facing margin pressure from higher input costs. Government may need to revise fuel prices if crude stays elevated.,DESCRIPTIVE
Nestle India shares trade marginally higher on defensive buying interest. FMCG company seen as safe haven amid market volatility concerns. Stock trading at premium valuation on consistent performance.,DESCRIPTIVE
IndusInd Bank shares gain 3 percent on deposit growth improvement data. Private lender seeing market share gains in retail deposit segment. Banking stocks benefiting from improving sector fundamentals.,DESCRIPTIVE
Pidilite Industries shares end flat amid mixed demand outlook signals. Adhesives maker facing raw material cost pressures in some segments. Stock consolidating near recent highs before next earnings.,DESCRIPTIVE
Divi's Labs shares rise 2 percent on custom synthesis order win news. Pharma company secured multi-year contract from innovator drug company. Stock rebounding after underperforming sector in last year.,DESCRIPTIVE
Federal Bank shares trade higher on analyst upgrade to buy rating. Private lender seen as value pick in banking sector currently. Stock trading at discount to peers despite strong metrics.,DESCRIPTIVE
Shriram Finance shares gain 4 percent on vehicle finance growth data. NBFC reported strong disbursement growth in commercial vehicle segment. Stock rallying on asset quality and growth momentum.,DESCRIPTIVE
Ambuja Cements shares end marginally lower on profit booking today. Stock had rallied sharply after Adani group completed acquisition transaction. Cement sector trading mixed amid volume growth concerns.,DESCRIPTIVE
Page Industries shares fall 2 percent on premium valuation concerns. Innerwear maker trading at highest PE multiple in consumer sector. Stock down from highs despite steady earnings performance.,DESCRIPTIVE
Coforge shares trade higher on deal announcement worth 150 million dollars. IT company secured multi-year engagement with European financial services client. Stock outperforming sector on strong deal momentum.,DESCRIPTIVE
IRCTC shares end flat as railway stocks see mixed trading today. State-run ticketing company consolidating after recent volatility in counter. Retail investor interest remains high in railway theme.,DESCRIPTIVE
Grasim Industries shares gain 2 percent on paints business launch update. Birla group company entering decorative paints market next quarter. Stock trading near highs on diversification opportunity.,DESCRIPTIVE
Apollo Hospitals shares trade marginally lower on profit booking pressure. Healthcare chain had rallied sharply on bed addition expansion news. Stock trading at premium valuation to hospital sector.,DESCRIPTIVE
Vedanta shares rise 3 percent on commodity price improvement globally. Mining company benefiting from higher zinc and aluminum realizations. Stock recovering after underperforming on demerger uncertainty.,DESCRIPTIVE
Tata Consumer shares end flat amid mixed volume trends in beverages. FMCG company seeing strong growth in foods while tea remains sluggish. Stock consolidating after recent outperformance versus peers.,DESCRIPTIVE
Cholamandalam shares gain 2 percent on vehicle finance disbursement growth. NBFC reported strong traction in used car and tractor financing. Stock trading at premium to other vehicle financiers.,DESCRIPTIVE
SRF shares trade lower on concerns over chemical segment margin pressure. Specialty chemicals company facing pricing headwinds in some product lines. Stock down from highs despite strong order book.,DESCRIPTIVE
Hero MotoCorp shares end marginally higher on export market recovery news. Two-wheeler maker seeing improved demand from African and Latin American markets. Stock consolidating near 52-week high levels.,DESCRIPTIVE
Info Edge shares fall 1 percent on Zomato stake value concerns. Internet company holds significant position in food delivery platform stock. Valuation of investments impacting consolidated book value.,DESCRIPTIVE
Bajaj Auto shares trade flat as two-wheeler sector awaits festive demand. Company reported moderate domestic sales growth in monthly data. Stock trading in range ahead of quarterly results.,DESCRIPTIVE
ACC shares gain 2 percent on cement price stability in key regions. Building materials company maintaining realizations despite volume pressure. Stock trading near recent highs on improving outlook.,DESCRIPTIVE
Persistent Systems shares end higher on deal wins momentum continuation. IT company announced multiple new client additions in digital engineering. Stock outperforming sector on strong execution track record.,DESCRIPTIVE
GMR Airports shares trade marginally lower on profit booking today. Infrastructure company had rallied on passenger traffic growth data. Stock remains up significantly year to date on recovery.,DESCRIPTIVE
Torrent Pharma shares rise 3 percent on product launch announcement. Pharma company introduced new formulations in chronic therapy segment. Stock trading near 52-week high on growth momentum.,DESCRIPTIVE
Canara Bank shares end flat as PSU banks consolidate recent gains. State-run lender trading at attractive valuations compared to private peers. Sector awaiting quarterly results for direction.,DESCRIPTIVE
ABB India shares gain 2 percent on order book strength commentary. Engineering company seeing strong enquiry pipeline in electrification segment. Stock trading at premium valuation on growth visibility.,DESCRIPTIVE
Varun Beverages shares trade marginally higher on distribution expansion news. PepsiCo bottler adding new territories and product categories steadily. Stock has delivered strong returns year to date.,DESCRIPTIVE
PB Fintech shares fall 2 percent on concerns over insurance distribution margins. Policybazaar parent seeing competitive pressure in online insurance segment. Stock volatile since listing with wide trading range.,DESCRIPTIVE
SAIL shares end marginally lower on steel price decline concerns. State-run producer facing margin pressure from weak domestic realizations. Metal stocks trading mixed in today's session overall.,DESCRIPTIVE
Mphasis shares trade flat ahead of quarterly results next week. IT company expected to report steady growth in direct core business. Stock consolidating after recent underperformance versus peers.,DESCRIPTIVE
Marico shares gain 1 percent on volume growth improvement signals. FMCG company seeing traction in foods and premium personal care segments. Stock trading near upper end of recent range.,DESCRIPTIVE
ONGC shares end marginally higher on crude oil price support. State-run explorer benefiting from improved realizations on production. Stock trading at attractive dividend yield for investors.,DESCRIPTIVE
Siemens shares trade flat as capital goods sector consolidates gains. Engineering company awaiting large order wins for fresh momentum. Stock trading at premium valuation on long term prospects.,DESCRIPTIVE
Godrej Consumer shares fall 1 percent on Indonesia subsidiary concerns. FMCG company facing challenges in key international market operations. Stock underperforming sector peers on margin pressures.,DESCRIPTIVE
Lupin shares rise 2 percent on complex generic approval news. Pharma company received USFDA nod for limited competition product. Stock recovering from lows on improving US business outlook.,DESCRIPTIVE
PFC shares end higher on strong disbursement growth in power sector. State-run lender seeing robust demand from renewable energy projects. Stock trading near 52-week high on sector tailwinds.,DESCRIPTIVE
Bitcoin plunges 18 percent in two hours as major exchange faces liquidity crisis. Traders report withdrawal delays and frozen accounts across the platform. Panic selling spreads to other cryptocurrencies as contagion fears grip markets.,BREAKING_NEWS
Trading halted on NSE due to widespread technical glitch affecting orders. Multiple brokers report execution failures and position mismatches in live market. Exchange working to restore systems as traders await clarity on open positions.,BREAKING_NEWS
Sensex crashes 1200 points in final hour as global selloff intensifies sharply. Circuit breaker triggered for first time in three years on heavy selling. FIIs dump stocks worth record amount as risk-off sentiment grips markets.,BREAKING_NEWS
RBI announces emergency liquidity support for stressed NBFC facing redemption pressure. Central bank steps in after reports of payment defaults to mutual funds. Move aims to prevent contagion spreading to broader financial system.,BREAKING_NEWS
Adani group stocks circuit down across board after fresh short seller allegations. Combined market cap erodes by 2 lakh crore rupees in single session. Trading suspended in multiple group companies as volatility limits breached.,BREAKING_NEWS
Yes Bank shares frozen at lower circuit after RBI imposes moratorium on withdrawals. Deposit withdrawals capped at 50000 rupees per account for 30 days. Customers queue outside branches as uncertainty grips account holders nationwide.,BREAKING_NEWS
Crude oil spikes 15 percent after drone attack on Saudi Aramco facilities. Brent crude jumps to 75 dollars as supply disruption fears grip markets. Energy stocks surge while airline and paint companies face margin pressure.,BREAKING_NEWS
DHFL defaults on commercial paper redemption triggering NBFC sector selloff. IL&FS crisis memories resurface as credit markets freeze for lower rated issuers. Mutual funds with exposure see heavy redemption pressure from nervous investors.,BREAKING_NEWS
Nifty tanks 600 points in opening trade as US recession fears intensify. All sectoral indices in deep red with metals and banks leading losses. VIX spikes 40 percent signaling extreme fear among market participants.,BREAKING_NEWS
LIC receives emergency capital infusion from government to shore up solvency margins. Insurance major faces asset liability mismatch after equity market rout. Policyholders assured that claims will be honored without any delay.,BREAKING_NEWS
Paytm Payments Bank ordered to stop onboarding new customers by RBI. Regulator cites material supervisory concerns in compliance and governance areas. Stock crashes 20 percent as business model viability comes under question.,BREAKING_NEWS
Rupee breaches 85 against dollar for first time in history during trading. RBI intervenes heavily selling dollars but currency continues to slide lower. Importers scramble to hedge exposure as volatility spikes in forex markets.,BREAKING_NEWS
Major data breach reported at leading private sector bank affecting millions. Customer account details and transaction history allegedly leaked on dark web. Bank assures no financial loss but customers advised to monitor accounts closely.,BREAKING_NEWS
Jet Airways suspends all operations indefinitely after failing to secure emergency funding. Thousands of passengers stranded at airports with flights cancelled immediately. Employees face uncertain future as airline runs out of cash reserves.,BREAKING_NEWS
Flash crash wipes out 500 points from Nifty in 10 minutes of trading. Algorithmic trading suspected as orders cascade through interconnected systems rapidly. Exchange halts trading in derivatives segment to assess market integrity.,BREAKING_NEWS
Ethereum drops 25 percent in 4 hours as major DeFi protocol gets exploited. Hackers drain 500 million dollars from smart contract vulnerability discovered today. Crypto market cap loses 200 billion dollars in panic selling wave.,BREAKING_NEWS
SEBI suspends trading in four Adani group companies pending investigation completion. Regulator acts on concerns over offshore fund ownership and disclosure violations. Group stocks that were trading crash to lower circuits immediately.,BREAKING_NEWS
Franklin Templeton announces winding up of six debt schemes affecting lakhs. Fund house cites severe illiquidity in credit markets for unprecedented decision. Unitholders face uncertain recovery timeline as assets stuck in stressed papers.,BREAKING_NEWS
Power outage hits Mumbai and surrounding areas as grid fails unexpectedly. Stock exchanges shift to disaster recovery sites to continue trading operations. Local trains halted and traffic signals fail causing widespread disruption.,BREAKING_NEWS
PMC Bank customers protest outside RBI after withdrawal limits imposed suddenly. Cooperative bank faces massive fraud exposure estimated at 4000 crore rupees. Depositors fear losing life savings as investigations reveal deep irregularities.,BREAKING_NEWS
Gold spikes 100 dollars in single session as Middle East conflict escalates sharply. Safe haven rush intensifies with silver and bonds also surging higher. Equity markets tumble as investors flee to safety amid war concerns.,BREAKING_NEWS
Byju's misses salary payments for second consecutive month to thousands of employees. Edtech giant faces severe cash crunch as investors delay fresh funding. Stock of listed subsidiary crashes 30 percent on parent company concerns.,BREAKING_NEWS
Bank of Baroda suspends several executives after large fraud detected in diamond financing. Exposure to fugitive jeweller estimated at over 13000 crore rupees. CBI registers case as investigation into lapses begins immediately.,BREAKING_NEWS
Tata Motors shares tank 10 percent after JLR reports steep China sales decline. Luxury car maker faces inventory pileup and margin pressure in key market. Management announces emergency cost cutting measures to preserve cash flow.,BREAKING_NEWS
Axis Bank whistle-blower alleges widespread NPAs hidden through evergreening of loans. Stock crashes 8 percent as RBI orders immediate inspection of books. Management denies allegations but investor confidence shaken by revelations.,BREAKING_NEWS
SpiceJet aircraft makes emergency landing after engine catches fire mid-flight. All passengers safe but airline faces DGCA scrutiny over maintenance standards. Stock crashes 15 percent on safety concerns and operational disruptions.,BREAKING_NEWS
Hindenburg Research releases new report alleging fraud at major Indian conglomerate. Target company stock crashes 25 percent within minutes of report publication. Market regulator SEBI announces investigation into allegations raised immediately.,BREAKING_NEWS
Nifty plunges 800 points as Russia Ukraine conflict escalates to new levels. European markets crash 5 percent with Asian indices following lower sharply. Crude oil and gold spike as risk-off trade dominates global markets.,BREAKING_NEWS
Cryptocurrency exchange Vauld suspends withdrawals citing financial difficulties immediately. Platform holds customer assets worth over 350 million dollars currently. Users panic as fears of insolvency spread across crypto community.,BREAKING_NEWS
ICICI Bank CEO on leave after conflict of interest allegations surface publicly. Bank stock falls 7 percent on governance concerns raised by whistle-blower. Board meets to assess situation and announce interim leadership arrangements.,BREAKING_NEWS
Sun Pharma faces FDA import alert on key manufacturing facility in India. Stock crashes 12 percent as company loses access to major US market. Management scrambles to address observations and restore regulatory compliance.,BREAKING_NEWS
Rana Kapoor arrested by ED in money laundering case related to Yes Bank. Former CEO allegedly diverted thousands of crores through shell companies overseas. Bank stock crashes to new lows on fresh revelations about past dealings.,BREAKING_NEWS
Go First airline files for insolvency after Pratt Whitney engine disputes escalate. Fleet grounded as lessor disputes and vendor payments remain unpaid currently. Passengers left stranded as operations suspended without prior notice today.,BREAKING_NEWS
NDTV stock hits upper circuit as Adani group launches open offer to shareholders. Hostile takeover attempt catches market by surprise amid ownership battle. Promoters scramble to find white knight investor to block acquisition.,BREAKING_NEWS
WazirX crypto exchange freezes withdrawals after 230 million dollar hack discovered. Platform reports unauthorized transfer from multisig wallet to unknown address. Users fear total loss as exchange promises investigation and recovery efforts.,BREAKING_NEWS
Reliance Home Finance faces insolvency proceedings after defaults to multiple lenders. NBFC arm of Reliance Capital group unable to service debt obligations. Thousands of depositors and bondholders face uncertain recovery prospects ahead.,BREAKING_NEWS
IL&FS defaults send shockwaves through NBFC sector and mutual fund industry. Debt papers worth 91000 crore rupees face impairment across multiple entities. Government announces takeover of board to prevent systemic crisis spreading.,BREAKING_NEWS
Lakshmi Vilas Bank placed under moratorium as RBI proposes merger with DBS. Deposit withdrawals restricted as private lender faces capital adequacy breach. Customers queue outside branches seeking clarity on their savings status.,BREAKING_NEWS
Crypto lender Celsius Network pauses withdrawals and transfers citing extreme market conditions. Platform holds billions in customer deposits now frozen indefinitely today. Bitcoin drops below 20000 dollars as contagion fears spread widely.,BREAKING_NEWS
Infosys faces massive outage affecting income tax portal during filing deadline. Taxpayers unable to access portal as system buckles under load pressure. Government extends filing deadline as criticism mounts over vendor performance.,BREAKING_NEWS
BPCL refinery fire causes evacuation of nearby areas in Maharashtra today. Emergency services deployed as company works to contain blaze at facility. Stock falls 5 percent on production disruption and safety concerns.,BREAKING_NEWS
Vodafone Idea shares crash 25 percent after Supreme Court AGR verdict upheld. Telecom company faces 50000 crore rupees dues with limited payment capacity. Survival of third largest operator now uncertain without government relief.,BREAKING_NEWS
Zee Entertainment promoter pledged shares invoked by lenders triggering circuit breaker. Stock crashes 30 percent as forced selling overwhelms buy orders completely. Company seeks emergency funding to prevent hostile takeover attempt.,BREAKING_NEWS
Sebi bans PwC from auditing listed companies for two years over Satyam fraud. Big Four audit firm faces unprecedented regulatory action in India market. Multiple listed companies scramble to find replacement auditors before deadline.,BREAKING_NEWS
Karvy Stock Broking client securities pledged illegally for loans worth 2000 crores. SEBI suspends broker license as clients face losses on holdings transferred. Exchange blocks settlements as investigation into misuse of client securities begins.,BREAKING_NEWS
FTX bankruptcy sends shockwaves through crypto markets globally as contagion spreads. Bitcoin crashes below 16000 dollars as exchange collapse triggers mass liquidations. Indian investors with funds stuck on platform face uncertain recovery.,BREAKING_NEWS
Terra Luna crashes 99 percent in days as algorithmic stablecoin depegs catastrophically. Billions in investor wealth wiped out as death spiral accelerates uncontrollably. Crypto market loses 500 billion dollars in historic week of carnage.,BREAKING_NEWS
ABG Shipyard fraud worth 23000 crores comes to light in CBI investigation. Largest banking fraud in India history involved consortium of 28 banks. Stock exchanges delist company as criminal proceedings begin against promoters.,BREAKING_NEWS
RBI supersedes board of Reliance Capital appointing administrator immediately today. NBFC faces insolvency proceedings after multiple payment defaults to creditors. Policyholders of insurance subsidiaries assured of protection under regulations.,BREAKING_NEWS
Shares of 63 Moons crash after NSEL payment crisis resurfaces in markets. Exchange parent faces 5600 crore default impacting thousands of retail investors. Court orders attachment of assets as recovery proceedings begin formally.,BREAKING_NEWS
US January CPI comes in at 3.1 percent year-on-year versus 3.4 percent expected. Core CPI at 3.9 percent slightly beats estimates while headline inflation cools. Fed rate cut expectations shift to June from March on sticky services.,BREAKING_NEWS
India Q3 GDP growth at 8.4 percent surprises significantly on upside versus consensus. Manufacturing sector leads expansion at 11.6 percent on strong investment demand. Full year growth now expected above 7 percent by most economists.,DATA_RELEASE
US adds 353000 jobs in January crushing expectations of 185000 additions forecast. Unemployment rate holds at 3.7 percent with wages rising 4.5 percent annually. Fed likely to delay rate cuts as labor market remains exceptionally tight.,DATA_RELEASE
India retail inflation falls to 5.1 percent in January from 5.7 percent earlier. Food inflation moderates on vegetable price correction after winter arrival impact. RBI expected to hold rates steady in February policy meeting now.,DATA_RELEASE
China manufacturing PMI contracts to 49.2 in January below 50 threshold again. Factory activity shrinking for fourth consecutive month on weak domestic demand. Stimulus expectations rise as economic recovery remains fragile and uneven.,DATA_RELEASE
US retail sales drop 0.8 percent in January missing expectations of flat reading. Consumer spending weakness raises concerns about economic momentum going forward. Treasury yields fall as bond markets price in more Fed rate cuts.,DATA_RELEASE
India trade deficit narrows to 17.5 billion dollars in January from 19.8 billion. Exports rise 3.2 percent while imports decline on lower oil prices month. Current account outlook improves on better trade balance trajectory ahead.,DATA_RELEASE
Euro zone inflation falls to 2.8 percent in January approaching ECB target gradually. Core inflation at 3.3 percent still elevated but trending in right direction. Rate cut expectations for April strengthen on improving price outlook.,DATA_RELEASE
India IIP growth at 3.8 percent in December versus 2.4 percent in November earlier. Manufacturing output rises 3.9 percent on festive season demand boost impact. Capital goods production improves signaling investment cycle pickup ahead.,DATA_RELEASE
US core PCE inflation rises 0.4 percent in January above 0.2 percent expected. Fed preferred inflation gauge at 2.8 percent annually remains above target level. Rate cut expectations pushed back as price pressures persist stubbornly.,DATA_RELEASE
India GST collection at 1.72 lakh crore rupees in January up 10.4 percent. Highest monthly collection reflecting strong economic activity and compliance improvement. Full year collection on track to exceed 20 lakh crore target.,DATA_RELEASE
UK GDP contracts 0.3 percent in Q4 with economy entering technical recession officially. Services and production sectors both decline as high rates impact demand negatively. Bank of England faces pressure to cut rates despite sticky inflation.,DATA_RELEASE
India forex reserves fall 5.4 billion dollars to 616.7 billion in latest week. RBI likely intervened to support rupee amid dollar strength and FII outflows. Reserve cover still comfortable at over 10 months of imports.,DATA_RELEASE
US housing starts jump 14.8 percent in January beating expectations of 5 percent. Single family construction surges as builders respond to inventory shortage situation. Mortgage rates decline supports housing market recovery from recent lows.,DATA_RELEASE
India core sector output grows 7.6 percent in December versus 7.8 percent November. Coal and electricity production lead gains while crude oil declines marginally. Infrastructure activity remains robust supporting GDP growth momentum ahead.,DATA_RELEASE
China Q4 GDP grows 5.2 percent year-on-year meeting government target for 2023. Full year growth at 5.2 percent despite property sector headwinds and weak exports. Stimulus support and consumption recovery driving economic stabilization gradually.,DATA_RELEASE
India unemployment rate rises to 7.6 percent in December from 7.0 percent earlier. Rural unemployment increases sharply while urban employment remains relatively stable. Labor force participation rate edges lower on seasonal factors impact.,DATA_RELEASE
US existing home sales fall 1.0 percent in January to 4 million annual rate. Housing affordability remains challenged despite recent decline in mortgage rates. Inventory shortage persists with months supply at historically low levels.,DATA_RELEASE
India WPI inflation turns positive at 0.27 percent in January after 9 months. Fuel and power prices rise while food articles inflation remains elevated. RBI watching wholesale prices for leading indicator of retail inflation.,DATA_RELEASE
Euro zone GDP flat in Q4 avoiding technical recession by narrow margin barely. Germany contracts while France and Spain show modest positive growth rates. ECB rate cuts likely to begin in April on weak growth outlook.,DATA_RELEASE
India auto sales rise 13 percent in January with PV segment leading growth. Two-wheeler sales up 19 percent on rural demand recovery post harvest. Commercial vehicle segment lags on high base and fleet utilization normalization.,DATA_RELEASE
US initial jobless claims fall to 187000 lowest level in over a year. Labor market remains exceptionally tight despite Fed rate hikes over past year. Continuing claims at 1.8 million suggest jobs still readily available.,DATA_RELEASE
India services PMI at 61.8 in January highest reading in 13-year data series. New business inflows accelerate with both domestic and export orders strong. Employment growth picks up as services sector expansion continues robustly.,DATA_RELEASE
China exports fall 2.3 percent in January missing expectations of 1.5 percent growth. Lunar New Year distortions complicate data reading for external demand assessment. Trade surplus at 72 billion dollars still supportive of current account.,DATA_RELEASE
India bank credit grows 16.5 percent year-on-year in January latest data. Retail and services sectors drive loan growth while industry credit lags behind. Deposit growth at 13.2 percent trails credit creating funding gap concerns.,DATA_RELEASE
US consumer confidence index jumps to 114.8 in January above 108 expected. Present situation and expectations components both improve significantly this month. Retail sales outlook supported by stronger consumer sentiment readings ahead.,DATA_RELEASE
India FDI inflows at 4.9 billion dollars in December quarter down 24 percent. Manufacturing and services sectors see lower investment versus last year period. Government targeting policy reforms to revive foreign investment momentum.,DATA_RELEASE
Euro zone unemployment rate steady at 6.4 percent in December matching expectations. Youth unemployment improves while long-term unemployment remains elevated in periphery. Labor market resilience supporting consumption despite manufacturing weakness observed.,DATA_RELEASE
India cement production grows 11.8 percent in December on infrastructure push. Housing and road construction demand driving capacity utilization higher steadily. Industry expects double digit growth to continue through current fiscal year.,DATA_RELEASE
US durable goods orders fall 6.1 percent in January on aircraft orders volatility. Core capital goods orders rise 0.1 percent suggesting business investment holding. Manufacturing sector outlook remains mixed with orders and shipments diverging.,DATA_RELEASE
India steel production at 12.8 million tonnes in January up 8 percent annually. Domestic consumption rising on infrastructure and real estate demand improvement. Exports decline as China dumping pressures global steel prices lower.,DATA_RELEASE
UK retail sales plunge 3.2 percent in January worst reading in three years. Discretionary spending drops sharply as cost of living pressures persist. Retailers warning of challenging conditions ahead with margins under pressure.,DATA_RELEASE
India mutual fund AUM at 52.7 lakh crore rupees in January record high. Equity funds see net inflows of 21000 crore rupees in month. SIP flows at 18800 crore rupees continuing strong retail participation trend.,DATA_RELEASE
US industrial production falls 0.1 percent in January below flat expected. Manufacturing output declines 0.5 percent on auto sector weakness impact. Capacity utilization drops to 78.5 percent signaling slack in industrial economy.,DATA_RELEASE
India gold imports jump 65 percent in January to 6.3 billion dollars value. Festive and wedding season demand driving volumes higher despite elevated prices. Trade deficit widens on precious metals import surge this month.,DATA_RELEASE
China CPI falls 0.8 percent year-on-year in January deepening deflation concerns. Consumer prices declining for fourth month on weak demand and overcapacity. PBOC expected to ease policy further to combat deflationary pressures.,DATA_RELEASE
India electricity generation grows 7.1 percent in January on industrial demand. Thermal power plants running at higher utilization on coal availability improvement. Renewable energy share in generation mix rises to 12 percent.,DATA_RELEASE
US building permits rise 1.5 percent in January signaling future construction activity. Multi-family permits surge while single family permits decline on rate sensitivity. Housing starts pipeline improving as mortgage rates stabilize lower.,DATA_RELEASE
India food grain production estimated at record 330 million tonnes this year. Kharif output strong while Rabi sowing progressing well on moisture availability. Government confident of maintaining buffer stocks and price stability.,DATA_RELEASE
Euro zone consumer confidence improves to minus 16.1 in January from minus 18. Sentiment recovering gradually as inflation falls and real wages stabilize. Retail spending outlook brightening for coming months on data.,DATA_RELEASE
India IT services exports at 19.8 billion dollars in Q3 up 4 percent. North America and Europe markets driving revenue growth despite macro headwinds. Deal wins improving with digital transformation spending remaining resilient.,DATA_RELEASE
US new home sales rise 8 percent in January to 661000 annual rate. Builders offering incentives to attract buyers amid tight resale inventory conditions. Median new home price falls 2 percent as builders adjust pricing.,DATA_RELEASE
India coal production at 103 million tonnes in January up 10 percent annually. Coal India ramping up output to meet power sector demand requirements. Imports declining as domestic availability improves on higher production.,DATA_RELEASE
Japan manufacturing PMI contracts to 48 in January below expectations reading. Factory activity weak on softer demand from China and global markets. BOJ likely to delay rate normalization on weak economic data.,DATA_RELEASE
India highway construction at 34 kilometers per day in January above target. NHAI execution improving on land acquisition and funding availability factors. Full year target of 12500 kilometers likely to be achieved.,DATA_RELEASE
US GDP grows 3.3 percent in Q4 annualized above 2 percent expected consensus. Consumer spending and business investment drive stronger than expected expansion. Soft landing hopes rise as economy grows despite high interest rates.,DATA_RELEASE
India fertilizer sales at 42 lakh tonnes in January on Rabi crop demand. Urea and DAP consumption higher versus last year on better sowing. Subsidy outgo expected to remain elevated on volume and price factors.,DATA_RELEASE
Euro zone PMI composite rises to 48.9 in January approaching expansion threshold. Services sector improves while manufacturing remains in contraction territory still. Economic activity stabilizing after weak Q4 GDP performance observed.,DATA_RELEASE
India FPI flows positive at 19500 crore rupees in January after two months. Debt markets see inflows ahead of index inclusion while equity mixed. Rupee appreciates marginally on improved foreign investor sentiment currently.,DATA_RELEASE
US trade deficit narrows to 62.2 billion dollars in December below expected. Exports rise on services and aircraft while imports decline on oil. Full year deficit at 773 billion dollars lowest in three years.,DATA_RELEASE
India passenger vehicle sales at 3.99 lakh units in January up 11 percent. SUV segment continues to drive growth with market share above 55 percent. EV sales at 6500 units growing rapidly from low base.,DATA_RELEASE
China retail sales grow 7.4 percent in January above 6 percent expected. Lunar New Year holiday spending boosts consumption after weak 2023 readings. Consumer recovery gaining traction as confidence gradually improves now.,DATA_RELEASE
India NBFCs report AUM growth of 18 percent in Q3 versus year ago. Retail lending drives expansion while wholesale book remains under pressure. Asset quality stable with NPAs at 2.8 percent of advances.,DATA_RELEASE
US consumer spending rises 0.2 percent in January below 0.4 percent expected. Personal income grows 1 percent on wage gains and transfer payments. Savings rate at 3.8 percent as consumers remain cautious spending.,DATA_RELEASE
India tea production at 125 crore kilograms in 2023 up 4 percent. Assam and West Bengal estates report higher output on favorable weather. Export demand strong with shipments to Russia and Middle East growing.,DATA_RELEASE
Euro zone M3 money supply grows 0.1 percent in December first positive reading. Credit to private sector still contracting on high borrowing costs impact. ECB watching monetary aggregates for signs of policy transmission.,DATA_RELEASE
India pharma exports at 2.3 billion dollars in January up 7 percent. US generic market demand and Africa shipments driving growth momentum. API exports improving as China supply chain concerns persist.,DATA_RELEASE
US ISM services PMI at 53.4 in January above 52 expected reading. Business activity and new orders both expanding at solid pace. Employment index rises suggesting hiring momentum in services sector.,DATA_RELEASE
India textiles exports at 3.2 billion dollars in January down 5 percent. Bangladesh and Vietnam competition impacting market share in key destinations. PLI scheme benefits expected to improve competitiveness over time.,DATA_RELEASE
Japan CPI inflation slows to 2.2 percent in January from 2.6 percent. Energy subsidy effects and base effects driving moderation in prices. BOJ under less pressure to raise rates as inflation cools.,DATA_RELEASE
India startup funding at 1.8 billion dollars in January down 40 percent. Early stage deals dominate as growth stage funding remains scarce. Fintech and enterprise tech sectors attracting most investor interest.,DATA_RELEASE
US JOLTS job openings at 9 million in December above 8.7 million expected. Labor market still tight with 1.4 openings per unemployed worker. Quits rate stable suggesting workers confident about job prospects.,DATA_RELEASE
India port cargo volumes at 67 million tonnes in January up 9 percent. Container traffic leads growth while bulk cargo shows mixed trends. Private port operators gaining market share from major ports.,DATA_RELEASE
Euro zone bank lending to businesses falls 0.5 percent in December annually. Credit contraction deepening as rate hikes impact borrowing appetite negatively. ECB monitoring lending conditions for monetary policy calibration decisions.,DATA_RELEASE
India insurance premium collection at 28000 crore rupees in January up 12 percent. Life insurance grows 10 percent while general insurance rises 18 percent. Bancassurance channel driving retail policy sales growth momentum.,DATA_RELEASE
UK inflation falls to 4 percent in January from 4.2 percent December reading. Core inflation at 5.1 percent still elevated on services price pressures. Bank of England expected to start cutting rates by mid-year.,DATA_RELEASE
India power consumption at 145 billion units in January up 8 percent. Industrial and commercial demand driving growth amid economic expansion momentum. Peak demand touches new highs requiring additional generation capacity.,DATA_RELEASE
US ADP private payrolls rise 107000 in January below 148000 expected. Hiring slowing from previous months pace as labor market gradually normalizes. Services sector adds most jobs while goods producing sector flat.,DATA_RELEASE
India crude oil imports at 22 million tonnes in January steady annually. Discounted Russian crude share rises to 35 percent of total imports. Refinery throughput at record levels on strong domestic fuel demand.,DATA_RELEASE
China new home prices fall 0.4 percent in January from December levels. Property sector weakness persisting despite government support measures announced. Developer bond defaults continuing as liquidity crisis extends further.,DATA_RELEASE
India microfinance portfolio at 3.9 lakh crore rupees up 22 percent annually. Rural credit demand driving growth as economic activity broadens significantly. Asset quality stable despite concerns over borrower leverage levels.,DATA_RELEASE
US Michigan consumer sentiment rises to 79 in January above 78.9 expected. Inflation expectations moderate to 2.9 percent one year ahead outlook. Buying conditions improve as consumers feel better about economy.,DATA_RELEASE
India highway toll collection at 5200 crore rupees in January up 18 percent. FASTag adoption driving efficiency and revenue growth for NHAI steadily. Vehicle traffic volumes rising on economic and travel activity.,DATA_RELEASE
Euro zone industrial production falls 1.1 percent in December on energy costs. German manufacturing weakness dragging down broader European output readings. Capacity utilization declining as orders remain subdued across sector.,DATA_RELEASE
India urea imports at 1.2 million tonnes in January for Rabi season. Domestic production meeting 80 percent of demand with imports filling gap. Subsidy burden on government rising on higher international prices.,DATA_RELEASE
US PPI rises 0.3 percent in January above 0.1 percent expected reading. Producer prices suggest pipeline inflation pressures not fully contained yet. Fed watching goods and services components for inflation trajectory.,DATA_RELEASE
India domestic air passenger traffic at 1.45 crore in January up 7 percent. IndiGo maintains market leadership with 60 percent share of passengers. Capacity additions continuing as airlines expand fleet and routes.,DATA_RELEASE
Japan GDP grows 0.4 percent in Q4 avoiding technical recession narrowly. Private consumption weak while business investment provides modest support. BOJ likely to maintain accommodative policy despite inflation above target.,DATA_RELEASE
India tractor sales at 82000 units in January up 12 percent annually. Rural demand recovery and harvest proceeds driving agricultural equipment purchases. Rabi crop outlook strong supporting farm sector sentiment positively.,DATA_RELEASE
US empire manufacturing index at minus 2.4 in January above minus 5 expected. New orders and shipments improving though still below expansion levels. Manufacturing sector stabilizing after prolonged period of contraction.,DATA_RELEASE
India hotel occupancy at 68 percent in January up from 62 percent last year. RevPAR rises 15 percent on strong demand and room rate improvement. Business and leisure travel both contributing to recovery momentum.,DATA_RELEASE
China industrial production grows 6.8 percent in January above 6 percent expected. Manufacturing output strong on electronics and auto sector production surge. Fixed asset investment at 3 percent as property weakness persists.,DATA_RELEASE
India railway freight loading at 132 million tonnes in January up 5 percent. Coal and iron ore traffic drives volumes while cement shows mixed trends. Dedicated freight corridor capacity addition improving efficiency gradually.,DATA_RELEASE
SEBI circular mandates dematerialization of securities for private companies with specified paid-up capital. Companies meeting threshold must convert physical shares to demat form within 18 months. The move aims to improve transparency and prevent fraudulent share transfers.,EXPLANATORY
How the new FSSAI regulations impact packaged food labeling requirements in India. Manufacturers must display nutritional information in standardized format on front of pack. Sugar salt and fat content warnings mandatory for products exceeding thresholds.,EXPLANATORY
RBI framework for classification of domestic systemically important banks explained clearly. Banks meeting asset size and interconnectedness criteria face additional capital requirements. The D-SIB framework ensures too big to fail institutions have higher loss absorption.,EXPLANATORY
Understanding the new Companies Act provisions for auditor rotation requirements for listed entities. Listed companies must change auditors every five years for individuals and ten for firms. Cooling off period of five years applies before same auditor reappointment.,EXPLANATORY
SEBI guidelines on minimum public shareholding for listed companies in India explained. All listed entities must maintain 25 percent public float within prescribed timeline. Non-compliant companies face penal actions including trading suspension and delisting.,EXPLANATORY
How the new labor codes consolidate 29 existing laws into four comprehensive frameworks. Social security code covers ESI PF and gratuity under single legislation. Industrial relations code simplifies trade union registration and dispute resolution significantly.,EXPLANATORY
RBI regulations on bank guarantees and letters of credit explained for exporters. Authorized dealers can issue guarantees subject to foreign exchange management guidelines. Documentation and reporting requirements specified for trade finance instruments clearly.,EXPLANATORY
Understanding cryptocurrency self-custody and wallet security best practices for retail investors. Hardware wallets provide offline storage protection against exchange failures and hacking attempts. Recovery phrase backup essential for regaining access if device lost.,EXPLANATORY
SEBI framework for investor protection fund and customer protection fund at exchanges. Stock exchanges maintain IPF to compensate investors for broker defaults. CPF covers claims from customers of depository participants for securities shortages.,EXPLANATORY
How the SARFAESI Act enforcement works for secured lenders recovering dues from NPAs. Banks can issue 60-day notice before taking possession of secured assets. Borrower can appeal to DRT within 45 days of possession notice.,EXPLANATORY
RBI guidelines on gold loans and LTV ratios for banks and NBFCs explained. Maximum loan to value ratio capped at 75 percent for all gold loans. Bullet repayment loans require periodic interest servicing to avoid concerns.,EXPLANATORY
Understanding the PM Kisan scheme and direct benefit transfer mechanism to farmers. Eligible farming households receive 6000 rupees annually in three equal installments. Aadhaar seeding and land record verification mandatory for receiving benefits.,EXPLANATORY
SEBI regulations on fractional ownership platforms for real estate investments in India. SEBI registered managers can offer minimum investment of 10 lakh rupees. Disclosure requirements and valuation norms specified for fractional ownership schemes.,EXPLANATORY
How the Companies Act provisions for related party transactions work in practice. Board approval required for material transactions with connected persons. Audit committee reviews all RPTs while shareholders approve transactions above threshold.,EXPLANATORY
RBI framework for unified payments interface and transaction limit enhancements explained. UPI transaction limit increased to 5 lakh rupees for specific categories. NPCI manages interoperability between banks and payment service providers.,EXPLANATORY
Understanding RERA provisions for homebuyer protection and builder accountability in India. Developers must register projects and deposit 70 percent of collections in escrow. Buyers can file complaints with RERA authority for project delays.,EXPLANATORY
SEBI guidelines on offer documents for public issues and disclosure requirements clearly. Prospectus must contain risk factors business description and financial statements. SEBI review process ensures adequate disclosure before public offering opens.,EXPLANATORY
How the insolvency resolution framework works for personal guarantors to corporate debtors. NCLT can initiate proceedings against guarantors after corporate debtor resolution. Repayment plan and fresh start provisions available for individual insolvency.,EXPLANATORY
RBI regulations on external commercial borrowings and hedging requirements for companies explained. Companies borrowing in foreign currency must hedge minimum 70 percent exposure. All-in-cost ceiling and end-use restrictions apply to ECB borrowings.,EXPLANATORY
Understanding competition law provisions for merger control and CCI approval in India. Combinations above asset and turnover thresholds require CCI approval before completion. Green channel available for combinations with no horizontal overlaps.,EXPLANATORY
SEBI framework for alternative investment funds and regulatory categorization requirements. AIFs categorized into three classes based on investment strategy and risk profile. Category III funds face enhanced disclosure and leverage reporting requirements.,EXPLANATORY
How the Goods and Services Tax input tax credit mechanism works for registered businesses. Registered dealers can claim credit for GST paid on purchases against output liability. Invoice matching on GST portal ensures seller compliance before credit.,EXPLANATORY
RBI guidelines on retail participation in government securities through RBI Retail Direct. Individual investors can open gilt accounts directly with central bank. Minimum investment of 10000 rupees with no maximum limit for retail.,EXPLANATORY
Understanding the new pension rules for government employees under NPS framework. Central government employees joining after 2004 covered under defined contribution scheme. PFRDA regulates fund managers and annuity service providers in NPS.,EXPLANATORY
SEBI regulations on research reports and distribution by stock brokers to clients. Brokers must disclose research analyst ratings and price targets clearly. Conflict of interest disclosures mandatory when broker has trading interest.,EXPLANATORY
How the Prevention of Money Laundering Act reporting obligations work for entities. Regulated entities must file STRs within 7 days of suspicion arising. CTRs for cash transactions above 10 lakh filed monthly with FIU.,EXPLANATORY
RBI framework for targeted long term repo operations and liquidity management mechanism. TLTRO provides banks with three-year funds at repo rate for sectors. Banks must deploy funds in investment grade bonds within 30 days.,EXPLANATORY
Understanding agricultural produce marketing reforms and e-NAM platform benefits for farmers. Electronic trading platform connects farmers with buyers across state boundaries. Price discovery mechanism ensures better realization through competitive bidding.,EXPLANATORY
SEBI guidelines on buyback through stock exchange and tender offer routes explained. Companies can repurchase up to 25 percent of paid-up capital through buyback. Tender offer route mandatory for buybacks above specified thresholds.,EXPLANATORY
How the IBC moratorium provisions affect creditor claims against corporate debtor. Fresh suits and proceedings against debtor stayed during resolution period. Moratorium ensures going concern value preserved for optimal resolution outcome.,EXPLANATORY
RBI regulations on bank branch authorization and licensing norms for private banks. Private banks need prior approval for opening branches in certain categories. Tier distribution requirements ensure banking reach in underserved areas.,EXPLANATORY
Understanding the SEBI cyber security framework for stock exchanges and intermediaries. Market infrastructure institutions must implement CERT-In security standards strictly. Incident reporting and business continuity requirements specified for systemic entities.,EXPLANATORY
How the export promotion capital goods scheme works for manufacturers in India. Importers of capital goods get duty exemption against export obligations. Six-year period for fulfilling export obligation with extension provisions.,EXPLANATORY
RBI guidelines on remittance facilities under Liberalized Remittance Scheme for residents. Resident individuals can remit up to 2.5 lakh dollars annually abroad. Prohibited transactions include margin trading and lottery ticket purchases.,EXPLANATORY
Understanding the NCLT admission process for insolvency petitions against defaulting companies. Financial creditors can file application for claims above 1 crore rupees default. Tribunal must admit or reject within 14 days of filing.,EXPLANATORY
SEBI framework for municipal bonds and disclosure requirements for urban local bodies. Urban local bodies can raise funds through listed debt securities on exchanges. Credit rating and revenue projections mandatory for municipal bond issuance.,EXPLANATORY
How the Aadhaar authentication framework works for banking and financial services. Banks can use Aadhaar for customer verification and account opening procedures. Biometric and OTP authentication modes available for identity verification.,EXPLANATORY
RBI regulations on prepayment charges and foreclosure norms for retail loan borrowers. Banks cannot charge prepayment penalty on floating rate loans to individuals. Fixed rate loans can have prepayment charges disclosed upfront.,EXPLANATORY
Understanding GST annual return filing requirements and reconciliation process for businesses. GSTR-9 must be filed by December 31 for previous financial year. Reconciliation between monthly returns and annual return ensures data accuracy.,EXPLANATORY
SEBI guidelines on continuous disclosure obligations for listed companies in India. Material events must be disclosed to exchanges within 24 hours occurrence. Quarterly financial results and shareholding pattern filing mandatory for issuers.,EXPLANATORY
How Priority Sector Lending framework targets credit to underserved sectors in India. Banks must lend 40 percent of net bank credit to priority sectors. Agriculture MSMEs and weaker sections have specific sub-targets within PSL.,EXPLANATORY
Goldman analysts see commodity supercycle supporting metals and mining stocks going forward. Structural demand from energy transition exceeds new supply additions globally. Copper and lithium among preferred exposures for long term investors.,MARKET_OPINION
HDFC Asset Management bullish on consumption theme despite near term headwinds observed. Rural recovery and premiumization trends supporting sector growth outlook positively. Discretionary and staples both seeing improved volume trajectory now.,MARKET_OPINION
Barclays strategists recommend overweight India in emerging market equity allocation portfolios. Strong domestic growth and policy continuity differentiating from EM peers. Financial and IT sectors offering best risk adjusted returns currently.,MARKET_OPINION
Kotak Institutional Equities cautious on FMCG valuations relative to earnings growth ahead. Sector trading at premium despite moderate volume growth outlook. Selective approach recommended focusing on market leaders with pricing power.,MARKET_OPINION
Standard Life Aberdeen increasing India allocation in Asia focused mutual fund portfolios. Reform momentum and structural growth story supporting long term investment thesis. Underweight China being reallocated to India and ASEAN markets.,MARKET_OPINION
Emkay Global analysts bullish on hotel sector earnings growth momentum acceleration ahead. RevPAR improvement and occupancy gains driving profitability higher steadily. EIH and Indian Hotels among preferred picks for sector exposure.,MARKET_OPINION
Fidelity International sees value in Indian government bonds after recent market selloff. Real yields attractive relative to inflation trajectory and EM peers. Duration extension recommended as rate cycle peaks in coming quarters.,MARKET_OPINION
CLSA strategists expect rupee appreciation if dollar weakness materializes in global markets. Current account improvement and strong FDI inflows supporting currency. RBI likely to allow gradual appreciation to manage imported inflation.,MARKET_OPINION
Edelweiss Mutual Fund managers cautious on midcap valuations in current market environment. Many counters trading at significant premium to historical averages now. Quality bias essential in stock selection to manage volatility ahead.,MARKET_OPINION
Credit Suisse analysts upgrade banking sector to overweight on credit growth acceleration. NIM expansion and asset quality improvement supporting earnings momentum strongly. ICICI and Axis among preferred picks in private banking space.,MARKET_OPINION
Principal Global Investors see India as core holding in EM equity portfolios. Manufacturing renaissance and domestic consumption driving structural growth story. Overweight position maintained despite near term valuation concerns observed.,MARKET_OPINION
IIFL Securities bullish on chemical sector export recovery in coming quarters ahead. China plus one theme benefiting Indian manufacturers with quality capacities. Specialty chemicals and API makers among preferred sector picks.,MARKET_OPINION
Wellington Management increasing India exposure in Asia ex-Japan equity fund portfolios. Strong earnings growth and reasonable valuations supporting allocation decision. Consumer and financial sectors forming core of India holdings.,MARKET_OPINION
Nomura strategists see Nifty reaching 25000 by year end on earnings growth. Corporate profit cycle improving with margin expansion across sectors broadly. Rotation from growth to value expected as rates stay elevated.,MARKET_OPINION
DSP Investment Managers cautious on new age tech stocks after recent sharp rally. Profitability path unclear for many companies despite revenue growth shown. Traditional businesses preferred over loss making new economy stocks.,MARKET_OPINION
Citi analysts upgrade IT services to overweight on stabilizing demand environment now. Deal wins improving as clients resume discretionary spending gradually. TCS and HCL Tech among preferred picks for sector exposure.,MARKET_OPINION
Aditya Birla Capital sees strong case for increasing equity allocation in portfolios. Earnings growth outlook supportive of valuations at current market levels. SIP investors advised to continue systematic investments through volatility.,MARKET_OPINION
Bernstein analysts bearish on consumer durables on margin pressure concerns ahead. Input cost inflation and competitive intensity hurting profitability outlook negatively. Voltas and Havells among stocks likely to underperform sector peers.,MARKET_OPINION
PGIM India Mutual Fund managers positive on infrastructure capex theme plays. Government spending and private investment cycle supporting order inflows. L&T and capital goods stocks preferred for long term holding.,MARKET_OPINION
JP Morgan analysts expect cement prices to remain stable despite demand weakness. Industry discipline on capacity additions supporting pricing environment positively. Ultratech and Ambuja among preferred names in building materials.,MARKET_OPINION
Sundaram Mutual Fund cautious on pharmaceutical valuations after recent rally observed. US generic pricing environment remains challenging for Indian exporters currently. Selective approach with focus on specialty and domestic plays.,MARKET_OPINION
Macquarie strategists see commodities outperforming equities in current economic cycle. Supply constraints and demand resilience supporting metals and energy prices. Tata Steel and Coal India among preferred commodity plays.,MARKET_OPINION
Invesco AMC managers bullish on power sector structural transformation story unfolding. Renewable capacity addition and T&D investment driving sector growth. NTPC and Power Grid among preferred picks for exposure.,MARKET_OPINION
BNP Paribas analysts expect telecom sector ARPUs to rise further ahead. Consolidation benefits and tariff hikes supporting revenue growth trajectory positively. Bharti Airtel preferred over Jio for pure play telecom exposure.,MARKET_OPINION
Nippon India Mutual Fund sees value emerging in select midcap financials currently. Asset quality concerns overdone in quality lenders with strong franchises. Federal Bank and Karnataka Bank among undervalued opportunities.,MARKET_OPINION
UBS strategists recommend neutral stance on India within EM allocation portfolios. Valuations fully reflecting strong fundamentals at current price levels. Tactical opportunities in market corrections preferred approach now.,MARKET_OPINION
SBI Mutual Fund managers positive on auto sector festive demand outlook ahead. Two-wheeler recovery and passenger vehicle premiumization supporting volumes growth. Maruti and M&M among preferred OEM picks for exposure.,MARKET_OPINION
Jefferies analysts see fintech valuations still elevated relative to profitability shown. Path to sustainable ROE unclear for most new age financial companies. Traditional financials preferred over fintech disruptors currently.,MARKET_OPINION
Quantum Mutual Fund maintains cautious stance on equity market valuations overall. Cash allocation higher than normal awaiting better entry opportunities ahead. Quality stocks with reasonable valuations preferred over momentum names.,MARKET_OPINION
Morgan Stanley upgrades real estate sector on improving affordability metrics observed. Interest rate pause and price stability supporting housing demand recovery. DLF and Godrej Properties among preferred picks for exposure.,MARKET_OPINION
ICICI Prudential AMC cautious on consumption stocks at current valuation levels. Rural recovery still nascent while urban demand showing signs of fatigue. Defensive staples preferred over discretionary categories now.,MARKET_OPINION
Motilal Oswal strategists bullish on manufacturing sector PLI beneficiaries stocks. Electronics and pharmaceuticals seeing strong investment and order momentum. Dixon and Syrma among preferred picks for production incentive theme.,MARKET_OPINION
Axis Mutual Fund managers increasing allocation to large cap quality stocks now. Flight to safety amid global uncertainty supporting blue chip outperformance. Nifty 50 constituents preferred over broader market exposure.,MARKET_OPINION
Deutsche Bank analysts see crude oil testing 90 dollars on geopolitical risks ahead. Supply disruptions and OPEC discipline supporting higher price scenarios. OMCs to face margin pressure if crude stays elevated.,MARKET_OPINION
UTI Mutual Fund positive on banking sector earnings growth continuation trend. Credit growth acceleration and stable asset quality supporting outlook strongly. Private banks preferred over PSU banks for quality exposure.,MARKET_OPINION
Societe Generale strategists recommend overweight gold in portfolio allocation currently. Central bank buying and geopolitical uncertainty supporting safe haven demand. SGB and gold ETFs preferred vehicles for taking exposure.,MARKET_OPINION
HDFC Securities analysts bullish on textile sector export recovery story ahead. Order flow improvement from Europe and US supporting revenue outlook. Arvind and KPR Mills among preferred picks for sector exposure.,MARKET_OPINION
Franklin Templeton sees emerging market debt offering attractive carry opportunities now. India and Indonesia among preferred sovereigns in local currency space. Credit spreads compensating adequately for default risk currently.,MARKET_OPINION
Mirae Asset managers cautious on cement sector demand growth outlook ahead. Housing slowdown and infrastructure spending delays impacting volume growth. Valuations not cheap relative to earnings growth trajectory ahead.,MARKET_OPINION
Antique analysts upgrade insurance sector on APE growth acceleration trend observed. Protection and annuity segments driving profitable growth for life insurers. HDFC Life and Max Life among preferred picks for exposure.,MARKET_OPINION
Canara Robeco Mutual Fund bullish on PSU bank rerating story continuation ahead. Valuation gap with private peers narrowing on improved fundamentals observed. SBI and Bank of Baroda among preferred names in sector.,MARKET_OPINION
Nifty 50 ends 125 points higher at 22850 in choppy trading session today. IT and banking stocks provided support while metals and pharma dragged index lower. Advance decline ratio at 1.5:1 shows positive market breadth.,DESCRIPTIVE
Bank Nifty gains 300 points led by HDFC Bank and Kotak Mahindra Bank. Private sector lenders outperform as credit growth data shows improvement. Index closes above 49000 level for first time this month.,DESCRIPTIVE
Crude oil settles at 81.50 dollars per barrel on OPEC supply concerns. Brent futures gain for third consecutive session on geopolitical tensions. India's oil import bill likely to rise if prices stay elevated.,DESCRIPTIVE
Rupee closes 8 paise higher at 83.15 against dollar on FII inflows. Currency strengthens as exporters sell dollars before month end settlements. RBI likely bought dollars to prevent sharp appreciation in rupee.,DESCRIPTIVE
Gold futures on MCX settle at 71500 rupees per 10 grams today. Domestic prices track firm global cues amid safe haven demand globally. Wedding season buying also providing support to precious metal prices.,DESCRIPTIVE
FIIs turn net buyers with inflows of 1500 crore rupees in equities. Foreign investors purchase for second day after profit booking last week. DIIs continue buying momentum with inflows of 1200 crore rupees.,DESCRIPTIVE
Nifty Midcap 100 index rises 1.2 percent outperforming large cap benchmarks. Capital goods and healthcare stocks drive gains in broader market today. Index trades at record high amid strong retail investor participation.,DESCRIPTIVE
Bitcoin trades near 67000 dollars with 2 percent gains in 24 hours. Cryptocurrency recovers from recent selloff as institutional buying resumes. Ethereum also rises 3 percent to trade above 3600 dollars.,DESCRIPTIVE
Sensex closes below 75000 mark after profit booking in final hour. HDFC Bank and Reliance contribute most to index losses on Wednesday. Market turnover at 95000 crore rupees on both exchanges combined.,DESCRIPTIVE
Tata Motors shares rise 4 percent on strong JLR order book data. Management commentary on EV transition progress supports investor sentiment positively. Stock trades near 52-week high on volume expansion.,DESCRIPTIVE
IT stocks trade mixed as TCS gains while Infosys and Wipro decline. Sector awaiting US job data and Fed commentary for direction cues. Nifty IT index ends flat near 38500 level today.,DESCRIPTIVE
ONGC shares gain 3 percent after crude oil prices rise globally today. State-run explorer benefits from higher realizations on oil production. Stock trades above 200-day moving average signaling bullish momentum.,DESCRIPTIVE
Nifty Metal index ends 2 percent higher on China stimulus hopes ahead. Tata Steel Hindalco and JSW Steel lead gains in sectoral index. Steel prices firming up on supply concerns and demand optimism.,DESCRIPTIVE
Reliance Industries shares trade in narrow range near 2950 rupees today. Conglomerate awaits AGM announcement for fresh catalysts on stock price. Retail and telecom segments continue to drive revenue growth momentum.,DESCRIPTIVE
Adani Ports shares gain 2 percent on strong cargo volume data release. Port operator reports 15 percent growth in container handling this month. Stock recovers from recent lows on improving fundamentals shown.,DESCRIPTIVE
India VIX falls 5 percent to 12 level indicating reduced volatility expectations. Fear gauge declining as markets consolidate near all-time high levels. Options writers benefit from lower implied volatility environment.,DESCRIPTIVE
SBI shares end marginally lower after touching 52-week high earlier today. Profit booking seen in PSU banks after sharp rally last week. Stock still up 40 percent year to date on fundamentals.,DESCRIPTIVE
HDFC Life shares gain 1.5 percent on new business premium growth data. Insurance company reports strong APE growth in bancassurance channel. Stock trades near upper end of consolidation range currently.,DESCRIPTIVE
Nifty Pharma index rises 1 percent led by Sun Pharma and Cipla. Sector sees buying after recent underperformance relative to broader market. USFDA inspection outcomes driving stock-specific movements in space.,DESCRIPTIVE
Axis Bank shares touch new high on improved asset quality metrics reported. Private lender seeing strong growth in retail loan book expansion. Stock outperforms Nifty Bank index by 2 percent this month.,DESCRIPTIVE
Small cap index gains 1.8 percent as risk appetite returns to markets. Retail investors continue accumulating smaller companies despite valuation concerns raised. Breadth strong with advances outnumbering declines by 3 to 1.,DESCRIPTIVE
Maruti Suzuki shares end flat ahead of monthly sales data release tomorrow. Auto major expected to report steady growth in passenger vehicle segment. Stock consolidates near recent highs before fresh triggers.,DESCRIPTIVE
Nifty Realty index falls 1.5 percent on profit booking after recent rally. DLF and Prestige lead losses in real estate sector today. Index had outperformed broader market by 20 percent this year.,DESCRIPTIVE
Coal India shares gain 2 percent on strong production volume data release. State-run miner on track to meet annual production target this year. Dividend yield remains attractive for income seeking investors.,DESCRIPTIVE
Power Grid shares touch record high on order win announcements today. State-run utility secures transmission projects worth 2000 crore rupees. Stock trades at premium to historical valuation multiples now.,DESCRIPTIVE
Bajaj Finance ends lower after hitting upper circuit in morning trade. NBFC leader sees volatility on large block deals in counter. Stock remains investor favorite despite near term price swings.,DESCRIPTIVE
IndusInd Bank shares rise 3 percent on deposit growth improvement data. Private lender gaining market share in retail and CASA segments. Stock undervalued relative to peers on asset quality concerns.,DESCRIPTIVE
Nifty Auto index ends marginally higher with mixed stock performance today. Tata Motors and M&M gain while Maruti and Hero MotoCorp decline. Sector awaits festive season demand data for fresh momentum.,DESCRIPTIVE
Titan Company shares fall 2 percent on profit booking pressure today. Jewelry maker had rallied sharply on wedding season demand expectations. Stock trades at premium valuation despite margin concerns raised.,DESCRIPTIVE
ICICI Bank shares end flat near 1100 rupees in range-bound trading. Private lender consolidates ahead of quarterly earnings announcement next week. Stock up 25 percent year to date on fundamentals.,DESCRIPTIVE
Nifty FMCG index declines 0.5 percent on weak rural demand concerns. HUL and Nestle drag sector lower while ITC provides some support. Consumer staples facing headwinds from inflation and demand moderation.,DESCRIPTIVE
L&T shares gain 1.5 percent on order inflow announcements by company. Engineering major secures infrastructure contracts worth 3000 crore rupees. Stock trades near record high on strong order book visibility.,DESCRIPTIVE
Tech Mahindra shares end lower on concerns over deal pipeline momentum. IT company facing challenges in telecom vertical from client spending cuts. Stock underperforms Nifty IT index by significant margin.,DESCRIPTIVE
Vedanta shares rise 4 percent tracking higher base metal prices globally. Mining company benefits from improved zinc and aluminum realizations currently. Stock recovers from 52-week lows on commodity price support.,DESCRIPTIVE
Nifty PSU Bank index gains 2 percent led by SBI and Bank of Baroda. Government bank stocks rally on valuation rerating expectations ahead. Index outperforms private bank peers this month significantly.,DESCRIPTIVE
Asian Paints shares trade marginally lower on competitive intensity concerns ahead. Paint maker facing pressure from new entrant Grasim in decorative segment. Stock consolidates after 15 percent correction from highs.,DESCRIPTIVE
Zomato shares gain 3 percent on block deal buying in counter today. Food delivery platform sees institutional interest at current price levels. Stock volatile since listing with wide trading range observed.,DESCRIPTIVE
NTPC shares touch 52-week high on power demand growth expectations ahead. State-run generator benefiting from capacity additions and higher PLF levels. Dividend yield provides downside support for stock price.,DESCRIPTIVE
Wipro shares end marginally higher ahead of quarterly results release tomorrow. IT company expected to report subdued growth amid client spending delays. Stock trades near 52-week low on demand concerns.,DESCRIPTIVE
Hindalco shares rise 3 percent on aluminum price gains in LME today. Metal producer benefits from improved realizations and stable costs. Novelis subsidiary performance also supporting investor sentiment positively.,DESCRIPTIVE
BPCL shares fall 1.5 percent on crude oil price increase concerns today. Oil marketing company facing margin pressure from higher input costs. Stock trades below 200-day moving average indicating weakness.,DESCRIPTIVE
Cipla shares gain 4 percent after launching new product in US market. Pharma company received ANDA approval for complex generic opportunity today. Stock rallies on improved US business outlook ahead.,DESCRIPTIVE
Nifty Financial Services index ends higher led by insurance stocks today. HDFC Life and SBI Life gain 2 percent each on sector tailwinds. Index trades near record high on earnings growth momentum.,DESCRIPTIVE
ITC shares trade flat in consolidation mode near 450 rupees level today. Cigarette major awaiting clarity on hotel business demerger timeline. Stock underperforms Nifty despite strong quarterly earnings delivery.,DESCRIPTIVE
Apollo Hospitals shares rise 2 percent on bed capacity expansion news today. Healthcare chain adding beds in key metros to meet demand growth. Stock trades at premium valuation to sector peers.,DESCRIPTIVE
Nifty Infrastructure index gains 1.5 percent on government spending push ahead. L&T and GMR lead gains on order win and traffic announcements. Index trades near all-time high on capex cycle optimism.,DESCRIPTIVE
HDFC Bank shares end marginally lower despite positive analyst commentary today. Stock consolidates after recent outperformance relative to sector peers. Market awaiting quarterly results for fresh direction cues.,DESCRIPTIVE
Sun Pharma shares gain 2 percent on positive USFDA inspection outcome today. Pharma major received no observations at key manufacturing facility. Stock rallies on improved regulatory standing in US market.,DESCRIPTIVE
Nifty Energy index rises 1 percent led by ONGC and Reliance Industries. Oil and gas stocks gain as crude prices trade near 82 dollars. Index benefits from improved exploration company realizations.,DESCRIPTIVE
PNB shares gain 2.5 percent on improving asset quality metrics report today. State-run lender showing progress on NPA resolution front steadily. Stock trades near 52-week high on rerating expectations.,DESCRIPTIVE
UltraTech Cement shares end marginally higher on price hike implementation news. Building materials leader raises prices by 15 rupees per bag regionally. Sector benefits from improving pricing discipline now.,DESCRIPTIVE
Nifty Media index falls 1.5 percent on advertising demand concerns today. Zee Entertainment and PVR lead losses in entertainment sector. Index underperforms broader market on structural challenges faced.,DESCRIPTIVE
JSW Steel shares rise 3 percent on export order win announcements today. Steel maker securing volumes from international buyers amid demand shift. Stock trades near recent highs on pricing stability.,DESCRIPTIVE
Kotak Mahindra Bank shares gain 1.5 percent on credit growth data today. Private lender outpaces industry growth in retail loan segment. Stock trades at premium valuation to most sector peers.,DESCRIPTIVE
Nifty Private Bank index ends 0.8 percent higher outperforming PSU peers. ICICI Bank and Axis Bank contribute most to sectoral gains today. Asset quality improvement driving sector rerating expectations ahead.,DESCRIPTIVE
Dr Reddy's shares trade marginally lower on US generic pricing concerns today. Pharma company faces headwinds in base business from competition intensity. Stock consolidates near 6000 rupees support level currently.,DESCRIPTIVE
Infosys shares fall 1 percent on concerns over revenue growth guidance outlook. IT major facing challenges from client spending delays and deal ramp. Stock trades near 52-week low on demand uncertainty.,DESCRIPTIVE
Nifty Consumption index rises 0.5 percent on festive season demand hopes. Titan and Trent gain while FMCG names remain under pressure today. Index trades near record high on discretionary recovery.,DESCRIPTIVE
Federal Bank shares gain 4 percent on strong deposit growth report today. Private lender seeing CASA ratio improvement in recent quarters. Stock trades at discount to larger private bank peers.,DESCRIPTIVE
Grasim Industries shares rise 2 percent on paints business launch updates. Birla group company entering decorative paints market next quarter. Stock trades near all-time high on diversification optimism.,DESCRIPTIVE
Nifty PSE index gains 1.2 percent led by ONGC and Coal India stocks. Government company shares benefit from dividend yield and value factors. Index outperforms Nifty 50 by wide margin year to date.,DESCRIPTIVE
Torrent Pharma shares gain 3 percent on chronic therapy sales growth data. Pharma company seeing strong traction in cardiology and diabetology segments. Stock trades near 52-week high on domestic strength.,DESCRIPTIVE
Cholamandalam Finance shares rise 2.5 percent on AUM growth data release. Vehicle finance NBFC reports strong disbursement in used car segment. Stock trades at premium to vehicle finance peers currently.,DESCRIPTIVE
Nifty Services index ends higher led by financial and IT stocks today. HDFC Bank and TCS contribute most to sectoral gains in session. Index trades near record high on earnings momentum continuation.,DESCRIPTIVE
Hero MotoCorp shares trade flat as two-wheeler demand remains mixed currently. Domestic sales steady while export markets show signs of recovery. Stock awaits festive season for meaningful volume uptick.,DESCRIPTIVE
M&M shares gain 2 percent on strong utility vehicle sales data today. Auto major reports market share gains in passenger vehicle segment. Stock trades near record high on product cycle success.,DESCRIPTIVE
Nifty Commodities index rises 1.5 percent on metal and energy gains today. ONGC and Hindalco lead sectoral advances on global price support. Index benefits from China stimulus expectations ahead.,DESCRIPTIVE
PFC shares touch 52-week high on power sector lending growth momentum. State-run lender sees robust demand from renewable energy projects. Stock offers attractive dividend yield for income investors.,DESCRIPTIVE
Siemens shares gain 1.5 percent on capital goods sector optimism today. Engineering company benefits from order momentum in electrification segment. Stock trades at premium valuation on growth visibility.,DESCRIPTIVE
Nifty MNC index ends marginally higher with mixed stock performance today. Nestle and Maruti gain while ABB and Siemens trade lower. Index trades near record high on quality premium observed.,DESCRIPTIVE
Persistent Systems shares rise 4 percent on deal wins announcement today. IT company secured multi-year contracts in digital engineering segment. Stock outperforms Nifty IT index significantly this year.,DESCRIPTIVE
ACC shares gain 2 percent on cement price stability in key markets. Building materials company maintains realizations despite volume pressures faced. Stock trades near recent highs on sector tailwinds.,DESCRIPTIVE
Nifty Oil and Gas index rises 1.2 percent on crude price gains today. ONGC and Oil India lead sectoral advances on higher realizations. Index trades near 52-week high on earnings visibility.,DESCRIPTIVE
Canara Bank shares end flat after touching intraday high on volumes. State-run lender consolidates after recent rally in PSU bank space. Stock trades at attractive valuation relative to peers.,DESCRIPTIVE
Shriram Finance shares gain 3 percent on vehicle finance growth data today. NBFC reports strong disbursement in commercial vehicle segment recently. Stock trades at discount to other vehicle financiers.,DESCRIPTIVE
Sensex touches 76000 mark for first time on broad-based buying across sectors. HDFC Bank Reliance and TCS contribute most to index gains today. Market turnover exceeds 1 lakh crore rupees for session.,DESCRIPTIVE
Nifty IT index gains 1.8 percent on positive deal commentary from TCS. IT bellwether reports strong order book visibility for coming quarters. Wipro and Infosys also rise in sympathy with sector leader.,DESCRIPTIVE
Bajaj Auto shares end 2 percent higher on export market recovery signals. Two-wheeler maker reports strong shipments to Africa and Latin America. Stock trades near 52-week high on improving margins.,DESCRIPTIVE
Nifty Metal index falls 1 percent as China demand concerns resurface again. Steel stocks face selling as domestic prices remain under pressure. Tata Steel and JSW Steel lead index losses today.,DESCRIPTIVE
ICICI Lombard shares rise 3 percent on motor insurance growth data release. General insurer reports 18 percent growth in gross written premium. Stock trades at premium to PSU insurance peers.,DESCRIPTIVE
Nifty Healthcare index gains 2 percent led by hospital and diagnostic chains. Apollo and Max Healthcare lead sectoral advances on expansion news. Index outperforms broader market for third consecutive session.,DESCRIPTIVE
LIC shares touch new 52-week low on embedded value concerns today. State insurer faces headwinds from equity market volatility impact. Stock now trades 25 percent below IPO issue price.,DESCRIPTIVE
HUL shares end 1 percent lower on volume growth concerns raised today. FMCG major faces headwinds from rural demand weakness and competition. Stock underperforms Nifty FMCG index by wide margin.,DESCRIPTIVE
Nifty Smallcap 100 rises 2.2 percent continuing momentum from previous session. Retail investors drive buying in smaller companies despite valuation concerns. Index up 35 percent year to date outperforming benchmarks.,DESCRIPTIVE
Berger Paints shares fall 3 percent on competitive intensity concerns today. Paint maker facing margin pressure from Grasim entry into segment. Stock corrects from recent highs on market share worries.,DESCRIPTIVE
Nifty Bank ends at fresh record high crossing 50000 level for first time. Private banks lead gains with HDFC and ICICI at new highs. PSU banks also participate in rally with SBI gains.,DESCRIPTIVE
Tata Consumer shares trade flat ahead of quarterly earnings announcement tomorrow. FMCG company expected to report double digit revenue growth. Stock consolidates after recent outperformance versus sector peers.,DESCRIPTIVE
Solana surges 22 percent in 6 hours as major DeFi protocol announces token airdrop. SOL breaks above 150 dollars for first time since 2021 bull market peak. Crypto traders pile into altcoin as momentum builds rapidly.,BREAKING_NEWS
NSE systems down for over 2 hours as traders unable to place orders. Exchange reports technical issues in core trading engine affecting all segments. Brokers request extension of trading hours to settle pending positions.,BREAKING_NEWS
Sensex plummets 900 points in 30 minutes as war fears grip global markets. Defense stocks surge as risk assets face heavy selling pressure globally. Gold and bonds rally as investors seek safe haven assets urgently.,BREAKING_NEWS
Major NBFC suspends fresh loan disbursements citing severe liquidity stress concerns. RBI monitoring situation closely as credit markets tighten significantly now. Shares of related group companies crash on contagion fears spreading.,BREAKING_NEWS
Adani Total Gas shares frozen at lower circuit for third consecutive session. Market cap erodes by 25000 crore rupees on fresh short report allegations. Group calls allegations baseless and threatens legal action against attackers.,BREAKING_NEWS
Vedanta board announces emergency restructuring plan to address debt concerns today. Company seeks to divest zinc and aluminum assets to reduce leverage. Stock crashes 15 percent as investors worry about group liquidity.,BREAKING_NEWS
Nifty Bank index crashes 1000 points as HDFC Bank faces deposit outflow reports. Banking stocks see across board selling as system stress concerns rise. RBI issues statement assuring adequate liquidity in banking system.,BREAKING_NEWS
Cryptocurrency exchange WazirX halts all trading after massive security breach detected. User funds worth millions potentially compromised in hot wallet attack today. Company advises users to change passwords and enable 2FA immediately.,BREAKING_NEWS
Zee Entertainment promoters lose control as lenders invoke pledged shares today. Stock crashes 35 percent hitting lower circuit within minutes of opening. Board meeting called to discuss strategic options including potential sale.,BREAKING_NEWS
Flash crash in SGX Nifty sends Indian futures down 400 points overnight suddenly. Asian markets tumble on China property developer default announcements today. Pre-market indications suggest Nifty opening gap down sharply.,BREAKING_NEWS
RBI announces special liquidity window for stressed NBFCs facing redemption pressure. Move comes after reports of payment delays by mid-sized lenders surface. Central bank aims to prevent contagion spreading to broader markets.,BREAKING_NEWS
XRP crashes 30 percent after SEC announces fresh enforcement action against Ripple. Cryptocurrency loses 15 billion dollars in market cap within hours today. Other altcoins also face selling as regulatory fears intensify.,BREAKING_NEWS
Major brokerage firm faces system outage during peak trading hours affecting clients. Thousands of clients unable to square off positions or place fresh orders. Exchange seeks explanation as affected traders demand compensation.,BREAKING_NEWS
Yes Bank faces fresh crisis as auditors flag major divergence in NPA reporting. Stock crashes 20 percent as RBI seeks explanation from management immediately. Depositors advised to remain calm as capital position adequate.,BREAKING_NEWS
Paytm stock crashes 40 percent in three sessions after RBI compliance order. Fintech major loses 30000 crore rupees market cap on business concerns. Company scrambles to address regulatory observations and retain customers.,BREAKING_NEWS
Government bonds crash as fiscal deficit concerns spike after subsidy announcement. 10-year yield jumps 30 bps in single session on heavy selling pressure. Foreign investors dump Indian debt as deficit worries mount.,BREAKING_NEWS
DHFL defaults on commercial paper worth 1000 crore rupees triggering crisis. Housing finance company shares frozen at lower circuit for multiple days. Mutual funds with exposure face redemption pressure from investors.,BREAKING_NEWS
Binance announces exit from Indian market citing regulatory uncertainty ahead. Crypto exchange gives 30 days for users to withdraw funds completely. Bitcoin and Ethereum crash 10 percent on contagion fears spreading.,BREAKING_NEWS
Sensex crashes 1500 points as foreign investors dump Indian equities massively. FIIs sell equities worth record 15000 crore rupees in single session. Market circuit breaker activated for first time since pandemic crash.,BREAKING_NEWS
ICICI Bank whistle-blower claims widespread NPA concealment through loan evergreening practices. Stock crashes 12 percent as RBI orders immediate forensic audit. Management denies allegations calling them malicious and unfounded.,BREAKING_NEWS
Electricity grid failure causes blackout across multiple states in India today. Industrial production halted as power supply remains disrupted for hours. Stock exchanges shift to backup generators to continue trading.,BREAKING_NEWS
Go First grounds entire fleet after Pratt Whitney terminates engine support contract. Airline passengers stranded at airports as all flights cancelled immediately. DGCA reviewing airline's safety certification amid operational crisis.,BREAKING_NEWS
SEBI bans promoters of tech startup from securities market for 10 years. Regulator uncovers massive fraud involving fake revenue and auditor collusion. Stock delisted from exchanges as investigation proceedings continue.,BREAKING_NEWS
Rupee breaches 84 against dollar as crude oil spikes above 100 dollars. RBI intervenes aggressively but currency continues to slide on outflows. Importers scramble to hedge exposure as volatility spikes sharply.,BREAKING_NEWS
Major housing finance company suspends operations after liquidity crisis deepens further. Thousands of depositors face uncertainty over savings held with lender. Government steps in to oversee resolution and protect small depositors.,BREAKING_NEWS
Tata Sons announces emergency board meeting amid leadership succession concerns today. Speculation about Chairman transition roils Tata group stock prices. Company issues statement saying meeting is routine and scheduled.,BREAKING_NEWS
SpiceJet share crashes 18 percent after DGCA audit reveals safety violations. Aviation regulator restricts airline to 50 percent capacity with immediate effect. Management promises to address concerns raised in audit report.,BREAKING_NEWS
Ethereum crashes 20 percent as major DeFi protocol suffers 300 million dollar exploit. Smart contract vulnerability allows hackers to drain liquidity pools completely. Crypto community scrambles to identify attacker wallet addresses.,BREAKING_NEWS
IL&FS group companies file for bankruptcy protection from creditors today officially. Infrastructure group defaults on obligations worth 91000 crore rupees cumulatively. Mutual funds and banks face massive write-offs on exposure.,BREAKING_NEWS
Bank strike paralyzes banking operations across India affecting millions of customers. ATMs run dry as cash replenishment halted during strike period. Government urges unions to call off strike and resume negotiations.,BREAKING_NEWS
Reliance Capital placed under moratorium as RBI steps in to protect depositors. Insurance and mutual fund subsidiaries continue normal operations for now. Resolution process likely to take 6 to 12 months for completion.,BREAKING_NEWS
Kotak Mahindra Bank faces RBI restrictions on digital onboarding of new customers. Stock crashes 8 percent as growth concerns emerge from regulatory action. Bank says it is working to address technology infrastructure concerns.,BREAKING_NEWS
Bitcoin drops below 25000 dollars as Genesis crypto lender files for bankruptcy. Crypto lender collapse triggers contagion fears across digital asset markets. Investors flee to stablecoins amid uncertainty about other exchanges.,BREAKING_NEWS
Punjab National Bank discovers 14000 crore fraud at single Mumbai branch today. Nirav Modi and Mehul Choksi allegedly used fake guarantees for unauthorized credit. CBI registers FIR as bank shares crash 10 percent.,BREAKING_NEWS
Sun TV stock crashes 25 percent after Income Tax raids on promoter premises. Media company faces scrutiny over alleged tax evasion running into thousands crores. Promoters deny wrongdoing calling raids politically motivated.,BREAKING_NEWS
Manappuram Finance shares frozen at lower circuit on RBI inspection concerns today. Gold loan NBFC faces regulatory scrutiny over lending practices and compliance. Company says it is cooperating fully with regulator queries.,BREAKING_NEWS
HDFC Securities system outage leaves traders stranded during volatile market hours. Brokerage fails to execute orders for over 90 minutes causing losses. Clients demand compensation for trades that could not be executed.,BREAKING_NEWS
Byju's lenders declare loan default triggering acceleration clause in agreement today. Edtech company faces 1.2 billion dollar debt repayment demand from creditors. Founders exploring options including asset sale to satisfy obligations.,BREAKING_NEWS
LIC suffers 75000 crore embedded value loss in single quarter after Adani exposure. Stock crashes 10 percent as concerns over investment decisions surface. Management says equity portfolio well diversified across sectors.,BREAKING_NEWS
CoinDCX suspends withdrawals temporarily citing unusual activity on platform detected. Indian crypto exchange assures user funds are safe and secure currently. Users panic on social media as memories of FTX collapse resurface.,BREAKING_NEWS
Dogecoin surges 50 percent in 2 hours after Elon Musk changes Twitter logo. Meme coin market cap adds 10 billion dollars on speculative frenzy. Other meme coins also rally as retail traders pile into sector.,BREAKING_NEWS
Cardano network suffers 6-hour outage as validator nodes face synchronization issues. ADA token crashes 15 percent as concerns about network reliability spread. Development team working to restore full functionality across network.,BREAKING_NEWS
Polygon crashes 25 percent after whale wallet dumps 50 million tokens on market. MATIC faces heavy selling pressure as on-chain data shows mass transfers. Layer 2 token loses 3 billion dollars market cap in hours.,BREAKING_NEWS
Reserve Bank announces emergency repo operation to inject liquidity into banking system. Banks facing temporary cash crunch ahead of advance tax outflows date. Overnight rates spike before RBI intervention calms money markets.,BREAKING_NEWS
Nifty 50 falls 700 points as China Taiwan tensions escalate unexpectedly today. Defense stocks rally while export-oriented IT and pharma sectors tank. VIX spikes 25 percent as traders rush to buy put options.,BREAKING_NEWS
Tata Steel shares crash 12 percent as European operations face massive impairment. Company announces 1 billion dollar write-down on UK steel assets today. European demand weakness and energy costs driving restructuring needs.,BREAKING_NEWS
SEBI halts trading in 7 SME stocks after surveillance flags circular trading patterns. Exchange notified to investigate manipulation in small cap counters. Retail investors trapped as stocks frozen at lower circuits.,BREAKING_NEWS
Avalanche crashes 30 percent as major DeFi protocol suffers exploit worth 100 million. AVAX ecosystem faces contagion as liquidity providers rush to withdraw funds. Cross-chain bridge vulnerability exposed by sophisticated attack.,BREAKING_NEWS
Adani Wilmar shares hit lower circuit after SEBI issues show cause notice. Regulator seeks explanation on related party transactions and fund flows. Group stock faces fresh selling pressure on governance concerns.,BREAKING_NEWS
Central government announces emergency petroleum subsidy as fuel prices spike sharply. Global crude surge threatening to destabilize domestic inflation trajectory. Oil marketing company stocks rally on assured government support.,BREAKING_NEWS
India February manufacturing PMI at 56.9 versus 56.5 in January expanding faster. New orders and output both accelerate on strong domestic demand conditions. Employment growth strongest in 15 months as capacity utilization rises.,DATA_RELEASE
US February payrolls rise 275000 versus 200000 expected with revisions lower. Unemployment rate rises to 3.9 percent from 3.7 percent in January. Wage growth moderates to 4.3 percent supporting Fed rate cut case.,DATA_RELEASE
India February CPI inflation at 5.09 percent versus 5.1 percent in January. Food inflation moderates to 8.3 percent from 8.7 percent month earlier. Core inflation at 3.5 percent remains benign supporting RBI stance.,DATA_RELEASE
China February PMI rises to 50.2 entering expansion zone after months of contraction. Manufacturing activity picks up as Lunar New Year effects normalize. Services PMI at 51.4 shows domestic consumption improving gradually.,DATA_RELEASE
US February retail sales rise 0.6 percent beating expectations of 0.4 percent. Consumer spending resilient despite high interest rates and inflation pressures. Control group sales up 0.3 percent supporting Q1 GDP estimates.,DATA_RELEASE
India January trade deficit narrows to 17.5 billion versus 19.4 billion in December. Exports rise 3.1 percent on engineering goods and pharma shipments. Oil imports decline on lower crude prices supporting current account.,DATA_RELEASE
Euro zone February inflation at 2.6 percent versus 2.8 percent in January. Core inflation falls to 3.1 percent from 3.3 percent month earlier. ECB on track to begin rate cuts in June policy meeting.,DATA_RELEASE
India Q3 GDP growth at 8.4 percent versus 7.6 percent in Q2 on manufacturing. Investment demand accelerates with gross capital formation at 10.6 percent. Full year GDP likely above 7.5 percent on strong momentum.,DATA_RELEASE
US February CPI at 3.2 percent year-on-year versus 3.1 percent in January. Core CPI at 3.8 percent above 3.7 percent expected on shelter costs. Fed rate cut expectations pushed to June from May meeting.,DATA_RELEASE
India February GST collection at 1.68 lakh crore up 12.5 percent annually. E-invoicing and compliance improvement driving revenue growth sustainably now. Full year collection on track to exceed budget estimates.,DATA_RELEASE
UK February CPI falls to 3.4 percent from 4 percent in January sharply. Services inflation moderates to 6.1 percent from 6.5 percent earlier. Bank of England likely to cut rates in August meeting.,DATA_RELEASE
India February forex reserves at 619.1 billion up 4.5 billion from January. RBI accumulating reserves as FPI inflows resume in equity markets. Import cover at 11.2 months provides adequate cushion ahead.,DATA_RELEASE
US February housing starts rise 10.7 percent to 1.52 million annual rate. Single family starts jump 15 percent on builder confidence improvement. Multi-family permits decline as apartment supply concerns persist.,DATA_RELEASE
India February core sector output grows 6.7 percent versus 3.8 percent in January. Coal and electricity production lead gains on strong power demand. Steel and cement output also accelerate on infrastructure activity.,DATA_RELEASE
China February CPI rises 0.7 percent year-on-year turning positive first time. Lunar New Year holiday spending boosts consumer prices from deflation. PPI at minus 2.7 percent still shows factory gate deflation.,DATA_RELEASE
India January IIP growth at 3.8 percent versus 4.2 percent in December. Manufacturing output at 3.2 percent while electricity at 5.6 percent. Capital goods production improves signaling investment recovery ahead.,DATA_RELEASE
US February ISM manufacturing at 47.8 versus 49.5 in January contracting again. New orders and production both decline on weak demand environment. Employment index at 45.9 shows labor shedding in factories.,DATA_RELEASE
India February WPI inflation at 0.2 percent versus 0.27 percent in January. Food articles inflation at 6.8 percent while fuel at minus 1.2 percent. Manufacturing inflation benign at 0.3 percent on base effects.,DATA_RELEASE
Euro zone Q4 GDP revised to flat from minus 0.1 percent avoiding recession. Germany contracts while France and Spain show positive growth rates. Consumption weak but investment provides modest support to activity.,DATA_RELEASE
India February auto sales up 11 percent with passenger vehicles at 3.6 lakh units. Two-wheeler sales rise 16 percent on rural demand improvement steadily. Commercial vehicle segment lags at 5 percent on high base.,DATA_RELEASE
US February existing home sales rise 9.5 percent to 4.38 million annual rate. Sales rebound from 13-year low as mortgage rates stabilize lower. Median price at 384000 dollars up 5.7 percent annually.,DATA_RELEASE
India February services PMI at 60.6 versus 61.8 in January still expanding strongly. New business growth robust from both domestic and export markets. Employment rises for nineteenth consecutive month in services.,DATA_RELEASE
China February exports surge 7.1 percent year-on-year beating expectations sharply. Shipments recover after Lunar New Year distortions in January data. Trade surplus at 125 billion dollars on strong external demand.,DATA_RELEASE
India February bank credit grows 16.3 percent versus 16.5 percent in January. Retail and services sectors drive loan growth while industry lags. Deposit growth at 13.1 percent creates funding gap for banks.,DATA_RELEASE
US February consumer confidence at 106.7 below 115 expected on inflation worries. Present situation index declines while expectations stabilize near lows. Buying plans for cars and homes deteriorate on high rates.,DATA_RELEASE
India Q3 FDI inflows at 11.5 billion versus 8.9 billion in year ago period. Manufacturing and services sectors see higher investment on reforms. Singapore and USA remain top source countries for FDI.,DATA_RELEASE
Euro zone February unemployment steady at 6.4 percent matching market expectations. Youth unemployment at 14.4 percent down from 14.8 percent year earlier. Labor market resilient despite weak manufacturing activity now.,DATA_RELEASE
India February cement production up 14.2 percent on infrastructure push continuing. Housing and road construction demand driving capacity utilization higher steadily. Industry expects double digit growth through fiscal year end.,DATA_RELEASE
US February durable goods orders fall 6.1 percent on volatile aircraft orders. Core capital goods orders rise 0.8 percent beating expectations clearly. Business investment holding up despite high interest rate environment.,DATA_RELEASE
India February steel consumption up 15.4 percent on infrastructure and auto demand. Domestic production at 12.2 million tonnes meeting consumption needs fully. Imports decline as domestic availability improves substantially.,DATA_RELEASE
UK February retail sales rise 0.5 percent versus 0.3 percent expected monthly. Food and household goods sales drive improvement from January lows. Annual sales still down 0.4 percent on cost of living.,DATA_RELEASE
India February mutual fund AUM at 54.5 lakh crore up 26 percent annually. Equity schemes see net inflows of 26000 crore rupees in month. SIP flows at record 19300 crore continuing strong trend.,DATA_RELEASE
US February industrial production rises 0.1 percent meeting market expectations exactly. Manufacturing output flat while utilities surge on heating demand. Capacity utilization at 78.3 percent below long term average.,DATA_RELEASE
India February gold imports at 4.2 billion versus 6.3 billion in January. Lower prices and post-wedding season lull reducing import volumes now. Trade deficit narrows on precious metals import decline.,DATA_RELEASE
China February new home prices fall 0.6 percent versus 0.4 percent in January. Property sector weakness persisting despite government support measures announced. Developer defaults continue as liquidity crisis extends further.,DATA_RELEASE
India February electricity generation up 9.1 percent on industrial demand growth. Thermal power at higher utilization on improved coal availability now. Renewable energy share in generation mix rises to 13 percent.,DATA_RELEASE
US February building permits rise 1.9 percent to 1.52 million annual rate. Single family permits at highest level since May 2022 on demand. Multi-family permits decline as apartment supply weighs on developers.,DATA_RELEASE
India February food grain procurement at 42 million tonnes on Rabi arrival. Wheat procurement progressing well in Punjab and Haryana states. Government confident of maintaining buffer stocks for food security.,DATA_RELEASE
Euro zone February consumer confidence at minus 15.5 versus minus 16 in January. Sentiment improving gradually as inflation falls and incomes stabilize. Retail spending outlook brightening for coming months ahead.,DATA_RELEASE
India February IT exports at 18.4 billion versus 17.9 billion in year ago period. North America and Europe markets driving revenue growth momentum. Deal wins improving with digital transformation spending resilient.,DATA_RELEASE
US February new home sales rise 1.5 percent to 662000 annual rate steady. Builders maintaining incentives amid tight resale inventory conditions. Median price at 400500 dollars up 2.2 percent from year ago.,DATA_RELEASE
India February coal production at 108 million tonnes up 11.2 percent annually. Coal India meeting targets as power demand remains elevated consistently. Imports declining as domestic availability improves steadily.,DATA_RELEASE
Japan February manufacturing PMI at 47.2 versus 48 in January contracting deeper. Factory activity weak on softer domestic and export demand. Auto production disruption from safety certification issue hurting output.,DATA_RELEASE
India February highway construction at 32 km per day below 34 km target. Land acquisition delays slowing execution pace in some states. NHAI confident of achieving annual target through year end push.,DATA_RELEASE
US Q4 GDP final at 3.4 percent annualized revised up from 3.2 percent. Consumer spending and business investment drive stronger expansion. Economy growing despite Fed rate hikes surprising forecasters positively.,DATA_RELEASE
India February fertilizer sales at 38 lakh tonnes below last year on weather. Delayed Rabi sowing impacting urea and DAP consumption volumes. Subsidy outgo likely below budget estimates on lower sales.,DATA_RELEASE
Euro zone February PMI composite at 49.2 versus 47.9 in January improving. Services expanding while manufacturing still contracting but less severely. Economic activity stabilizing after weak second half performance.,DATA_RELEASE
India February FPI flows positive at 11400 crore after outflows in January. Debt markets see inflows ahead of index inclusion milestone. Equity flows mixed with large caps seeing selling pressure.,DATA_RELEASE
US February trade deficit widens to 68.9 billion from 64.2 billion in January. Imports rise on consumer goods while exports decline on aircraft. Full year deficit likely above 800 billion on spending.,DATA_RELEASE
India February passenger vehicle sales at 3.62 lakh units up 12 percent. SUV segment at 58 percent market share continues to dominate segment. EV sales at 8200 units growing strongly from low base.,DATA_RELEASE
China February retail sales up 5.5 percent year-on-year missing 5.8 percent expected. Consumer spending weaker despite Lunar New Year holiday season. Property sector weakness weighing on household spending confidence.,DATA_RELEASE
India February NBFC AUM grows 18 percent versus 19 percent in year ago period. Retail lending drives expansion while wholesale book remains flat. Asset quality stable with NPAs at 2.6 percent of advances.,DATA_RELEASE
US February personal spending rises 0.8 percent above 0.5 percent expected. Consumer demand strong on services and durable goods purchases. Savings rate falls to 3.6 percent as spending outpaces income.,DATA_RELEASE
India February tea production at 12 crore kg down 5 percent on weather. Assam estates report lower output due to rainfall variation impact. Export demand remains strong for quality Indian tea globally.,DATA_RELEASE
Euro zone February M3 grows 0.4 percent year-on-year first positive reading. Money supply recovery from contraction supporting credit conditions ahead. ECB watching monetary aggregates for policy transmission signals.,DATA_RELEASE
India February pharma exports at 2.5 billion up 8 percent year on year. US generic market and Africa shipments driving growth momentum. API exports improving as supply chain diversification continues.,DATA_RELEASE
US February ISM services at 52.6 below 53.5 expected still expanding. Business activity and new orders moderate from strong January readings. Employment index rises suggesting continued hiring in services.,DATA_RELEASE
India February textiles exports at 2.9 billion down 8 percent on demand. Europe and US markets remain weak on high inventory levels. PLI benefits expected to improve competitiveness over time.,DATA_RELEASE
Japan February CPI at 2.8 percent versus 2.2 percent in January higher. Energy subsidy rollback driving inflation pickup from recent lows. BOJ watching wage negotiations before policy normalization decision.,DATA_RELEASE
India February startup funding at 1.2 billion versus 1.8 billion in January. Late stage deals picking up while early stage remains dominant. Fintech and SaaS sectors attracting most investor interest.,DATA_RELEASE
US February JOLTS job openings at 8.8 million versus 8.9 million in January. Labor market gradually cooling but still tight by historical standards. Quits rate at 2.2 percent showing worker confidence stable.,DATA_RELEASE
India February port cargo at 72 million tonnes up 11 percent year on year. Container traffic leads growth on trade recovery momentum continuing. Private ports gaining market share from major ports steadily.,DATA_RELEASE
Euro zone February bank lending grows 0.3 percent first positive reading since contraction. Credit contraction ending as rate hike effects start to fade. ECB monitoring lending conditions for rate cut timing decision.,DATA_RELEASE
India February insurance premium at 31000 crore up 14 percent year on year. Life insurance grows 12 percent while general insurance at 18 percent. Bancassurance and digital channels driving growth momentum.,DATA_RELEASE
UK February inflation at 3.4 percent versus 4 percent in January lower. Core inflation at 4.5 percent down from 5.1 percent earlier. Bank of England rate cut expectations brought forward to June.,DATA_RELEASE
India February power consumption at 152 billion units up 10 percent annually. Industrial and commercial demand driving growth amid economic expansion. Peak demand touches new high requiring additional capacity.,DATA_RELEASE
US February ADP payrolls at 140000 below 149000 expected slowing hiring. Service sector adds 110000 jobs while goods producers add 30000. Small business employment flat while large firms still hiring.,DATA_RELEASE
India February crude imports at 21 million tonnes steady year on year. Russian crude share at 38 percent of total imports continuing trend. Refinery throughput at record on strong domestic fuel demand.,DATA_RELEASE
China February fixed asset investment grows 4.2 percent below 5 percent expected. Property investment still contracting despite government support measures announced. Infrastructure spending provides partial offset to weakness.,DATA_RELEASE
India February tractor sales at 78000 units up 8 percent on Rabi demand. Rural income improvement from harvest proceeds supporting sales growth. M&M gains market share while Escorts and Sonalika steady.,DATA_RELEASE
US February Michigan sentiment final at 76.9 versus 79.6 preliminary reading. Inflation expectations rise to 3 percent from 2.9 percent earlier. Consumer confidence moderating on persistent price pressures.,DATA_RELEASE
India February two-wheeler exports at 3.2 lakh units up 15 percent annually. Africa and Latin America markets driving export volume growth. Bajaj Auto leads exports followed by TVS and Hero.,DATA_RELEASE
Euro zone February industrial production falls 3.2 percent year-on-year on energy. German manufacturing weakness dragging broader output lower consistently. Capacity utilization declining as new orders remain subdued.,DATA_RELEASE
India February hotel RevPAR at 5800 rupees up 18 percent on occupancy. Business and leisure travel supporting hospitality sector recovery. Room rates rising as demand outpaces capacity addition pace.,DATA_RELEASE
US February personal income rises 1 percent versus 0.4 percent expected. Wage gains and social security adjustments boost household income. Higher income supporting consumer spending despite elevated prices.,DATA_RELEASE
India February air cargo volumes at 2.8 lakh tonnes up 12 percent annually. Pharmaceutical and perishables driving air freight demand growth. Delhi and Mumbai airports handle bulk of cargo volumes.,DATA_RELEASE
Japan February industrial production rises 0.3 percent versus flat expected. Auto output recovering from certification scandal related disruption. Electronics and machinery sectors still facing weak demand.,DATA_RELEASE
India February cement dispatches at 32 million tonnes up 8 percent annually. Housing and infrastructure demand driving volume growth for producers. Prices stable despite cost pressures on fuel and power.,DATA_RELEASE
US February Case-Shiller home prices up 6 percent year-on-year accelerating. Miami Tampa and San Diego lead price gains among major cities. Limited inventory keeping upward pressure on home prices.,DATA_RELEASE
India February UPI transactions at 12.8 billion valued at 18.5 lakh crore. Digital payments growing 40 percent annually on adoption acceleration. PhonePe and Google Pay dominate market share in segment.,DATA_RELEASE
Euro zone February new car registrations rise 10.1 percent year-on-year recovering. EV sales at 15 percent market share as transition continues. German and French markets lead volume recovery in region.,DATA_RELEASE
India February commercial vehicle sales at 82000 units up 4 percent. Medium and heavy trucks grow faster than light commercial vehicles. Tata Motors and Ashok Leyland lead market share standings.,DATA_RELEASE
US February wholesale inventories fall 0.3 percent signaling lean stocks. Retailers managing inventory carefully amid demand uncertainty ahead. Inventory to sales ratio declining to pre-pandemic levels.,DATA_RELEASE
India February railway freight revenue at 16500 crore up 12 percent annually. Coal and iron ore traffic driving earnings growth for railways. Container freight growing as modal shift continues.,DATA_RELEASE
China February PPI at minus 2.5 percent versus minus 2.7 percent in January. Factory gate deflation easing slightly on base effects and stabilization. Manufacturing sector still facing overcapacity and weak demand.,DATA_RELEASE
India February direct tax collection at 19.2 lakh crore up 22 percent. Corporate and personal income tax growth exceeding budget estimates. Advance tax payments in March to boost full year collection.,DATA_RELEASE
US February Empire manufacturing at 8.2 versus minus 12 expected improving. New orders and shipments return to expansion after months of contraction. Manufacturing sector showing signs of stabilization in Northeast.,DATA_RELEASE
India February coal imports at 18 million tonnes down 12 percent annually. Domestic production improvement reducing dependence on thermal coal imports. Indonesian and Australian coal prices also declining.,DATA_RELEASE
Euro zone February construction output rises 1.2 percent on residential building. Civil engineering projects supporting activity despite rate headwinds. Southern Europe showing stronger construction activity growth.,DATA_RELEASE
India February housing sales at 42000 units in top 7 cities up 15 percent. Mumbai and Pune lead volume growth among metropolitan markets. New launches at 38000 units meeting pent-up demand.,DATA_RELEASE
US February leading indicators fall 0.1 percent eighth consecutive decline. Economic outlook weakening but recession concerns moderating recently. Labor market strength providing offset to manufacturing weakness.,DATA_RELEASE
India February vegetable prices fall 8 percent month-on-month on arrivals. Tomato potato and onion prices declining on higher supply. Food inflation expected to moderate further in coming months.,DATA_RELEASE
Japan February trade deficit at 380 billion yen on energy imports. Exports rise 11 percent on auto and machinery shipments. Yen weakness boosting export competitiveness for Japanese manufacturers.,DATA_RELEASE
India February central government spending at 2.8 lakh crore up 25 percent. Capital expenditure accelerates ahead of fiscal year end deadline. Infrastructure ministries leading spending push in final quarter.,DATA_RELEASE
US February Chicago PMI at 44 versus 46 expected still contracting. Orders and production both weak on inventory adjustments continuing. Employment declining as firms right-size workforce levels.,DATA_RELEASE
India February power plant PLF at 72 percent versus 68 percent year ago. Thermal generation running at higher capacity on demand surge. Renewable generation at 15 percent of total mix growing.,DATA_RELEASE
Euro zone February money supply M1 contracts 3.2 percent as deposits shift. Households moving savings to term deposits on higher rates. Narrow money contraction signaling weaker spending ahead.,DATA_RELEASE
India February EPFO additions at 16 lakh versus 14 lakh in year ago period. Formal employment growing as economy expands and formalizes. Manufacturing and services sectors driving job creation.,DATA_RELEASE
US February goods trade deficit at 91 billion versus 88 billion expected. Imports surge on consumer goods while exports decline on aircraft. Trade headwind to Q1 GDP growth widening.,DATA_RELEASE
India February power sector dues fall to 1.2 lakh crore from 1.4 lakh. State discoms improving payment position on liquidity support schemes. AT&C losses declining as reform measures take effect.,DATA_RELEASE
China February foreign exchange reserves at 3.23 trillion stable month-on-month. PBOC managing FX intervention to prevent sharp yuan depreciation. Capital outflow pressures moderating on policy support measures.,DATA_RELEASE
India February petroleum product sales at 18 million tonnes up 4 percent. Diesel and petrol consumption rising on economic activity growth. Aviation fuel demand strong on passenger traffic recovery.,DATA_RELEASE
US February pending home sales rise 1.6 percent on rates stabilization. Contract signings improving as mortgage rates pull back from highs. Existing home sales expected to rise in coming months.,DATA_RELEASE
India February credit card spends at 1.7 lakh crore up 28 percent annually. E-commerce and travel driving credit card transaction growth. Outstanding dues at 2.5 lakh crore with NPAs low.,DATA_RELEASE
Euro zone February economic sentiment at 95.4 versus 96.2 in January declining. Industry and services confidence falling on demand uncertainty. Consumer sentiment stable despite inflation concerns persisting.,DATA_RELEASE
India February NHAI toll collection at 5800 crore up 22 percent annually. FASTag adoption at 98 percent driving efficiency gains. Highway traffic growth reflecting economic activity improvement.,DATA_RELEASE
Japan February machinery orders fall 1.7 percent on weak business investment. Manufacturing capex plans moderating on demand uncertainty globally. Services investment holding up better on domestic consumption.,DATA_RELEASE
India February SIP inflows at 19800 crore rupees new all-time high. Retail investors continuing systematic investment despite market volatility. Equity mutual fund AUM at 24 lakh crore on inflows.,DATA_RELEASE
US February Philly Fed at 5.2 versus minus 8 expected surging. New orders turn positive for first time in months signaling improvement. Manufacturing sentiment improving in Mid-Atlantic region.,DATA_RELEASE
SEBI introduces new framework for algo trading by retail investors in India. Individual traders can now deploy algorithmic strategies through registered brokers. Risk management and audit trail requirements specified for all algo orders.,EXPLANATORY
How the new e-way bill system works for inter-state goods movement. Transporters must generate electronic permits for goods above 50000 rupees value. Real-time tracking enables tax authorities to verify compliance on roads.,EXPLANATORY
RBI guidelines on project finance and infrastructure lending norms for banks. Enhanced provisioning required for under-construction projects with delays. Escrow mechanisms and TRA mandatory for cash flow protection.,EXPLANATORY
Understanding the Sovereign Green Bonds framework and investor benefits in India. Government issues green bonds for renewable energy and climate projects funding. Lower interest rates possible on green bonds versus regular securities.,EXPLANATORY
SEBI regulations on beneficial ownership and ultimate holding company disclosure. Listed companies must identify and report individuals holding 10 percent or more. Chain of ownership must be traced through intermediate entities.,EXPLANATORY
How the PM KUSUM scheme supports solar power adoption in agriculture sector. Farmers can install solar pumps and sell surplus power to grid. Subsidy covers 60 percent of project cost for smaller installations.,EXPLANATORY
RBI framework for digital banking units and paperless account opening process. DBUs offer full range of banking services without physical documentation. Video KYC and Aadhaar-based verification enable instant account activation.,EXPLANATORY
Understanding the credit guarantee scheme for micro and small enterprises CGTMSE. Collateral-free loans up to 2 crore rupees available for eligible MSMEs. Fee-based guarantee covers 85 percent of default for smaller loans.,EXPLANATORY
SEBI guidelines on investor awareness and protection fund utilization by exchanges. IPF used for compensating investors affected by broker defaults. Educational initiatives and investor helplines funded from corpus.,EXPLANATORY
How the electronic negotiable warehouse receipt system works for farmers. Farmers can deposit produce and get digital receipt as collateral. Banks can lend against eNWR without physical inspection of goods.,EXPLANATORY
RBI regulations on BBPS and recurring payments through auto-debit mandates. Billers must register on NPCI platform for bill collection services. Customers can set maximum limits and receive pre-debit notifications.,EXPLANATORY
Understanding the National Infrastructure Pipeline and project prioritization framework. Government identified 8000 projects worth 111 lakh crore for implementation. Sector-wise targets and monitoring mechanism ensure timely execution.,EXPLANATORY
SEBI framework for basic service demat accounts and reduced charges for small investors. BSDA holders with holdings up to 10 lakh get fee waivers. Annual maintenance charges capped to encourage demat penetration.,EXPLANATORY
How the startup India initiative supports new age entrepreneurs and businesses. DPIIT recognition provides tax benefits and regulatory exemptions. Fund of funds and credit guarantee schemes improve access to capital.,EXPLANATORY
RBI guidelines on digital personal loans and customer protection safeguards. Lenders must disclose all fees and interest rates upfront clearly. Cooling-off period allows borrowers to exit without penalty.,EXPLANATORY
Understanding the PM Gati Shakti national master plan for infrastructure development. Sixteen ministries coordinate projects on unified digital platform. Multi-modal connectivity targets reduce logistics costs significantly.,EXPLANATORY
SEBI regulations on segregated portfolio and side-pocketing in mutual funds. AMCs can segregate stressed assets to protect investor interests. Side-pocket units traded separately until recovery or write-off.,EXPLANATORY
How the RoDTEP scheme supports exporters with duty remission benefits. Embedded taxes and duties refunded based on product-specific rates. Electronic credit scrips issued and tradeable on ICEGATE platform.,EXPLANATORY
RBI framework for core banking solution and technology standards for banks. Scheduled banks must implement CBS for all branches mandatorily. Disaster recovery and business continuity requirements specified clearly.,EXPLANATORY
Understanding the GIFT City IFSC regulations for international financial services. Units enjoy 10-year tax holiday and exemption from various duties. Single window clearance and simplified compliance attract global players.,EXPLANATORY
SEBI guidelines on portfolio investment schemes and composite limits for FPIs. Foreign investors can hold up to 10 percent in single company. Aggregate FPI limit aligned with foreign ownership ceiling for companies.,EXPLANATORY
How the Ayushman Bharat Digital Mission creates health ID for citizens. Unique 14-digit identifier links medical records across providers. Patients can share records digitally with consent-based access.,EXPLANATORY
RBI regulations on loan against shares and pledging norms for borrowers. LTV ratio capped at 50 percent for shares held as collateral. Minimum margin requirements triggered on price declines specified.,EXPLANATORY
Understanding the NARCL and IDRCL structure for bad loan resolution. National Asset Reconstruction Company acquires stressed assets from banks. India Debt Resolution Company manages resolution and recovery process.,EXPLANATORY
SEBI framework for corporate governance and whistleblower mechanism compliance. Listed companies must establish vigil mechanism for directors and employees. Audit committee oversees complaints and ensures non-retaliation policy.,EXPLANATORY
How the coal auction and allocation policy works for power and industry. Transparent bidding process for coal blocks under mining reforms. Revenue sharing model with state governments ensures fair distribution.,EXPLANATORY
RBI guidelines on correspondent banking and nostro-vostro account requirements. Banks must conduct due diligence on correspondent relationships. AML compliance and transaction monitoring requirements specified.,EXPLANATORY
Understanding the PLI scheme for automobile and auto component manufacturing. Companies investing in EVs and advanced technology eligible for incentives. Five-year incentive period with production-linked payouts.,EXPLANATORY
SEBI regulations on KYC registration agency and centralized record keeping. CKYC records accessible to all registered intermediaries digitally. Investors complete KYC once for access to all capital market services.,EXPLANATORY
How the PM Awas Yojana urban provides housing subsidy to beneficiaries. Credit-linked subsidy on home loans for lower income households. Interest subsidy of up to 6.5 percent for eligible beneficiaries.,EXPLANATORY
RBI framework for trade receivables discounting system and MSME financing. TReDS platforms enable invoice discounting from large buyers. Multiple financiers bid on invoices improving pricing for MSMEs.,EXPLANATORY
Understanding the merger control regulations and CCI approval thresholds. Combinations above 2000 crore assets or 6000 crore turnover need approval. Failure to notify results in penalties and potential reversal.,EXPLANATORY
SEBI guidelines on stewardship code and responsible investing by institutions. Institutional investors must have policy on voting and engagement. Disclosure of voting records and stewardship activities mandatory.,EXPLANATORY
How the National Pension System works for corporate sector employees. Employers can offer NPS as retirement benefit with tax advantages. Tier 1 mandatory contributions and Tier 2 voluntary savings.,EXPLANATORY
RBI regulations on fair practices code and customer service obligations. Banks must have board-approved policy on customer treatment. Grievance redressal timeline and escalation process specified clearly.,EXPLANATORY
Understanding the Companies Act provisions for CSR spending requirements. Companies meeting profit threshold must spend 2 percent on CSR. Unspent amounts transferred to separate account for utilization.,EXPLANATORY
SEBI framework for SCORES platform and online investor complaint resolution. Investors can file complaints against listed companies and intermediaries. Timeline for response and resolution monitored by regulator.,EXPLANATORY
How the Production Linked Incentive scheme works for white goods sector. Air conditioner and LED manufacturing eligible for incentives. Investment and production thresholds determine benefit eligibility.,EXPLANATORY
RBI guidelines on financial inclusion and priority sector lending targets. Banks must open accounts for unbanked households under PMJDY. Business correspondent model enables last-mile banking access.,EXPLANATORY
Understanding the IBBI regulations for voluntary liquidation of companies. Solvent companies can wind up through voluntary liquidation process. Insolvency professional appointed to manage liquidation proceedings.,EXPLANATORY
SEBI regulations on credit rating agencies and rating process transparency. Rating agencies must have clear methodology for each rating. Rating committee composition and conflict of interest policies specified.,EXPLANATORY
Crisil Research sees corporate earnings growth moderating in coming quarters ahead. Base effects and margin normalization impacting profit growth rates. Nifty earnings growth expected at 12 percent versus 15 percent earlier.,MARKET_OPINION
BofA analysts expect steel prices to recover on China output restrictions. Supply discipline and infrastructure demand supporting price stability ahead. JSW Steel and Tata Steel among preferred sector picks.,MARKET_OPINION
Tata Mutual Fund managers positive on healthcare sector structural growth story. Hospital and diagnostic chains benefiting from capacity expansion cycle. Apollo and Max Healthcare among preferred names for exposure.,MARKET_OPINION
Goldman Sachs strategists see Indian rupee as most attractive EM currency. Strong macro fundamentals and reform continuity supporting INR outlook. Currency hedged India exposure recommended for global investors.,MARKET_OPINION
IDFC Mutual Fund cautious on broader market after strong year to date rally. Valuations stretched in mid and small cap segments relative to earnings. Profit booking advised in momentum stocks with weak fundamentals.,MARKET_OPINION
Kotak AMC sees opportunities in PSU stocks despite recent outperformance observed. Dividend yield and valuation support still attractive for select names. ONGC and NTPC among preferred picks for income investors.,MARKET_OPINION
Prabhudas Lilladher analysts bullish on defense sector indigenization theme plays. Order book visibility and margin improvement supporting earnings growth. HAL and Bharat Electronics among preferred picks for exposure.,MARKET_OPINION
Carmignac portfolio managers see emerging market debt outperforming developed markets. High real yields and improving fundamentals supporting EM bond returns. India and Brazil among preferred country allocations.,MARKET_OPINION
Nirmal Bang analysts expect textile sector to benefit from export recovery. Cotton price normalization and demand pick up supporting margin improvement. Arvind and Welspun among preferred picks for sector exposure.,MARKET_OPINION
Legal and General increasing passive exposure to India through ETF allocations. Index inclusion driving flows into government bonds and equity markets. Systematic investment approach preferred over tactical timing.,MARKET_OPINION
IDBI Capital analysts bullish on media sector advertising recovery prospects. Election spending and festive season demand supporting revenue growth. Zee Entertainment and Sun TV among preferred picks.,MARKET_OPINION
Lazard asset managers see value opportunities in Indian public sector companies. Trading discounts to private peers despite improving operational performance. Valuation re-rating potential exists as governance improves.,MARKET_OPINION
Centrum Broking analysts expect insurance sector APE growth to accelerate. Awareness increase and product innovation driving policy sales momentum. HDFC Life and SBI Life among preferred picks for sector.,MARKET_OPINION
PGIM fund managers maintaining underweight position on China versus India allocation. Regulatory overhang and growth concerns in China contrast with India. Relative allocation likely to shift further toward India.,MARKET_OPINION
ICICI Direct analysts bullish on hospital sector bed addition growth cycle. Capacity expansion and occupancy improvement supporting revenue visibility. Apollo and Max Healthcare among top picks for healthcare.,MARKET_OPINION
Mirae Asset portfolio managers see SIP flows supporting equity market resilience. Retail investor participation through systematic route providing consistent buying. Volatility likely to be absorbed by steady domestic inflows.,MARKET_OPINION
Geojit analysts expect sugar sector to benefit from ethanol blending policy. Diversion of cane to ethanol production improving industry profitability. Balrampur Chini and Triveni Engineering among preferred picks.,MARKET_OPINION
Eastspring Investments increasing allocation to Indian small and midcap funds. Growth companies in manufacturing and services offering attractive opportunities. Quality bias maintained in stock selection to manage volatility.,MARKET_OPINION
Angel One analysts bullish on brokerage sector market share gain story. Discount brokers capturing volumes from traditional players at rapid pace. Revenue growth and margin expansion driving earnings momentum.,MARKET_OPINION
Neuberger Berman sees private credit opportunity expanding in Indian market. Banks deleveraging creating space for alternative lenders in mid market. Real estate and infrastructure driving deal flow for credit funds.,MARKET_OPINION
Anand Rathi analysts expect retail sector footprint expansion to accelerate. Mall development and consumption growth supporting organized retail gains. Avenue Supermarts and Trent among preferred picks for exposure.,MARKET_OPINION
Motilal Oswal AMC sees manufacturing theme driving next equity market rally. PLI beneficiaries and export oriented companies offering structural opportunities. Thematic funds positioned to capture industrialization megatrend.,MARKET_OPINION
Systematix analysts bullish on packaging sector demand growth outlook ahead. FMCG and pharma end markets driving volume expansion for converters. Huhtamaki and Uflex among preferred picks for sectoral exposure.,MARKET_OPINION
Aditya Birla Sun Life fund managers cautious on high PE growth stocks. Valuation premiums not justified by earnings growth differential. Rotation toward value stocks expected as rates remain elevated.,MARKET_OPINION
PhillipCapital analysts expect agrochemical sector to benefit from normal monsoon. Crop protection demand revival and inventory normalization supporting recovery. UPL and PI Industries among preferred picks for sector.,MARKET_OPINION
Eastspring Investments sees Indian infrastructure bonds as attractive allocation. Long tenor assets matching liability profile for insurance portfolios. Yield pickup over government securities compensating for credit risk.,MARKET_OPINION
SBICAP Securities analysts bullish on gas distribution sector volume growth. CGD network expansion and industrial conversion driving demand acceleration. Gujarat Gas and Mahanagar Gas among preferred sector picks.,MARKET_OPINION
TPG Capital increasing India exposure in Asia focused private equity funds. Digital economy and financial services attracting growth capital investments. Control deals preferred over minority stakes for value creation.,MARKET_OPINION
Prabhudas Lilladher analysts expect power sector reforms to drive re-rating. Generation capacity addition and distribution privatization improving outlook. NTPC and Power Grid among preferred picks for exposure.,MARKET_OPINION
Northern Trust asset managers see ESG integration improving India investment case. Governance and sustainability improvements attracting long term capital. Companies with strong ESG scores trading at premium valuations.,MARKET_OPINION
HDFC Securities analysts bullish on logistics sector formalization benefits. GST implementation and ecommerce growth driving organized player gains. Container Corporation and TCI Express among sector picks.,MARKET_OPINION
KKR private equity increasing India allocation in Asia buyout strategy. Consumer and healthcare sectors offering attractive acquisition opportunities. Platform building approach preferred for long term value creation.,MARKET_OPINION
Choice Broking analysts expect tile sector to benefit from real estate recovery. Branded players gaining share from unorganized segment in upcycle. Kajaria and Somany among preferred picks for building materials.,MARKET_OPINION
Manulife Investment Management sees India as core emerging market allocation. Demographic dividend and reform momentum supporting structural growth thesis. Overweight position maintained despite near term valuation concerns.,MARKET_OPINION
SKP Securities analysts bullish on diagnostic chains capacity expansion story. Test volume growth and network expansion driving revenue momentum. Dr Lal PathLabs and Metropolis among preferred healthcare picks.,MARKET_OPINION
Temasek increasing India allocation in global portfolio rebalancing exercise. Technology and financial services sectors attracting strategic investment. Long term capital partner approach differentiating from financial investors.,MARKET_OPINION
Ventura Securities analysts expect paint sector to see margin improvement. Input cost normalization and price increases supporting profitability recovery. Asian Paints and Berger among preferred picks for exposure.,MARKET_OPINION
Lord Abbett fund managers see value in Indian high yield corporate bonds. Credit quality improvement and default rates decline supporting returns. Selectively adding exposure to well researched issuer credits.,MARKET_OPINION
Polkadot crashes 28 percent as parachain auction expectations disappoint investors sharply. DOT token faces heavy selling as unlock schedule adds supply pressure. Cross-chain interoperability narrative loses momentum amid market correction.,BREAKING_NEWS
SEBI suspends trading in 15 penny stocks after detecting widespread price manipulation. Retail investors trapped as stocks frozen at lower circuits indefinitely. Investigation reveals operator-driven circular trading patterns in small caps.,BREAKING_NEWS
Nifty futures crash 500 points on SGX as Japan earthquake triggers risk-off globally. Asian markets tumble on supply chain disruption concerns from disaster. Pre-market indicates sharp gap down opening for Indian markets.,BREAKING_NEWS
Major fintech startup suspends lending operations after RBI flags regulatory violations. Company faces scrutiny over digital lending practices and data privacy. Stock of listed parent company crashes 25 percent on uncertainty.,BREAKING_NEWS
Chainlink crashes 22 percent after oracle network faces unprecedented data accuracy issues. LINK token tumbles as DeFi protocols dependent on price feeds panic. Smart contract ecosystem faces systemic risk from oracle failure.,BREAKING_NEWS
NSE penalizes major broker for client fund misuse worth 500 crore rupees. Trading membership suspended pending investigation into segregation violations. Affected clients face uncertainty over recovery of misappropriated funds.,BREAKING_NEWS
Uniswap crashes 35 percent as SEC threatens enforcement action against DEX protocols. Decentralized exchanges face regulatory scrutiny over unlicensed securities offering. DeFi tokens tank as compliance concerns spread across sector.,BREAKING_NEWS
HDFC Bank faces technical glitch affecting millions of UPI transactions today. Customers unable to complete payments as system errors persist for hours. Bank scrambles to restore services amid customer complaints surge.,BREAKING_NEWS
Litecoin crashes 20 percent on news of major exchange delisting announcement. LTC faces selling pressure as regulatory concerns intensify globally. Crypto market sentiment deteriorates on fresh regulatory headwinds.,BREAKING_NEWS
Adani Green shares crash 18 percent as international lender recalls loan facility. Renewable energy company faces refinancing pressure on covenant breaches. Group working with advisors to address funding concerns immediately.,BREAKING_NEWS
Stellar crashes 25 percent after foundation announces accelerated token unlock schedule. XLM supply surge triggers selling as investors front-run the dilution. Ecosystem development funding concerns add to bearish sentiment.,BREAKING_NEWS
RBI imposes penalty of 5 crore rupees on private bank for KYC violations. Bank faces restrictions on certain business activities pending compliance. Stock falls 6 percent on regulatory action announcement today.,BREAKING_NEWS
Cosmos crashes 30 percent as major DeFi hack drains 200 million from ecosystem. ATOM token tumbles as cross-chain bridge exploit exposes vulnerabilities. Interchain security concerns spread across Cosmos-based protocols.,BREAKING_NEWS
Zee Entertainment faces SEBI investigation over preferential allotment pricing issues. Stock crashes 12 percent as regulatory scrutiny intensifies on transaction. Promoters maintain compliance with all applicable laws and regulations.,BREAKING_NEWS
Algorand crashes 28 percent after founding team announces departure from project. ALGO token faces selling pressure as decentralization concerns emerge. Blockchain ecosystem future uncertain without key technical leadership.,BREAKING_NEWS
Yes Bank shares crash 15 percent after RBI identifies fresh governance lapses. Central bank mandates board reconstitution within 90 days deadline. Investors worried about repeat of previous crisis at the bank.,BREAKING_NEWS
VeChain crashes 32 percent as Chinese regulatory crackdown intensifies on crypto. VET token tumbles as enterprise blockchain partnerships face uncertainty. Supply chain tracking use cases threatened by hostile policy environment.,BREAKING_NEWS
Nifty crashes 600 points in opening trade as US debt ceiling crisis escalates. Global risk assets sell off on fears of potential US default. Gold and bonds rally as investors seek safe haven protection.,BREAKING_NEWS
Filecoin crashes 26 percent after major mining pool operator files for bankruptcy. FIL token faces selling pressure as storage network capacity concerns. Decentralized storage sector sentiment deteriorates on news.,BREAKING_NEWS
SpiceJet CEO arrested by ED in money laundering investigation related to airline. Stock crashes 22 percent as operations face uncertainty from leadership vacuum. Board meets to appoint interim management and address concerns.,BREAKING_NEWS
Aave crashes 24 percent after flash loan exploit drains 50 million from protocol. AAVE governance token tumbles as DeFi security concerns resurface. Protocol pauses certain markets pending security audit completion.,BREAKING_NEWS
Bandhan Bank shares crash 14 percent after RBI flags asset quality concerns. Microfinance portfolio faces stress as collection efficiency declines sharply. Central bank mandates higher provisioning and capital buffers.,BREAKING_NEWS
Near Protocol crashes 29 percent as key development team members resign suddenly. NEAR token faces selling as ecosystem growth concerns mount. Layer 1 competition intensifies as sentiment turns bearish.,BREAKING_NEWS
BPCL faces massive fire at Mumbai refinery forcing emergency shutdown today. Fuel supplies to western region likely to face temporary disruption. Company activating contingency plans to maintain product availability.,BREAKING_NEWS
Fantom crashes 35 percent as bridge exploit drains 100 million from ecosystem. FTM token tumbles as cross-chain vulnerabilities exposed again. DeFi total value locked falls sharply on contagion fears.,BREAKING_NEWS
Tata Power shares crash 10 percent after major thermal plant faces forced outage. Generator faces penalty for reliability failure during peak demand period. Company working to restore unit and minimize revenue impact.,BREAKING_NEWS
Internet Computer crashes 40 percent after major dapp developer abandons project. ICP faces selling pressure as adoption concerns intensify significantly. Web3 vision questioned as key use cases fail to materialize.,BREAKING_NEWS
Reliance Jio faces pan-India network outage affecting millions of subscribers today. Voice and data services disrupted as fiber backbone faces issues. Company working to restore connectivity on priority basis.,BREAKING_NEWS
Hedera crashes 27 percent after smart contract vulnerability exposes security flaws. HBAR token tumbles as enterprise adoption narrative comes under question. Network pauses certain services pending comprehensive security audit.,BREAKING_NEWS
IndusInd Bank faces ED raids at multiple locations on money laundering probe. Stock crashes 12 percent as investigation scope remains unclear. Bank maintains cooperation with authorities and denies wrongdoing.,BREAKING_NEWS
Quant crashes 31 percent as interoperability protocol faces critical bug discovery. QNT token tumbles as enterprise clients pause integration plans. Multi-chain connectivity narrative suffers setback on security concerns.,BREAKING_NEWS
Maruti Suzuki halts production at Manesar plant after fire in paint shop. Factory producing 2500 cars daily faces week-long shutdown estimate. Insurance claim filed as company assesses damage extent.,BREAKING_NEWS
Injective crashes 33 percent after exchange exploit results in user fund losses. INJ token faces selling as decentralized derivatives platform confidence shakes. DeFi exchange security concerns spread to other protocols.,BREAKING_NEWS
ONGC faces explosion at offshore platform injuring multiple workers critically. Production at major oil field suspended pending safety investigation. Company shares fall 5 percent on incident reports.,BREAKING_NEWS
Render crashes 28 percent as GPU cloud network faces major outage issues. RNDR token tumbles as AI rendering jobs face delays on platform. Decentralized compute narrative weakens on reliability concerns.,BREAKING_NEWS
ICICI Lombard faces IRDAI show cause notice on claim rejection practices. Insurance regulator flags high ratio of rejected health insurance claims. Stock falls 8 percent on regulatory scrutiny concerns.,BREAKING_NEWS
Arbitrum crashes 25 percent as layer 2 sequencer faces extended downtime. ARB token tumbles as transaction processing halts for several hours. Ethereum scaling solution reliability comes under sharp criticism.,BREAKING_NEWS
SBI Cards shares crash 15 percent after RBI flags high delinquency trends. Credit card issuer faces pressure to tighten underwriting standards. Management announces enhanced collection efforts and provisioning.,BREAKING_NEWS
Optimism crashes 30 percent after key protocol upgrade faces critical delays. OP token tumbles as roadmap timeline concerns intensify among investors. Layer 2 competition heats up as sentiment turns negative.,BREAKING_NEWS
Tata Steel plant faces major accident with molten metal spillage injuring workers. Production at Jamshedpur facility suspended for safety investigation. Company stock falls 4 percent on operational concerns.,BREAKING_NEWS
Lido crashes 26 percent as Ethereum staking protocol faces slashing penalties. LDO token tumbles as validator performance concerns emerge significantly. Liquid staking dominance questioned on concentration risks.,BREAKING_NEWS
Zee Entertainment board faces hostile takeover attempt from strategic investor. Stock swings wildly as control battle intensifies among shareholders. SEBI monitoring situation for potential disclosure violations.,BREAKING_NEWS
Immutable crashes 29 percent after gaming marketplace faces low user adoption. IMX token tumbles as NFT gaming sector sentiment turns bearish. Web3 gaming narrative struggles to gain mainstream traction.,BREAKING_NEWS
DHFL promoters arrested by CBI in connection with loan diversion allegations. Housing finance company crisis deepens as criminal investigation widens. Resolution process complications expected on fresh legal issues.,BREAKING_NEWS
Gala crashes 35 percent as gaming blockchain project faces internal team conflict. GALA token tumbles as governance disputes become public knowledge. Investor confidence shakes as development roadmap faces uncertainty.,BREAKING_NEWS
Hindalco faces major production disruption at Odisha smelter on power issues. Aluminum output likely to fall 20 percent in current quarter. Company shares decline 6 percent on supply concerns.,BREAKING_NEWS
Stacks crashes 27 percent as Bitcoin layer 2 protocol faces technical issues. STX token tumbles as network upgrade encounters unexpected problems. Bitcoin DeFi ecosystem sentiment deteriorates on concerns.,BREAKING_NEWS
Hindustan Zinc faces government pressure on dividend policy and cash reserves. State-run company shares fall 8 percent on policy uncertainty. Minority shareholders concerned about potential value extraction.,BREAKING_NEWS
Flow crashes 32 percent as NBA Top Shot sales collapse to multi-year lows. FLOW token tumbles as NFT marketplace revenue disappoints badly. Sports collectibles NFT narrative fails to sustain momentum.,BREAKING_NEWS
Central government revises fiscal deficit target upward triggering bond selloff. 10-year yield spikes 25 bps as supply concerns dominate market. Foreign investors dump Indian bonds on fiscal slippage concerns.,BREAKING_NEWS
India March PMI manufacturing at 59.1 versus 56.9 in February accelerating. Output and new orders both surge on strong domestic demand. Employment growth robust as capacity utilization rises higher.,DATA_RELEASE
US March payrolls at 236000 versus 239000 expected with upward revisions. Unemployment rate falls to 3.5 percent matching cycle lows. Wage growth at 4.2 percent still elevated supporting services inflation.,DATA_RELEASE
India March CPI inflation at 4.85 percent versus 5.09 percent in February. Food inflation moderates to 7.8 percent on vegetable price correction. Core inflation stable at 3.4 percent within RBI comfort zone.,DATA_RELEASE
China March PMI manufacturing at 50.8 versus 50.2 in February expanding. Factory activity improving as domestic demand shows recovery signs. Services PMI at 54.2 indicates consumption gaining momentum.,DATA_RELEASE
US March retail sales fall 0.4 percent versus flat expected on autos. Consumer spending moderating as rate hikes impact discretionary purchases. Control group flat suggesting underlying spending resilience.,DATA_RELEASE
India Q4 GDP growth at 7.8 percent versus 8.4 percent in Q3 strong. Private consumption accelerates as rural demand recovers gradually. Full year growth at 7.2 percent exceeds most forecasts.,DATA_RELEASE
Euro zone March inflation at 2.4 percent versus 2.6 percent in February. Core inflation falls to 2.9 percent from 3.1 percent earlier. ECB rate cut in June now firmly priced by markets.,DATA_RELEASE
India March GST collection at 1.78 lakh crore up 11.5 percent annually. Year end compliance rush and economic growth supporting revenues. FY24 collection at 20.2 lakh crore new record high.,DATA_RELEASE
US March CPI at 3.5 percent year-on-year versus 3.2 percent in February. Core CPI sticky at 3.8 percent on services and shelter costs. Fed rate cut expectations pushed back to September.,DATA_RELEASE
India March forex reserves at 642 billion up 23 billion from February. FPI inflows and trade improvement supporting reserve accretion. Import cover at 12 months highest in recent years.,DATA_RELEASE
UK March CPI falls to 3.2 percent from 3.4 percent in February. Services inflation moderates to 5.8 percent from 6.1 percent. Bank of England rate cut expected in June meeting.,DATA_RELEASE
India March core sector output grows 5.2 percent versus 6.7 percent in February. Coal and electricity growth moderates on base effects. Steel production accelerates on infrastructure demand.,DATA_RELEASE
US March housing starts fall 3.2 percent on higher mortgage rate impact. Single family starts decline while multi-family shows stability. Permit data suggests construction activity to moderate ahead.,DATA_RELEASE
India FY24 trade deficit at 240 billion versus 265 billion in FY23. Oil imports stable while non-oil imports decline on prices. Services exports provide crucial support to current account.,DATA_RELEASE
China March CPI rises 1.2 percent year-on-year versus 0.7 percent in February. Consumer prices recovering from deflation on base effects. PPI at minus 2.3 percent still showing factory deflation.,DATA_RELEASE
India March IIP growth at 4.9 percent versus 3.8 percent in February. Manufacturing output at 4.2 percent with consumer durables strong. Capital goods production indicates investment momentum continuing.,DATA_RELEASE
US March ISM manufacturing at 50.3 versus 47.8 in February returning to expansion. New orders and production both positive for first time in months. Employment index also expands signaling labor demand.,DATA_RELEASE
India March WPI inflation at 0.5 percent versus 0.2 percent in February. Food articles at 7.2 percent while fuel remains deflationary. Manufacturing inflation benign at 0.6 percent supporting margins.,DATA_RELEASE
Euro zone Q1 GDP grows 0.3 percent versus flat in Q4 improving. Germany returns to growth while France and Spain accelerate. Investment picks up as rate hike effects start fading.,DATA_RELEASE
India March auto sales up 6 percent with passenger vehicles at 3.58 lakh units. Two-wheeler sales rise 12 percent on rural demand improvement. EV sales at 9500 units growing 45 percent.,DATA_RELEASE
US March existing home sales rise 4.4 percent to 4.19 million rate. Sales improving as mortgage rates stabilize and inventory rises. Median price at 393000 dollars up 4.8 percent annually.,DATA_RELEASE
India March services PMI at 61.2 versus 60.6 in February expanding robustly. New business growth strong from domestic and export markets. Employment rises at fastest pace in six months.,DATA_RELEASE
China March exports rise 8.5 percent year-on-year on electronics and machinery. Trade surplus at 92 billion dollars on strong external demand. Shipments to ASEAN and EU driving growth momentum.,DATA_RELEASE
India March bank credit grows 16.8 percent versus 16.3 percent in February. Retail and services driving loan growth while industry improves. Deposit growth at 13.8 percent narrowing the gap.,DATA_RELEASE
US March consumer confidence at 103.2 below 107 expected declining. Present situation stable while expectations index falls on inflation. Buying plans for big-ticket items deteriorate on rates.,DATA_RELEASE
India FY24 FDI inflows at 48 billion versus 42 billion in FY23. Manufacturing and services sectors attracting higher investment. Singapore and Japan increase India investment allocation.,DATA_RELEASE
Euro zone March unemployment steady at 6.5 percent matching expectations. Youth unemployment improves to 14.1 percent from 14.4 percent. Labor market resilient despite manufacturing weakness.,DATA_RELEASE
India March cement production up 11.5 percent on housing and infrastructure. Capacity utilization at 78 percent highest in fiscal year. Prices stable as demand absorbs capacity additions.,DATA_RELEASE
US March durable goods orders rise 2.6 percent on aircraft orders. Core capital goods orders up 0.2 percent showing steady investment. Manufacturing sector showing signs of stabilization ahead.,DATA_RELEASE
India March steel consumption at 13.2 million tonnes up 12 percent annually. Infrastructure and auto sectors driving domestic demand growth. Exports decline as domestic consumption takes priority.,DATA_RELEASE
UK March retail sales fall 0.8 percent on Easter timing distortions. Annual sales down 0.8 percent as cost pressures persist. Discretionary spending remains under pressure on rates.,DATA_RELEASE
India March mutual fund AUM at 57.2 lakh crore up 30 percent annually. Equity inflows at 28500 crore highest in any month record. SIP at 20100 crore continues setting new highs.,DATA_RELEASE
US March industrial production flat versus 0.1 percent expected. Manufacturing output declines 0.3 percent on inventory adjustments. Capacity utilization at 78.4 percent below long-term average.,DATA_RELEASE
India March gold imports at 3.8 billion versus 4.2 billion in February. Lower international prices supporting import volume modestly. Trade deficit narrows on lower precious metals imports.,DATA_RELEASE
China March new home prices fall 0.3 percent versus 0.6 percent in February. Property sector showing tentative signs of stabilization ahead. Tier 1 city prices holding up better than lower tiers.,DATA_RELEASE
India March electricity generation up 8.2 percent on industrial activity. Peak demand at 246 GW sets new record for summer. Renewable share at 14 percent of total generation.,DATA_RELEASE
US March building permits rise 1.5 percent on single family strength. Multi-family permits decline as apartment supply concerns persist. Housing construction pipeline improving on rate outlook.,DATA_RELEASE
India March food grain stocks at 75 million tonnes above buffer norms. Wheat and rice procurement progressing well in major states. Government well positioned for PDS distribution needs.,DATA_RELEASE
Euro zone March consumer confidence at minus 14.8 versus minus 15.5 in February. Sentiment improving as inflation falls toward target levels. Retail spending expected to pick up in Q2.,DATA_RELEASE
India March IT exports at 19.5 billion versus 18.4 billion in February. FY24 exports at 220 billion up 6 percent annually. Deal wins in digital transformation driving growth.,DATA_RELEASE
US March new home sales rise 8.8 percent to 693000 annual rate. Builder incentives and limited resale inventory supporting sales. Median price at 430000 dollars on mix shift.,DATA_RELEASE
Nifty 50 trades in narrow range between 22800 and 22900 levels today. Lack of fresh triggers keeping market in consolidation mode currently. Traders await US Fed meeting outcome for directional clarity.,DESCRIPTIVE
Sensex ends 200 points higher at 75300 on banking sector strength today. Private banks outperform as HDFC Bank and ICICI Bank lead gains. IT stocks remain under pressure on rupee appreciation concerns.,DESCRIPTIVE
Crude oil declines to 79 dollars per barrel on higher US inventory data. Brent futures fall for second day as demand concerns weigh. OMCs may get margin relief if prices stay lower.,DESCRIPTIVE
Rupee appreciates 15 paise to 83.05 against dollar on FII inflows. Currency strengthens as exporters sell dollars ahead of month end. RBI likely bought dollars to build reserves further.,DESCRIPTIVE
Gold falls 500 rupees to 70800 per 10 grams tracking weak global cues. International prices decline on dollar strength and rate concerns. Domestic demand subdued ahead of wedding season pickup.,DESCRIPTIVE
FIIs net buyers of equities for fifth consecutive session with 2100 crore. Sustained buying supports market near all-time high levels. DIIs also net buyers adding 900 crore to equity positions.,DESCRIPTIVE
Nifty Smallcap 250 rises 1.5 percent continuing outperformance over benchmarks. Retail participation remains strong in broader market stocks. Valuations elevated but momentum continues on liquidity flows.,DESCRIPTIVE
Bitcoin consolidates near 68000 dollars with low volatility this week. Cryptocurrency market awaiting regulatory clarity for next move. Ethereum trades near 3700 dollars with modest gains.,DESCRIPTIVE
Nifty IT index falls 1 percent as TCS and Infosys drag sector lower. Cross-currency headwinds and deal delays weighing on sentiment. Wipro and HCL Tech relatively outperform index today.,DESCRIPTIVE
Bajaj Finserv shares rise 2.5 percent on subsidiary business momentum. Insurance and asset management segments showing strong growth. Stock trades near 52-week high on fundamentals.,DESCRIPTIVE
Nifty Pharma index gains 1.5 percent led by Sun Pharma and Dr Reddy's. Sector sees buying after underperformance in recent sessions. USFDA approvals providing positive catalysts for stocks.,DESCRIPTIVE
HDFC Asset Management shares end flat on profit booking after rally. Stock had gained sharply on AUM growth and margin improvement. Mutual fund industry tailwinds continue to support outlook.,DESCRIPTIVE
Nifty Metal index declines 1.2 percent on weak China demand signals. Steel and aluminum stocks face selling on pricing concerns. Base metal futures trading lower on global cues.,DESCRIPTIVE
Nestle India shares trade marginally higher on defensive buying interest. FMCG major seen as safe haven amid market volatility. Stock offers stable returns despite premium valuations.,DESCRIPTIVE
Nifty Bank index ends at new high crossing 50200 level for first time. Private bank heavyweights driving index to record territory. Credit growth and asset quality supporting sector momentum.,DESCRIPTIVE
Adani Enterprises shares gain 3 percent on block deal in counter. Stock sees institutional buying at current price levels. Group stocks trading positive on sentiment improvement.,DESCRIPTIVE
Nifty Realty index rises 2 percent led by Godrej Properties and Prestige. Real estate stocks rally on strong pre-sales data. Housing demand remaining robust in key metro markets.,DESCRIPTIVE
LIC Housing Finance shares fall 2 percent on margin pressure concerns. NBFC facing competition from banks on housing loan rates. Stock trades at discount to housing finance peers.,DESCRIPTIVE
Nifty PSU Bank index gains 1.5 percent on valuation rerating theme. State-run banks trading positive on improved fundamentals. SBI and BoB contributing most to index gains.,DESCRIPTIVE
Tata Power shares touch new high on green energy expansion plans. Renewable capacity additions driving investor interest in stock. Management guidance on capex supporting bullish sentiment.,DESCRIPTIVE
Nifty Consumer Durables index falls 1 percent on demand concerns. Voltas and Havells lead losses on margin headwinds ahead. Summer season demand crucial for sector performance.,DESCRIPTIVE
Muthoot Finance shares gain 2 percent on gold loan growth data. NBFC benefits from higher gold prices and loan demand. Stock offers attractive dividend yield for investors.,DESCRIPTIVE
Nifty Healthcare index rises 1.8 percent on hospital stock strength. Apollo and Fortis Healthcare lead gains on expansion news. Diagnostic stocks also trading positive today.,DESCRIPTIVE
Tata Communications shares end flat after volatile trading session. Stock consolidates after recent outperformance on deal wins. Digital transformation services driving revenue growth.,DESCRIPTIVE
Nifty Auto index trades marginally lower with mixed stock performance. Tata Motors gains while Maruti and M&M decline today. Sector awaits monthly sales data for direction.,DESCRIPTIVE
Tube Investments shares rise 3 percent on engineering segment growth. Company benefiting from auto component demand improvement. Stock trades near all-time high on fundamentals.,DESCRIPTIVE
Nifty Oil and Gas index ends higher led by ONGC and Gail gains. Sector benefits from stable crude prices and gas demand. Reliance Industries trades flat in narrow range.,DESCRIPTIVE
Max Healthcare shares gain 2.5 percent on bed occupancy improvement. Hospital chain seeing strong patient volumes in metro centers. Stock trades at premium to sector peers.,DESCRIPTIVE
Nifty Financial Services index rises 0.8 percent on insurance strength. HDFC Life and ICICI Pru Life lead sectoral gains today. NBFCs trading mixed with profit booking in leaders.,DESCRIPTIVE
Bharat Electronics shares touch record high on defense order wins. PSU stock benefits from indigenization drive in defense sector. Order book visibility strong for multiple years.,DESCRIPTIVE
Nifty Infra index gains 1.2 percent on capital goods stock strength. L&T and Siemens contribute most to index advances. Infrastructure spending supporting sector outlook.,DESCRIPTIVE
Page Industries shares fall 3 percent on premium valuation concerns. Innerwear maker facing investor skepticism at current multiples. Stock corrects despite steady earnings performance.,DESCRIPTIVE
Nifty Midcap Select index rises 1.3 percent outperforming Nifty 50. Mid-sized companies seeing strong institutional interest. Broader market participation improving on risk appetite.,DESCRIPTIVE
REC shares gain 2.5 percent on power sector lending growth momentum. State-run NBFC seeing strong demand from renewable projects. Stock offers attractive dividend yield support.,DESCRIPTIVE
Nifty Services index ends marginally higher on banking stock support. IT stocks dragging while financials provide offset today. Index trades near record high levels.,DESCRIPTIVE
SBI Life shares rise 2 percent on VNB growth guidance maintained. Private insurer showing resilience in new business premium. Stock trades at premium on growth visibility.,DESCRIPTIVE
Nifty FMCG index declines 0.8 percent on Britannia weakness today. Consumer staples facing headwinds from input cost pressures. ITC provides some support to index on gains.,DESCRIPTIVE
Dixon Technologies shares gain 4 percent on electronics manufacturing wins. Company benefiting from PLI scheme and customer additions. Stock trades near all-time high on momentum.,DESCRIPTIVE
Nifty Dividend Opportunities index rises on PSU stock strength today. High dividend yielding companies attracting investor interest. Coal India and ONGC contributing to gains.,DESCRIPTIVE
Coromandel International shares end flat on fertilizer demand concerns. Company awaits monsoon outlook for Kharif season demand. Stock consolidates after recent outperformance.,DESCRIPTIVE
Nifty 100 index ends 0.6 percent higher tracking Nifty 50 gains. Large cap bias continues to outperform in current market. Blue chip stocks seeing consistent institutional buying.,DESCRIPTIVE
Phoenix Mills shares rise 2.5 percent on retail mall traffic data. Commercial real estate company benefits from consumption recovery. Stock trades near 52-week high on outlook.,DESCRIPTIVE
Nifty Alpha 50 index gains 1.8 percent on momentum stock strength. High alpha strategies outperforming in current market conditions. Traders chasing momentum in select counters.,DESCRIPTIVE
Dalmia Bharat shares fall 1.5 percent on cement pricing concerns. Building materials company faces headwinds from competition. Stock trades below recent highs on volume worries.,DESCRIPTIVE
Nifty MidSmallcap 400 index rises 1.6 percent on broad-based buying. Smaller companies continuing to attract retail interest. Valuations elevated but momentum supporting prices.,DESCRIPTIVE
PI Industries shares gain 3 percent on export order book strength. Agrochemical company benefiting from global demand shift. Stock near record high on earnings visibility.,DESCRIPTIVE
Nifty Low Volatility 50 index ends flat in quiet trading session. Defensive stocks underperforming as risk appetite improves. Index suitable for conservative investor allocation.,DESCRIPTIVE
Affle India shares rise 4 percent on digital advertising growth. Adtech company seeing strong platform revenue expansion. Stock recovers from recent correction on outlook.,DESCRIPTIVE
Nifty 200 index gains 0.7 percent tracking broader market momentum. Larger universe index showing positive breadth today. Mid caps contributing more than large caps.,DESCRIPTIVE
CAMS shares end flat on profit booking after recent rally higher. Mutual fund registrar benefits from industry AUM growth. Stock trades at premium to asset servicing peers.,DESCRIPTIVE
Nifty Growsect 15 index rises 1.5 percent on growth stock momentum. High growth companies outperforming value in current phase. Technology and consumer stocks leading advances.,DESCRIPTIVE
How the SEBI regulations on mutual fund light regulations work for smaller schemes. AMCs with AUM below threshold get simplified compliance framework. Investor protection standards maintained while reducing operational costs for small funds.,EXPLANATORY
Understanding the RBI guidelines on co-lending model for banks and NBFCs. Partner institutions share loans and risks in specified proportions. Blended interest rates benefit borrowers while expanding credit access to underserved.,EXPLANATORY
SEBI framework for investor grievance redressal mechanism and ODR platform. Online dispute resolution enables faster settlement of complaints. Arbitration and mediation available for claims above specified thresholds.,EXPLANATORY
How the PLI scheme for food processing sector supports manufacturers in India. Companies investing in specified categories eligible for sales-based incentives. Ready-to-eat and organic products among priority segments for support.,EXPLANATORY
Understanding the FEMA regulations on downstream investment by foreign entities. Indirect foreign investment through Indian subsidiaries subject to sectoral caps. Ownership and control tests determine compliance requirements.,EXPLANATORY
RBI guidelines on asset reconstruction companies and acquisition of stressed assets. ARCs can bid for NPAs through auctions conducted by lenders. Security receipts issued against acquired assets for funding.,EXPLANATORY
SEBI regulations on depository participant operations and customer protection. DPs must maintain adequate net worth and technology infrastructure. Grievance redressal and service standards mandated for participants.,EXPLANATORY
How the National Asset Monetization Pipeline works for infrastructure assets. Government leases operational assets to private sector for fixed periods. Brownfield monetization generates upfront proceeds for new investments.,EXPLANATORY
Understanding the IFSCA regulations for aircraft leasing in GIFT City. IFSC units can conduct aircraft leasing with tax advantages. Depreciation benefits and GST exemptions attract global lessors.,EXPLANATORY
RBI framework for peer to peer insurance and parametric cover products. Insurtech companies can offer community-based risk pooling solutions. Regulatory sandbox enables testing of innovative insurance models.,EXPLANATORY
SEBI guidelines on listing of commercial paper and short-term debt instruments. Issuers must meet credit rating and disclosure requirements. Electronic book building enables efficient price discovery.,EXPLANATORY
How the Sagarmala scheme develops port-led industrialization in coastal areas. Port modernization and connectivity projects receive government funding. Industrial clusters near ports reduce logistics costs for exports.,EXPLANATORY
Understanding the RBI regulations on interest rate derivatives and hedging. Corporates can hedge interest rate exposure using OTC products. Reporting requirements and documentation standards specified clearly.,EXPLANATORY
SEBI framework for online bond platform providers and fixed income access. Registered platforms can distribute listed debt securities to retail. Yield comparison and credit rating information mandatory for investors.,EXPLANATORY
How the ECLGS scheme supported MSMEs during pandemic and afterwards. Emergency credit line provided additional working capital to stressed businesses. Guarantee coverage enabled banks to extend credit without fresh collateral.,EXPLANATORY
Understanding the customs duty structure and tariff rate quota mechanism. Import duties vary based on trade agreements and domestic priorities. TRQ allows limited quantities at preferential rates for specified goods.,EXPLANATORY
RBI guidelines on reporting of wilful defaulters and action against guarantors. Lenders must follow due process before classifying borrowers as wilful. Personal guarantors face credit restrictions and legal consequences.,EXPLANATORY
SEBI regulations on stock broker business continuity and disaster recovery. Brokers must maintain backup systems for trading operations. Regular testing and audit of DR capabilities mandatory for compliance.,EXPLANATORY
How the PM Vishwakarma scheme supports traditional artisans and craftspeople. Artisans receive training recognition and collateral-free credit support. Market linkage and digital empowerment components enhance livelihoods.,EXPLANATORY
Understanding the IRDAI regulations on health insurance claim settlement. Insurers must settle or reject claims within specified timeline. Cashless facility and network hospital empanelment requirements specified.,EXPLANATORY
RBI framework for tokenization of card credentials and secure payments. Card-on-file tokens replace actual card numbers at merchants. Enhanced security reduces fraud while maintaining payment convenience.,EXPLANATORY
SEBI guidelines on execution of client orders and best execution policy. Brokers must ensure clients get best available prices for trades. Conflict of interest and order priority rules specified clearly.,EXPLANATORY
How the SFURTI scheme develops traditional industry clusters across India. Artisan clusters receive technical and financial support for upgradation. Common facility centers and market access initiatives included.,EXPLANATORY
Understanding the customs regulations on advance authorization and duty exemption. Exporters can import inputs duty-free against export commitments. Obligation period and value addition requirements specified.,EXPLANATORY
RBI guidelines on fraud risk management and internal investigation process. Banks must have board-approved policy for fraud prevention. Reporting timelines to RBI and CBI specified based on value.,EXPLANATORY
SEBI framework for informal guidance and interpretive letters on regulations. Market participants can seek clarification on regulatory provisions. Published guidance helps ensure consistent interpretation of rules.,EXPLANATORY
How the National Beekeeping and Honey Mission supports farmer income. Beekeepers receive training equipment and infrastructure support. Honey processing and certification facilities developed regionally.,EXPLANATORY
Understanding the GST provisions on e-commerce operators and TCS obligations. Marketplaces must collect tax at source on supplier payments. TCS credit available to sellers on GST return filing.,EXPLANATORY
RBI regulations on rupee drawing arrangement and cross-border remittances. Money transfer operators must partner with Indian banks. KYC and transaction limits specified for inward remittances.,EXPLANATORY
SEBI guidelines on promoter reclassification and public shareholder protection. Promoters seeking non-promoter status must meet specified conditions. Minority shareholder approval required for reclassification.,EXPLANATORY
CLSA analysts expect IT sector to bottom out in coming quarters ahead. Demand environment stabilizing after prolonged weakness in spending. TCS and HCL Tech among preferred picks for turnaround.,MARKET_OPINION
Edelweiss AMC managers bullish on capex theme and industrial recovery story. Investment cycle revival benefiting engineering and capital goods sectors. L&T and ABB among preferred plays for theme.,MARKET_OPINION
Nomura strategists see rupee as best performing EM currency in Asia. Strong macro fundamentals and policy stability supporting currency. Carry trade attractiveness improving on rate differential.,MARKET_OPINION
Kotak Securities analysts positive on consumer discretionary recovery prospects. Urban consumption remaining robust while rural shows improvement signs. Titan and Jubilant among preferred picks for exposure.,MARKET_OPINION
HDFC Life fund managers cautious on duration in fixed income portfolios. Rate cut expectations may disappoint if inflation remains elevated. Short duration and floating rate funds preferred currently.,MARKET_OPINION
Credit Suisse analysts bullish on Indian hospitals sector structural growth. Capacity expansion and insurance penetration driving volume growth. Apollo and Fortis among preferred picks for healthcare.,MARKET_OPINION
Ambit Capital sees PSU banks continuing outperformance over private peers. Valuation gap has scope for further narrowing on fundamentals. SBI and Bank of Baroda among top picks.,MARKET_OPINION
JP Morgan analysts expect cement volumes to recover on monsoon normalization. Infrastructure and housing demand supporting industry outlook. UltraTech and Ambuja among preferred picks for sector.,MARKET_OPINION
Axis AMC managers positive on small cap opportunities despite valuations. Quality companies with earnings growth available at reasonable prices. Bottom-up stock selection key in current environment.,MARKET_OPINION
BNP Paribas strategists recommend overweight on India financials in EM. Credit growth and asset quality trends supportive of sector. HDFC Bank and ICICI Bank among core holdings.,MARKET_OPINION
Motilal Oswal analysts bullish on QSR sector same-store sales growth. Dominos and Devyani showing improving unit economics. Organized food services gaining share from unorganized.,MARKET_OPINION
UTI AMC fund managers see value in pharma after sector underperformance. US generic pricing stabilizing while domestic growth remains strong. Sun Pharma and Cipla among preferred picks.,MARKET_OPINION
IIFL Securities analysts positive on auto ancillary export growth story. Global OEMs diversifying supply chains benefiting Indian players. Motherson and Bharat Forge among preferred picks.,MARKET_OPINION
SBI Caps strategists expect Nifty to trade in range near term. Lack of fresh catalysts keeping market in consolidation mode. Sector rotation likely to continue within range.,MARKET_OPINION
Nippon AMC managers bullish on chemical sector long-term growth prospects. Specialty chemicals and agrochemicals seeing strong demand globally. Navin Fluorine and PI Industries among picks.,MARKET_OPINION
Morgan Stanley analysts see Indian real estate sector at inflection point. Affordability improvement and consolidation benefiting organized players. DLF and Oberoi Realty among preferred picks.,MARKET_OPINION
ICICI Direct analysts positive on telecom sector ARPU expansion trajectory. Industry structure supportive of pricing power improvement. Bharti Airtel preferred for pure play telecom exposure.,MARKET_OPINION
Quantum AMC maintains cautious stance with elevated cash in equity funds. Market valuations not providing adequate margin of safety. Waiting for better entry points to deploy capital.,MARKET_OPINION
Kotak AMC sees manufacturing sector as multi-year investment theme. PLI beneficiaries and export oriented companies offering opportunities. Electronics and pharma among preferred sub-sectors.,MARKET_OPINION
Deutsche Bank analysts expect crude oil to trade in 75-85 range. OPEC discipline balanced by demand concerns keeping prices stable. OMCs to maintain healthy marketing margins in range.,MARKET_OPINION
HDFC AMC managers positive on insurance sector APE growth outlook. Protection and annuity products driving profitable growth. HDFC Life and SBI Life among preferred picks.,MARKET_OPINION
Macquarie strategists see steel stocks as value plays at current levels. China output restrictions and domestic demand supportive. Tata Steel and SAIL among contrarian picks.,MARKET_OPINION
Franklin Templeton sees opportunities in corporate bond credit spreads. High grade issuers offering pickup over government securities. AAA rated PSU bonds preferred for credit exposure.,MARKET_OPINION
Prabhudas Lilladher analysts bullish on highway monetization beneficiaries. IRB and NHAI InvIT offering attractive yields to investors. Infrastructure yields competitive with fixed income alternatives.,MARKET_OPINION
Avendus Capital sees private equity deal flow improving in India. Consumer and healthcare sectors attracting growth capital. Secondary transactions providing liquidity to early investors.,MARKET_OPINION
Edelweiss Securities analysts positive on cement sector pricing discipline. Industry avoiding aggressive capacity expansion maintaining margins. Shree Cement and Dalmia among preferred picks.,MARKET_OPINION
ICICI Pru AMC managers see mid caps as sweet spot for returns. Earnings growth higher than large caps at reasonable valuations. Quality and growth focus essential in stock selection.,MARKET_OPINION
Bernstein analysts cautious on e-commerce valuations despite GMV growth. Path to profitability unclear for most platforms. Traditional retail preferred over digital commerce plays.,MARKET_OPINION
Canara Robeco sees SIP flows continuing to support equity markets. Retail participation through systematic route remains robust. Monthly flows providing floor to market corrections.,MARKET_OPINION
Nomura analysts expect private banks to gain deposit market share. CASA improvement and retail focus driving competitive position. HDFC Bank and Kotak among core holdings.,MARKET_OPINION
Aptos crashes 38 percent as network congestion causes widespread transaction failures. APT token tumbles as layer 1 blockchain faces scalability concerns. Move-based ecosystem sentiment deteriorates rapidly on reliability issues.,BREAKING_NEWS
SEBI bars NSE official from capital markets for insider trading violations. Exchange faces regulatory scrutiny over compliance and governance lapses. Stock broker community seeks clarity on market structure implications.,BREAKING_NEWS
Sui crashes 42 percent after major DeFi exploit drains protocol reserves completely. SUI token plummets as new blockchain faces first major security incident. Investor confidence shakes as audit concerns emerge about ecosystem.,BREAKING_NEWS
Kotak Bank faces fresh RBI restrictions on business expansion due to IT concerns. Stock crashes 6 percent as growth outlook uncertain on regulatory action. Management commits to addressing technology infrastructure issues urgently.,BREAKING_NEWS
Mantra crashes 45 percent after whale liquidation triggers cascading selloffs. OM token faces margin call driven selling as leveraged positions unwind. Real-world asset tokenization narrative suffers setback on volatility.,BREAKING_NEWS
Nifty IT index crashes 4 percent as Accenture guidance disappoints on outlook. Indian IT stocks tank on fears of weak demand in discretionary spending. TCS Infosys and Wipro all hit lower circuits on opening.,BREAKING_NEWS
Pepe crashes 50 percent as meme coin frenzy ends abruptly on profit booking. PEPE token faces heavy selling as retail traders exit positions quickly. Meme coin sector loses 20 billion dollars market cap.,BREAKING_NEWS
RBI imposes moratorium on cooperative bank after massive fraud discovered today. Depositors face withdrawal restrictions as investigation into irregularities begins. Government assures protection for small depositors under insurance scheme.,BREAKING_NEWS
Kaspa crashes 35 percent as proof of work blockchain faces mining centralization concerns. KAS token tumbles on governance and decentralization questions emerging. ASIC mining dominance threatening network security model.,BREAKING_NEWS
ICICI Securities faces SEBI investigation over IPO allotment irregularities alleged. Stock crashes 10 percent as regulatory scrutiny intensifies on practices. Company denies wrongdoing and cooperates with investigation fully.,BREAKING_NEWS
Bonk crashes 55 percent as Solana meme coin sector faces massive liquidations. BONK token plunges as leveraged traders face margin calls on positions. Meme coin speculation unwinds rapidly across ecosystem.,BREAKING_NEWS
Bank of India faces RBI penalty for multiple compliance violations discovered. State-run lender fined 5 crore rupees for KYC and AML lapses. Stock falls 4 percent on regulatory action concerns.,BREAKING_NEWS
Jupiter crashes 33 percent after aggregator faces exploit affecting user funds. JUP token tumbles as Solana DeFi confidence shakes significantly. DEX aggregator space faces scrutiny on security practices.,BREAKING_NEWS
Zee Entertainment faces ED investigation over alleged money laundering through subsidiaries. Stock crashes 18 percent as enforcement directorate raids offices. Promoters deny allegations and promise full cooperation with authorities.,BREAKING_NEWS
dogwifhat crashes 48 percent as Solana meme coin momentum reverses sharply. WIF token faces heavy selling from profit taking traders. Meme coin speculation proves unsustainable as reality sets in.,BREAKING_NEWS
Central Bank of India faces capital adequacy concerns flagged by RBI. State-run lender may need government capital infusion to meet norms. Stock crashes 8 percent on solvency worries emerging.,BREAKING_NEWS
Ondo crashes 40 percent as tokenized treasury protocol faces redemption crisis. ONDO token plummets as real-world asset backing comes under question. RWA sector faces confidence crisis on transparency issues.,BREAKING_NEWS
Yes Bank faces fresh ED probe on NPAs from previous management tenure. Stock crashes 12 percent as legal overhang on bank intensifies. Resolution concerns resurface despite turnaround under new management.,BREAKING_NEWS
Pyth crashes 37 percent after oracle network delivers incorrect price feeds. PYTH token tumbles as DeFi protocols face cascading liquidations. Oracle infrastructure reliability comes under severe criticism.,BREAKING_NEWS
DHFL promoters sentenced to prison terms in loan diversion case judgment. Housing finance company saga concludes with criminal convictions. Investors face minimal recovery on claims against the company.,BREAKING_NEWS
Worldcoin crashes 44 percent after regulators worldwide ban iris scanning service. WLD token plummets as privacy concerns trigger regulatory crackdown. Biometric identity project faces existential regulatory challenges.,BREAKING_NEWS
Axis Bank faces customer data breach affecting millions of account holders. Stock falls 5 percent as cybersecurity concerns emerge about systems. Bank assures no financial loss to customers from breach.,BREAKING_NEWS
Fetch crashes 36 percent after AI blockchain protocol fails to deliver roadmap. FET token tumbles as artificial intelligence narrative weakens significantly. AI crypto sector sentiment deteriorates on execution concerns.,BREAKING_NEWS
IndusInd Bank promoters face margin call on pledged shares amid stock decline. Stock crashes 9 percent as forced selling fears emerge. Promoters working to arrange alternative funding to avoid invocation.,BREAKING_NEWS
Notcoin crashes 52 percent as Telegram gaming token loses momentum rapidly. NOT token faces heavy selling as play-to-earn interest fades. Gaming crypto sector struggles to maintain user engagement.,BREAKING_NEWS
UCO Bank faces RBI scrutiny over aggressive loan growth raising concerns. State-run lender may face restrictions on certain business activities. Stock falls 6 percent on regulatory concerns emerging.,BREAKING_NEWS
Brett crashes 58 percent as Base network meme coin speculation collapses. BRETT token plunges as leveraged positions face liquidations. Layer 2 meme coin mania proves short-lived and volatile.,BREAKING_NEWS
PNB Housing faces NHB investigation over loan disbursement practices alleged. Stock crashes 11 percent as regulatory scrutiny intensifies on NBFC. Company maintains compliance with all applicable regulations.,BREAKING_NEWS
Blur crashes 41 percent as NFT marketplace volumes collapse to yearly lows. BLUR token tumbles as platform incentives fail to retain traders. NFT market sentiment deteriorates further on weak activity.,BREAKING_NEWS
Syndicate Bank merger integration faces issues causing customer service disruptions. Canara Bank shares fall 3 percent on execution concerns emerging. Management assures resolution of integration challenges soon.,BREAKING_NEWS
FLOKI crashes 47 percent as meme coin project faces community governance dispute. Token plummets as internal conflicts become public knowledge. Meme coin investments prove risky on governance issues.,BREAKING_NEWS
Reliance Power faces default risk as lenders demand accelerated repayment. Stock crashes 15 percent on debt restructuring concerns emerging. Company seeking extension of repayment timelines from creditors.,BREAKING_NEWS
Akash crashes 39 percent as decentralized cloud protocol faces adoption challenges. AKT token tumbles as enterprise use cases fail to materialize. DePin sector faces skepticism on product-market fit.,BREAKING_NEWS
IDBI Bank faces fresh investigation into historical NPAs and write-offs. Stock falls 4 percent as regulatory scrutiny continues on bank. Privatization process may face delays on investigation overhang.,BREAKING_NEWS
ENA crashes 46 percent as synthetic dollar protocol faces scrutiny on backing. Ethena token plummets as stablecoin model comes under question. DeFi yield concerns emerge on sustainability of returns.,BREAKING_NEWS
Vodafone Idea faces network quality concerns as subscriber losses accelerate. Stock crashes 8 percent on operational and financial challenges. Company seeking fresh capital to invest in network upgrades.,BREAKING_NEWS
Celestia crashes 34 percent as modular blockchain faces competition intensification. TIA token tumbles on concerns about market positioning ahead. Data availability layer narrative weakens on competitive dynamics.,BREAKING_NEWS
SpiceJet faces operational crisis as lessors threaten aircraft repossession. Stock crashes 12 percent on fleet availability concerns mounting. Airline scrambling to make overdue payments to lessors.,BREAKING_NEWS
Pendle crashes 38 percent as yield trading protocol faces liquidity concerns. PENDLE token tumbles on DeFi yield compression worries. Fixed income derivatives space faces adoption challenges.,BREAKING_NEWS
Indiabulls Housing faces fresh regulatory scrutiny on related party transactions. Stock crashes 14 percent on governance concerns resurfacing. Company denies allegations and maintains compliance with rules.,BREAKING_NEWS
Wormhole crashes 43 percent after cross-chain bridge faces security vulnerability. W token plummets as bridge exploit fears emerge again. Interoperability protocols face persistent security concerns.,BREAKING_NEWS
SBIN Cards faces RBI restrictions on new credit card issuance temporarily. Stock falls 7 percent as growth outlook uncertain on action. Company working to address compliance observations raised.,BREAKING_NEWS
SEI crashes 36 percent as layer 1 blockchain loses developer momentum. Token tumbles on ecosystem growth concerns intensifying. Parallel EVM narrative fails to attract sustained interest.,BREAKING_NEWS
Lakshmi Vilas Bank depositors protest over delayed resolution process completion. DBS takeover facing integration challenges affecting customer experience. Government assures full protection of all depositor claims.,BREAKING_NEWS
JTO crashes 49 percent as Jito staking protocol faces regulatory concerns. Token plummets on fears of MEV extraction crackdown. Solana staking ecosystem faces uncertainty on compliance.,BREAKING_NEWS
Raymond faces labor unrest at manufacturing facility disrupting production. Stock falls 4 percent on operational concerns from strike action. Management engaging with workers to resolve issues amicably.,BREAKING_NEWS
BEAM crashes 44 percent as gaming blockchain project fails to gain traction. Token tumbles as blockchain gaming sentiment remains weak. Play-to-earn economics face sustainability questions.,BREAKING_NEWS
Central government announces surprise disinvestment of major PSU stake sale. Market volatility spikes as supply concerns emerge on large offer. Stock of target company crashes 10 percent.,BREAKING_NEWS
Toncoin crashes 31 percent after Telegram founder detained in foreign country. TON token plummets on uncertainty over project leadership ahead. Messaging app ecosystem faces governance uncertainty.,BREAKING_NEWS
Karur Vysya Bank faces asset quality concerns in SME lending portfolio. Stock falls 6 percent on NPA provisioning worries emerging. Management announces enhanced collection efforts on stressed accounts.,BREAKING_NEWS
India April manufacturing PMI at 58.2 versus 59.1 in March still expanding strongly. Output growth moderates slightly from recent highs but remains robust. New orders and employment continue rising on domestic demand.,DATA_RELEASE
US April payrolls at 175000 versus 240000 expected showing labor market cooling. Unemployment rate rises to 3.9 percent from 3.8 percent. Wage growth at 3.9 percent lowest since mid-2021.,DATA_RELEASE
India April CPI inflation at 4.83 percent versus 4.85 percent in March stable. Food inflation at 7.5 percent on vegetable and cereal prices. Core inflation at 3.3 percent remains well contained.,DATA_RELEASE
China April PMI manufacturing at 50.4 versus 50.8 in March still expanding. Factory activity moderating as stimulus effects start fading. Services PMI strong at 55.1 on consumption resilience.,DATA_RELEASE
US April retail sales flat versus 0.4 percent expected disappointing markets. Consumer spending weakening as rate effects take hold. Auto sales drag while food services show resilience.,DATA_RELEASE
India April trade deficit at 15.8 billion versus 17.5 billion in March narrowing. Exports rise 8.5 percent on engineering and pharma strength. Oil imports decline on lower crude prices.,DATA_RELEASE
Euro zone April inflation at 2.4 percent stable versus March reading. Core inflation at 2.7 percent versus 2.9 percent improving. ECB likely to cut rates in June as expected.,DATA_RELEASE
India April GST collection at 1.87 lakh crore up 13 percent new record high. Festive and year-end compliance driving strong revenue growth. FY25 starts with robust momentum on economic activity.,DATA_RELEASE
US April CPI at 3.4 percent versus 3.5 percent in March easing slightly. Core CPI at 3.6 percent below expectations supporting markets. Fed rate cut hopes revive on inflation moderation.,DATA_RELEASE
India April forex reserves at 648 billion up 6 billion from March. Strong FPI flows and intervention supporting reserve accretion. Import cover comfortable at 12.5 months level.,DATA_RELEASE
UK April CPI at 2.3 percent versus 3.2 percent in March falling sharply. Services inflation at 5.4 percent versus 5.8 percent improving. BoE rate cut in June now firmly expected.,DATA_RELEASE
India April core sector output at 6.1 percent versus 5.2 percent in March. Coal steel and cement production accelerating on demand. Electricity generation strong on summer cooling load.,DATA_RELEASE
US April housing starts at 1.36 million versus 1.42 million expected declining. Higher rates impacting construction activity significantly. Single family starts resilient while multi-family weakens.,DATA_RELEASE
India Q4 current account surplus at 5.7 billion versus 8.7 billion deficit year ago. Services exports and remittances driving improvement. Full year deficit at 1 percent of GDP comfortable.,DATA_RELEASE
China April CPI at 0.3 percent versus 0.1 percent in March improving slightly. Deflation concerns easing as consumer demand stabilizes. PPI at minus 2.8 percent still showing factory deflation.,DATA_RELEASE
India April IIP growth at 5.8 percent versus 4.9 percent in March accelerating. Manufacturing output at 5.1 percent with consumer goods strong. Capital goods production indicates investment momentum.,DATA_RELEASE
US April ISM manufacturing at 49.2 versus 50.3 expected returning to contraction. New orders and employment both declining on demand weakness. Price index rising indicating input cost pressures.,DATA_RELEASE
India April WPI inflation at 1.2 percent versus 0.5 percent in March rising. Food articles at 8.1 percent on vegetable price surge. Manufacturing inflation at 0.8 percent on base effects.,DATA_RELEASE
Euro zone Q1 GDP at 0.3 percent versus 0.3 percent in Q4 steady. Germany and France both expanding while periphery slows. Investment recovering as rate hike effects fade.,DATA_RELEASE
India April auto sales at 3.8 lakh units up 8 percent year on year. SUV segment continues dominating with 60 percent market share. Two-wheelers up 14 percent on rural demand recovery.,DATA_RELEASE
US April existing home sales at 4.14 million versus 4.2 million expected. Sales declining on affordability challenges from high rates. Inventory rising providing some relief to buyers.,DATA_RELEASE
India April services PMI at 60.8 versus 61.2 in March still strong. New business growth robust from exports and domestic clients. Employment continues rising for twentieth straight month.,DATA_RELEASE
China April exports rise 1.5 percent versus decline 7.5 percent expected. Trade data recovery surprises on electronics and machinery. Surplus at 72 billion dollars on import weakness.,DATA_RELEASE
India April bank credit at 17.4 percent versus 16.8 percent in March accelerating. Retail and services driving loan demand higher. Deposit growth at 14.2 percent improving but gap remains.,DATA_RELEASE
US April consumer confidence at 97 versus 104 expected falling sharply. Present situation and expectations both deteriorating on inflation. Buying plans for durables declining on rate worries.,DATA_RELEASE
India FY24 gross tax collection at 35 lakh crore up 18 percent annually. Corporate and income tax growth exceeding budget estimates. GST contribution at 20.2 lakh crore record high.,DATA_RELEASE
Euro zone April unemployment at 6.5 percent stable versus March reading. Labor market resilient despite manufacturing sector weakness. Youth unemployment improving across major economies.,DATA_RELEASE
India April cement production at 38 million tonnes up 15 percent annually. Infrastructure and housing construction driving strong demand. Capacity utilization at 80 percent highest in years.,DATA_RELEASE
US April durable goods orders at 0.7 percent versus 0.5 percent expected. Core capital goods orders strong on business investment. Aircraft orders volatile but ex-transport positive.,DATA_RELEASE
India April steel consumption at 12.8 million tonnes up 14 percent year on year. Auto and construction sectors driving domestic demand growth. Exports stable as domestic priority continues.,DATA_RELEASE
UK April retail sales at 0.5 percent versus 0.2 percent expected improving. Consumer spending resilient despite cost of living concerns. Food sales strong while discretionary mixed.,DATA_RELEASE
India April mutual fund AUM at 58.8 lakh crore up 5 percent month on month. Equity inflows at 24200 crore highest monthly record. SIP at 20500 crore continues breaking records.,DATA_RELEASE
US April industrial production at 0 percent versus 0.1 percent expected flat. Manufacturing output declining on inventory adjustments. Utilities surge on weather-related demand spike.,DATA_RELEASE
India April gold imports at 5.2 billion versus 3.8 billion in March surging. Pre-monsoon wedding demand driving import volumes higher. Trade deficit widens on precious metal imports.,DATA_RELEASE
China April new home prices at minus 0.5 percent versus minus 0.3 percent. Property sector weakness deepening despite support measures. Tier 2 and 3 cities showing steeper declines.,DATA_RELEASE
India April electricity generation at 148 billion units up 11 percent annually. Summer demand peak driving thermal and renewable output. Peak demand crosses 250 GW new record high.,DATA_RELEASE
US April building permits at 1.44 million versus 1.48 million expected declining. Housing activity moderating on elevated mortgage rates. Supply concerns persist as builders cautious.,DATA_RELEASE
India April food grain production estimate at 332 million tonnes record high. Wheat and rice output exceeding targets on favorable weather. Government procurement progressing well across states.,DATA_RELEASE
Euro zone April consumer confidence at minus 14.3 versus minus 14.8 in March. Sentiment improving as inflation falls toward target level. Spending outlook brightening for summer months.,DATA_RELEASE
India April IT exports at 21.2 billion versus 19.5 billion in March jumping. Q4 seasonality and deal closures driving export growth. FY25 outlook positive on demand recovery signs.,DATA_RELEASE
US April new home sales at 634000 versus 668000 expected declining. Builder sentiment moderating on rate and cost concerns. Median price stable as incentives maintain demand.,DATA_RELEASE
India April coal production at 95 million tonnes up 9 percent annually. Coal India meeting targets on strong power sector demand. Imports declining as domestic availability improves steadily.,DATA_RELEASE
Japan April manufacturing PMI at 49.6 versus 48.2 in March improving. Factory activity still contracting but at slower pace. Auto production recovering from earlier supply disruptions.,DATA_RELEASE
India April highway construction at 35 km per day exceeding targets. NHAI execution improving as monsoon season approaches. FY25 target set at 13000 km of highway construction.,DATA_RELEASE
US Q1 GDP at 1.6 percent annualized below 2.5 percent expected slowing. Consumer spending and business investment both moderating. Inflation component remains elevated at 3.4 percent.,DATA_RELEASE
India April fertilizer sales at 45 lakh tonnes up 12 percent annually. Kharif season preparation driving strong demand for inputs. Subsidy outgo rising on higher volumes and prices.,DATA_RELEASE
Euro zone April PMI composite at 51.7 versus 50.3 in March expanding. Services growth offsetting continued manufacturing contraction. Economic recovery gaining traction despite rate headwinds.,DATA_RELEASE
India April FPI flows at 8700 crore versus outflows in previous months. Equity markets seeing buying after index inclusion boost. Debt flows positive ahead of JPMorgan index entry.,DATA_RELEASE
US April trade deficit at 74.6 billion versus 69.5 billion expected widening. Imports surge on consumer goods ahead of tariff deadlines. Exports flat on weak external demand globally.,DATA_RELEASE
India April passenger vehicle exports at 52000 units up 22 percent. Maruti and Hyundai leading export growth to Africa markets. Make in India gaining traction in auto sector.,DATA_RELEASE
China April retail sales at 2.3 percent versus 3.1 percent expected weak. Consumer spending disappointing despite holiday seasonality. Property sector weakness weighing on household confidence.,DATA_RELEASE
India April NBFC AUM at 12.5 lakh crore up 18 percent year on year. Vehicle and gold loans driving growth for non-banks. Asset quality stable with NPAs at 2.4 percent.,DATA_RELEASE
US April personal spending at 0.2 percent versus 0.4 percent expected soft. Consumer demand moderating on cumulative rate hike effects. Services spending resilient while goods decline.,DATA_RELEASE
India April tea exports at 18 million kg up 8 percent annually. CIS and Middle East markets driving export volume growth. Auction prices stable on quality improvements.,DATA_RELEASE
Euro zone April M3 at 1.3 percent versus 0.9 percent in March improving. Money supply growth recovering from contraction gradually. Credit conditions easing as rate expectations shift.,DATA_RELEASE
India April pharma exports at 2.8 billion up 10 percent year on year. US generic and Africa markets driving growth momentum. API exports recovering on supply chain shifts.,DATA_RELEASE
US April ISM services at 49.4 versus 52 expected contracting first time. Business activity and new orders both declining sharply. Employment index falls indicating labor market weakness.,DATA_RELEASE
India April textile exports at 3.5 billion flat versus year ago levels. Cotton prices normalizing but demand remains weak globally. PLI benefits supporting competitiveness improvement.,DATA_RELEASE
Japan April CPI at 2.5 percent versus 2.8 percent in March declining. Inflation moderating as energy effects continue fading. BOJ watching for sustainable 2 percent before policy change.,DATA_RELEASE
India April startup funding at 1.5 billion up from 1.2 billion in March. Growth stage deals picking up as investor appetite improves. AI and fintech attracting most funding interest.,DATA_RELEASE
US April JOLTS at 8.1 million versus 8.4 million expected declining. Job openings falling as labor market gradually cools. Quits rate at 2.1 percent below pre-pandemic levels.,DATA_RELEASE
India April port cargo at 78 million tonnes up 13 percent annually. Container and bulk both showing strong growth momentum. Private ports outperforming major port volumes.,DATA_RELEASE
Euro zone April bank lending at 0.6 percent versus 0.3 percent in March. Credit growth accelerating as rate hike effects fade. Corporate lending turning positive first time in months.,DATA_RELEASE
India April insurance premium at 35000 crore up 16 percent year on year. Life and general both showing double digit growth rates. Digital channels gaining share in distribution mix.,DATA_RELEASE
UK April inflation at 2.3 percent versus 3.2 percent in March falling sharply. Services inflation at 5.4 percent still elevated but improving. BoE rate cut expectations firm for June.,DATA_RELEASE
India April power consumption at 165 billion units up 12 percent annually. Industrial and agricultural demand driving summer surge. Peak demand management challenging grid operators.,DATA_RELEASE
US April ADP at 192000 versus 175000 expected stronger than forecast. Services sector adding most jobs while manufacturing flat. Small business hiring picking up from prior weakness.,DATA_RELEASE
India April crude imports at 23 million tonnes up 5 percent annually. Russian share at 40 percent of total imports steady. Refinery runs at record on strong fuel demand.,DATA_RELEASE
China April fixed asset investment at 4.2 percent versus 4.5 percent expected. Property investment still declining despite support measures. Manufacturing and infrastructure providing offset.,DATA_RELEASE
India April tractor sales at 65000 units down 5 percent on base effects. Rabi harvest proceeds not fully translating to demand. M&M maintains market leadership despite volume decline.,DATA_RELEASE
US April Michigan sentiment at 67.4 versus 76.5 expected falling sharply. Consumer confidence declining on inflation and economic concerns. Buying conditions deteriorating across categories.,DATA_RELEASE
India April two-wheeler exports at 3.8 lakh units up 18 percent annually. Africa and ASEAN markets driving volume growth. Bajaj Auto leading exports followed by TVS Motor.,DATA_RELEASE
Euro zone April industrial production at minus 1 percent on energy and autos. German manufacturing dragging regional output lower. Southern Europe showing relative resilience.,DATA_RELEASE
India April hotel RevPAR at 6200 rupees up 15 percent year on year. Summer travel and wedding demand supporting occupancy. Premium segment outperforming budget hotels.,DATA_RELEASE
US April personal income at 0.5 percent versus 0.4 percent expected. Wage growth supporting household income despite spending weakness. Savings rate rises to 3.9 percent on caution.,DATA_RELEASE
India April air cargo at 3.2 lakh tonnes up 14 percent annually. E-commerce and pharma driving domestic air freight growth. Delhi and Mumbai handling bulk of volumes.,DATA_RELEASE
Japan April industrial production at 0.3 percent versus minus 0.1 percent expected. Auto output recovery driving manufacturing improvement. Electronics and machinery showing mixed trends.,DATA_RELEASE
India April cement dispatches at 40 million tonnes up 12 percent annually. Infrastructure and housing maintaining strong demand pull. Prices rising modestly on cost pass-through.,DATA_RELEASE
US April Case-Shiller at 6.5 percent versus 6 percent in March accelerating. Home prices rising on limited inventory nationwide. Sun Belt cities leading appreciation rates.,DATA_RELEASE
India April UPI transactions at 14.2 billion valued at 20.5 lakh crore. Digital payments growing 45 percent annually on adoption. NPCI processing record transaction volumes daily.,DATA_RELEASE
Euro zone April new car registrations at 8 percent versus 10 percent in March. EV market share at 18 percent stable month on month. German and French markets driving regional volumes.,DATA_RELEASE
India April commercial vehicle sales at 88000 units up 6 percent annually. Medium trucks growing faster than heavy commercial vehicles. Fleet replacement cycle supporting demand.,DATA_RELEASE
Nifty 50 ends 150 points higher at 22950 on broad-based buying interest. Banking and IT stocks lead gains while metals lag today. Market breadth strongly positive with 3:1 advance decline.,DESCRIPTIVE
Sensex closes at new all-time high of 75600 on institutional buying. FIIs turn aggressive buyers adding 2500 crore to positions. Reliance and HDFC Bank contribute most to index gains.,DESCRIPTIVE
Crude oil rises to 83 dollars per barrel on supply concerns globally. OPEC production cuts and geopolitical tensions supporting prices. OMCs may face margin pressure if prices sustain higher.,DESCRIPTIVE
Rupee declines 10 paise to 83.25 against dollar on oil import demand. Currency weakens as crude prices rise affecting trade balance. RBI likely intervening to prevent excessive depreciation.,DESCRIPTIVE
Gold gains 300 rupees to 71000 per 10 grams on safe haven buying. International prices firm on Middle East tensions continuing. Domestic demand picking up ahead of wedding season.,DESCRIPTIVE
FIIs remain net buyers for sixth straight session adding 1800 crore. Foreign flows supporting market at elevated valuation levels. DIIs book profits selling 400 crore in session.,DESCRIPTIVE
Nifty Midcap 150 rises 2 percent outperforming Nifty 50 significantly today. Broader market participation improving on risk appetite return. Retail investors driving buying in mid-sized companies.,DESCRIPTIVE
Bitcoin trades near 69000 dollars with modest gains in quiet session. Cryptocurrency awaiting next catalyst for directional move. Ethereum stable near 3650 dollars tracking Bitcoin.,DESCRIPTIVE
Nifty Bank index ends 250 points higher crossing 50500 level today. Private banks outperform as credit growth data improves. Kotak and Axis Bank leading index gains.,DESCRIPTIVE
Tata Steel shares rise 3.5 percent on metal price recovery hopes. Stock rallies on China stimulus expectations ahead. European operations showing improved performance trajectory.,DESCRIPTIVE
Nifty IT index gains 1.5 percent as TCS and Infosys bounce back. Sector sees short covering after recent underperformance. Deal win announcements supporting sentiment improvement.,DESCRIPTIVE
HDFC Bank shares touch new high on strong quarterly earnings preview. Private lender expected to report robust growth in advances. Stock leads Nifty Bank index gains today.,DESCRIPTIVE
Nifty Metal index rises 2.5 percent tracking higher commodity prices. Steel and aluminum stocks rally on global demand optimism. Tata Steel and Hindalco lead sectoral gains.,DESCRIPTIVE
Reliance Industries shares end flat after volatile trading session. Stock awaits AGM announcements for fresh catalysts ahead. Telecom and retail segments continue growth momentum.,DESCRIPTIVE
Nifty Pharma index ends marginally higher on stock-specific gains. Sun Pharma and Cipla gain while Dr Reddy's declines today. Sector awaits USFDA inspection outcomes for direction.,DESCRIPTIVE
Adani Ports shares gain 4 percent on strong cargo growth data. Port operator continues gaining market share in container segment. Stock trades near 52-week high on fundamentals.,DESCRIPTIVE
Nifty Realty index rises 3 percent on housing demand strength data. Real estate stocks rally on pre-sales and collection momentum. DLF and Godrej Properties lead sectoral advances.,DESCRIPTIVE
SBI shares end 2 percent higher on deposit growth improvement. State-run lender gaining market share in retail banking. Stock trades near record high on outlook.,DESCRIPTIVE
Nifty Auto index gains 1 percent led by Tata Motors gains today. Two-wheeler stocks underperform as urban demand concerns persist. M&M flat despite positive SUV sales data.,DESCRIPTIVE
Power Grid shares touch new high on transmission project wins. State utility benefits from power sector investment cycle. Stock offers attractive dividend yield to investors.,DESCRIPTIVE
Nifty FMCG index declines 0.5 percent on HUL and Britannia weakness. Consumer staples face headwinds from weak rural demand. ITC relatively outperforms on cigarette volume stability.,DESCRIPTIVE
Bajaj Finance shares gain 2 percent on strong AUM growth guidance. NBFC leader maintaining growth momentum in consumer lending. Stock trades at premium valuation to peers.,DESCRIPTIVE
Nifty PSE index rises 1.8 percent on PSU bank and oil stock gains. Government companies trading positive on dividend yield attraction. Coal India and NTPC among top performers.,DESCRIPTIVE
ICICI Bank shares end marginally higher after touching new intraday high. Private lender awaits quarterly results for fresh momentum. Stock up 30 percent year to date.,DESCRIPTIVE
Nifty Healthcare index gains 2 percent on hospital chain strength. Apollo and Max Healthcare rally on capacity expansion news. Diagnostic stocks also trading positive today.,DESCRIPTIVE
L&T shares rise 2.5 percent on infrastructure order win announcements. Engineering major secures projects worth 5000 crore rupees. Stock near record high on order book visibility.,DESCRIPTIVE
Nifty Financial Services index ends higher on banking sector support. Insurance stocks also gain contributing to index advance. NBFCs trading mixed on stock-specific factors.,DESCRIPTIVE
Titan shares trade marginally lower on profit booking pressure today. Jewelry maker consolidates after recent outperformance. Wedding season demand expected to support near term.,DESCRIPTIVE
Nifty Infra index rises 1.5 percent on capital goods sector strength. Infrastructure spending supporting sector fundamentals. Siemens and ABB among top performing stocks.,DESCRIPTIVE
Coal India shares gain 3 percent on production growth momentum continuing. State miner meeting targets ahead of schedule this year. Dividend yield attraction supporting stock price.,DESCRIPTIVE
Nifty Media index falls 2 percent on advertising demand concerns today. Zee and PVR lead losses in entertainment sector. Content costs weighing on profitability outlook.,DESCRIPTIVE
Axis Bank shares rise 2.5 percent on asset quality improvement news. Private lender showing strong growth in retail book. Stock outperforms sector index this month.,DESCRIPTIVE
Nifty Private Bank index ends 1 percent higher outperforming PSU peers. ICICI and Kotak contribute most to sectoral gains today. Credit growth supporting sector fundamentals.,DESCRIPTIVE
Wipro shares end marginally higher after subdued trading session. IT company awaits quarterly results for fresh catalyst. Stock trades near 52-week low on demand concerns.,DESCRIPTIVE
Nifty PSU Bank index gains 2 percent on valuation rerating theme. State banks rallying on improved fundamentals and outlook. Bank of Baroda and Canara Bank lead gains.,DESCRIPTIVE
UltraTech Cement shares rise 2 percent on cement price stability. Building materials leader maintains market share in key regions. Stock trades near record high on demand.,DESCRIPTIVE
Nifty Smallcap 100 rises 2.2 percent continuing recent outperformance. Smaller companies attracting retail investor interest strongly. Valuations elevated but momentum continues.,DESCRIPTIVE
IndusInd Bank shares fall 2 percent on profit booking after rally. Private lender consolidates near recent highs today. Asset quality improvement supporting medium term outlook.,DESCRIPTIVE
Nifty 200 index gains 0.9 percent tracking broader market strength. Mid and small caps contributing to index performance. Large cap laggards dragging overall returns.,DESCRIPTIVE
Sun Pharma shares gain 2 percent on USFDA approval for new product. Pharma major expands specialty portfolio in US market. Stock trades near 52-week high on momentum.,DESCRIPTIVE
Nifty Commodities index rises 2 percent on metal and energy gains. Oil and gas stocks contributing along with metals. ONGC and Hindalco among top performers today.,DESCRIPTIVE
Understanding SEBI regulations on small and medium REITs for retail investors. SM REITs allow smaller commercial property investments with lower minimum amounts. Fractional ownership in office spaces now accessible through regulated structure.,EXPLANATORY
How the new RBI guidelines on project finance provisioning work for banks. Standard asset provisioning for under-construction projects increased to 5 percent. Higher buffers protect against execution and completion risks in infrastructure lending.,EXPLANATORY
SEBI framework for execution-only platforms and advisory service distinction. Platforms providing only execution services have different compliance requirements. Investor awareness about advisory versus execution services importance highlighted.,EXPLANATORY
Understanding the PMFBY crop insurance scheme and claim settlement process. Farmers pay subsidized premiums for protection against crop losses. Technology-based assessment enables faster claim processing and payouts.,EXPLANATORY
How the new GST provisions for e-commerce exports work for sellers. Exporters through marketplaces can claim refunds through simplified process. IGST and compensation cess refund mechanism explained for online sellers.,EXPLANATORY
RBI regulations on correspondent banking due diligence and risk assessment. Banks must evaluate jurisdictional and transactional risks of correspondents. Enhanced monitoring requirements for high-risk correspondent relationships.,EXPLANATORY
SEBI guidelines on research services and distribution of investment research. Research providers must register and follow fair dealing practices. Conflict of interest disclosures mandatory in all research communications.,EXPLANATORY
Understanding the National Company Law Tribunal admission process for insolvency. Operational and financial creditors have different filing requirements. Timeline for admission and resolution process clearly specified.,EXPLANATORY
How the ECLGS guarantee scheme works for stressed MSME borrowers. Government backs additional working capital loans to eligible businesses. Repayment tenure and interest rate caps protect borrower interests.,EXPLANATORY
RBI framework for fintech regulatory sandbox and innovation testing. Startups can test new products in controlled environment. Consumer protection and systemic risk limits specified for sandbox entities.,EXPLANATORY
SEBI regulations on risk-based supervision of market intermediaries explained. Intermediaries categorized based on risk profile for supervision intensity. Compliance requirements vary based on risk classification levels.,EXPLANATORY
Understanding the Anti-Profiteering mechanism under GST and NAA process. Companies must pass on GST rate reduction benefits to consumers. Authority can impose penalties for profiteering from tax cuts.,EXPLANATORY
How the new IFSCA regulations enable ship leasing from GIFT City. Lessors can finance vessels with tax benefits in IFSC. Maritime financing ecosystem developing in India's offshore center.,EXPLANATORY
RBI guidelines on retail digital rupee and merchant acceptance framework. Merchants can accept e-rupee payments through QR code integration. Interoperability with UPI ecosystem enables seamless adoption.,EXPLANATORY
SEBI framework for investor associations and their role in market. Registered associations can represent investor interests before regulators. Complaint filing and advocacy on policy matters by associations.,EXPLANATORY
Understanding the Solar Energy Corporation tender and PPA process. SECI conducts auctions for renewable capacity with guaranteed offtake. Power purchase agreements ensure revenue visibility for developers.,EXPLANATORY
How the new faceless assessment works in income tax proceedings. Assessment conducted electronically without physical interface between taxpayer and officer. Anonymous processing ensures objectivity and reduces harassment concerns.,EXPLANATORY
RBI regulations on large exposure framework for bank lending. Single borrower exposure capped at 20 percent of Tier 1 capital. Group exposure limits prevent concentration risk in loan portfolios.,EXPLANATORY
SEBI guidelines on ASBA process and application supported by blocked amount. Investor funds remain in bank account until allotment in IPO. Interest earned by investor during application period protected.,EXPLANATORY
Understanding the IGST settlement mechanism between center and states. Cross-border GST distributed based on consumption destination of goods. Monthly settlement process ensures timely revenue sharing.,EXPLANATORY
How the new environmental clearance rules work for industrial projects. Online single window for environmental permits reduces approval timeline. Post-clearance compliance monitoring strengthened for operating units.,EXPLANATORY
RBI framework for prepaid payment instrument interoperability requirements. Full KYC wallets must enable transfers to bank accounts. Interoperability enhances utility and consumer choice in payments.,EXPLANATORY
SEBI regulations on material subsidiaries and corporate governance requirements. Listed company subsidiaries meeting thresholds face enhanced governance norms. Independent director and audit committee requirements apply.,EXPLANATORY
Understanding the PM Garib Kalyan Yojana and free ration distribution. Eligible households receive 5 kg wheat or rice per person monthly. Digital infrastructure enables efficient beneficiary identification and tracking.,EXPLANATORY
How the credit default swap market works in India for hedging. Protection buyers pay premium to sellers for credit event coverage. CDS enables banks to manage credit risk on loan portfolios.,EXPLANATORY
RBI guidelines on IT outsourcing and cloud services for banks. Banks must ensure data sovereignty and security in cloud arrangements. Board-approved policy required for material IT outsourcing decisions.,EXPLANATORY
SEBI framework for specialized investment funds and alternative strategies. Category III AIFs can use leverage and complex strategies. Risk disclosures and investor suitability requirements specified.,EXPLANATORY
Understanding the dispute resolution under Model BIT for foreign investors. Bilateral investment treaties provide protection and dispute mechanism. Investor-state arbitration available for treaty violations claims.,EXPLANATORY
How the new vehicle scrapping policy certification centers work. Fitness testing and scrapping at registered facilities mandatory. Incentives for scrapping old vehicles linked to registration benefits.,EXPLANATORY
RBI regulations on priority sector lending certificates and trading. Banks can buy PSLCs to meet priority sector targets. Certificate trading enables efficient allocation of priority credit.,EXPLANATORY
JM Financial analysts bullish on PSU oil and gas companies on dividends. Dividend yields attractive relative to fixed income alternatives. ONGC and Oil India among preferred picks for income.,MARKET_OPINION
Sundaram AMC managers positive on banking sector credit cycle. Improving asset quality and NIM expansion supporting earnings. Private banks preferred over PSUs for quality exposure.,MARKET_OPINION
CLSA strategists see manufacturing sector capex cycle accelerating. Investment in capacity addition supporting capital goods demand. ABB and Siemens among preferred plays for theme.,MARKET_OPINION
Motilal Oswal analysts expect auto sector to benefit from rural recovery. Two-wheeler demand improvement on better farm income outlook. Hero and TVS among preferred picks for rural exposure.,MARKET_OPINION
HSBC AMC managers cautious on IT sector near term outlook. Deal delays and spending cuts impacting revenue growth. Quality large caps preferred for defensive positioning.,MARKET_OPINION
Kotak Institutional Equities bullish on hospital sector expansion story. Capacity additions driving volume and revenue growth. Apollo and Max among preferred picks for healthcare.,MARKET_OPINION
Axis AMC sees opportunities in specialty chemical export recovery. China plus one sourcing benefiting Indian manufacturers. PI Industries and Navin among preferred picks.,MARKET_OPINION
Credit Suisse analysts recommend overweight on Indian financials in EM. Credit growth and asset quality trends supportive. ICICI Bank and Bajaj Finance among core holdings.,MARKET_OPINION
Franklin Templeton sees value in corporate bonds versus government securities. Credit spreads attractive for high grade issuers. AAA PSU bonds preferred for portfolio yield pickup.,MARKET_OPINION
Nippon AMC managers bullish on insurance sector value unlocking. Embedded value growth and new business momentum strong. HDFC Life and ICICI Pru among preferred picks.,MARKET_OPINION
Morgan Stanley analysts positive on telecom sector pricing power. ARPU improvement and industry consolidation supporting outlook. Bharti Airtel preferred for pure play exposure.,MARKET_OPINION
ICICI Pru AMC cautious on consumer discretionary valuations. Urban demand strong but rural recovery still nascent. Selective stock picking approach recommended in sector.,MARKET_OPINION
Bernstein analysts see cement sector consolidation benefiting large players. Market share gains and pricing discipline improving outlook. UltraTech and Ambuja among preferred picks.,MARKET_OPINION
DSP AMC managers positive on defense sector indigenization theme. Order book visibility and margin improvement supporting stocks. HAL and BEL among preferred picks for theme.,MARKET_OPINION
Edelweiss Securities analysts bullish on real estate sector cycle. Affordability improvement and consolidation benefiting organized developers. DLF and Prestige among preferred picks.,MARKET_OPINION
SBI MF managers see mid caps as sweet spot for returns. Earnings growth higher than large caps at reasonable valuations. Quality focus essential in stock selection.,MARKET_OPINION
Nomura strategists expect rate cuts to support bond market returns. Duration extension recommended as RBI easing cycle begins. Long-dated government securities preferred for gains.,MARKET_OPINION
HDFC Securities analysts positive on power sector structural story. Capacity addition and T&D investment driving growth. NTPC and Power Grid among preferred picks.,MARKET_OPINION
Quantum AMC maintains elevated cash allocation in equity funds. Market valuations not providing adequate margin of safety. Waiting for better entry opportunities to deploy.,MARKET_OPINION
Kotak AMC sees manufacturing theme as multi-year opportunity. PLI beneficiaries and exporters offering structural growth. Dixon and Bharat Forge among preferred picks.,MARKET_OPINION
Goldman analysts expect commodity prices to remain elevated on demand. Supply constraints and energy transition supporting metals. Tata Steel and Hindalco among preferred plays.,MARKET_OPINION
UTI AMC managers positive on consumption recovery in coming quarters. Urban and rural demand both showing improvement signs. Titan and Maruti among preferred picks.,MARKET_OPINION
Macquarie strategists see Indian equities outperforming EM peers. Strong macro and earnings growth differentiating India. Overweight position maintained in regional allocation.,MARKET_OPINION
Canara Robeco analysts bullish on PSU bank rerating story. Valuation gap with private peers still attractive. SBI and Bank of Baroda among top picks.,MARKET_OPINION
Motilal AMC sees fintech valuations still elevated versus fundamentals. Profitability path unclear for most digital lenders. Traditional financials preferred over new age.,MARKET_OPINION
JP Morgan analysts expect IT sector recovery in second half. Deal activity and spending showing improvement signs. TCS and Infosys among preferred for exposure.,MARKET_OPINION
Aditya Birla AMC managers cautious on small cap valuations. Premium to large caps not justified by growth. Profit booking advised in momentum names.,MARKET_OPINION
BNP Paribas strategists see rupee appreciating on fundamentals. Current account improvement and FDI inflows supportive. RBI likely to allow gradual appreciation.,MARKET_OPINION
IIFL Securities analysts bullish on logistics sector formalization. GST and ecommerce driving organized player growth. TCI and Container Corp among preferred picks.,MARKET_OPINION
Mirae AMC sees defense sector as long-term structural theme. Indigenization and export potential driving opportunity. Order book visibility strong for multiple years.,MARKET_OPINION
Arbitrum Nova crashes 45 percent as gaming-focused layer faces low adoption concerns. Alternative chain fails to attract users despite lower transaction costs. Ethereum scaling narrative faces setback on fragmentation.,BREAKING_NEWS
UCO Bank faces regulatory action as RBI flags corporate governance lapses. State-run lender may face restrictions pending compliance improvements. Stock falls 7 percent on supervisory concerns.,BREAKING_NEWS
StarkNet crashes 38 percent as ZK rollup technology faces scaling challenges. STRK token tumbles on development delays and competition. Layer 2 differentiation proving difficult for newer entrants.,BREAKING_NEWS
South Indian Bank faces asset quality stress in MSME lending portfolio. Stock crashes 12 percent on NPA concerns emerging. Management announces enhanced recovery efforts on stressed accounts.,BREAKING_NEWS
Mina crashes 42 percent as lightweight blockchain fails to gain ecosystem traction. MINA token plunges on developer activity concerns. Zero-knowledge proof technology adoption remains limited.,BREAKING_NEWS
Equitas Small Finance Bank faces RBI scrutiny on lending practices. Stock falls 8 percent as regulatory concerns weigh. Bank assures compliance with all applicable norms.,BREAKING_NEWS
ROSE crashes 40 percent as privacy blockchain faces regulatory headwinds globally. Oasis token tumbles on compliance concerns in major markets. Privacy preserving technology faces uncertain regulatory future.,BREAKING_NEWS
Bank of Maharashtra faces ED investigation on historical loan transactions. Stock crashes 9 percent as enforcement probe creates uncertainty. Bank cooperating with investigation while denying wrongdoing.,BREAKING_NEWS
MultiversX crashes 36 percent as smart contract platform loses momentum. EGLD token faces selling as ecosystem growth disappoints. Competition from established L1s limiting adoption.,BREAKING_NEWS
Suryoday Small Finance Bank faces asset quality concerns flagged by auditors. Stock falls 10 percent on provisioning worries. Management commits to enhanced collection and recovery efforts.,BREAKING_NEWS
Conflux crashes 44 percent as China-focused blockchain faces regulatory uncertainty. CFX token plummets on concerns about operating environment. Compliance with local regulations remains challenging.,BREAKING_NEWS
Jana Small Finance Bank faces deposit outflow concerns amid liquidity stress. Stock crashes 15 percent as confidence shakes. RBI monitoring situation closely for systemic implications.,BREAKING_NEWS
IOTA crashes 39 percent as DAG technology fails to achieve mainstream adoption. Token tumbles on partnership execution concerns. Internet of Things blockchain use cases remain limited.,BREAKING_NEWS
Ujjivan Small Finance Bank faces management transition concerns weighing on stock. Share price falls 8 percent on leadership uncertainty. Board working on succession planning for key positions.,BREAKING_NEWS
Zilliqa crashes 37 percent as sharded blockchain faces scalability questions. ZIL token plunges on ecosystem development concerns. Competition from newer solutions limiting growth prospects.,BREAKING_NEWS
AU Small Finance Bank faces margin pressure from deposit cost increases. Stock falls 6 percent as NIM compression concerns emerge. Competition for deposits intensifying in retail segment.,BREAKING_NEWS
Zcash crashes 48 percent as privacy coin faces exchange delisting wave globally. ZEC token tumbles on regulatory crackdown concerns. Privacy preserving cryptocurrencies face existential challenges.,BREAKING_NEWS
Federal Bank faces concerns over corporate loan book quality. Stock declines 7 percent on large account stress fears. Management provides assurance on overall portfolio health.,BREAKING_NEWS
Horizen crashes 41 percent as privacy-optional blockchain loses developer interest. ZEN token faces selling on ecosystem activity decline. Sidechain technology failing to attract sustained adoption.,BREAKING_NEWS
TMB faces regulatory restrictions from RBI on certain business activities. Stock crashes 11 percent as growth outlook uncertain. Bank working to address compliance observations raised.,BREAKING_NEWS
Nervos crashes 43 percent as Layer 1 blockchain fails to scale ecosystem. CKB token tumbles on adoption concerns intensifying. Bitcoin interoperability narrative insufficient for traction.,BREAKING_NEWS
City Union Bank faces asset quality concerns in SME lending segment. Stock falls 8 percent on NPA provisioning worries. Management announces enhanced monitoring of stressed accounts.,BREAKING_NEWS
Ravencoin crashes 46 percent as asset tokenization blockchain loses momentum. RVN token plunges on limited use case adoption. NFT and asset issuance moving to established chains.,BREAKING_NEWS
Karur Vysya Bank faces margin pressure from rising deposit costs. Stock declines 6 percent as NIM concerns emerge. Competition for retail deposits intensifying regionally.,BREAKING_NEWS
Syscoin crashes 40 percent as merged mining blockchain faces relevance questions. SYS token tumbles on ecosystem activity decline. Bitcoin security inheritance failing to drive adoption.,BREAKING_NEWS
DCB Bank faces concerns over commercial real estate exposure quality. Stock falls 9 percent on provisioning concerns. Management provides segmental analysis showing contained risk.,BREAKING_NEWS
Hive crashes 44 percent as social blockchain faces user retention challenges. Token plunges on declining platform engagement metrics. Content monetization model struggling for sustainability.,BREAKING_NEWS
RBL Bank faces fresh concerns over large corporate account stress. Stock crashes 10 percent on asset quality worries. Management assures no systemic issues in loan book.,BREAKING_NEWS
Waves crashes 52 percent as Russian-origin blockchain faces sanctions concerns. WAVES token plummets on compliance and access issues. Geographic origin creating regulatory challenges globally.,BREAKING_NEWS
CSB Bank faces margin pressure as deposit costs rise sharply. Stock falls 7 percent on profitability concerns. Competition for deposits driving up funding costs.,BREAKING_NEWS
Steem crashes 47 percent as legacy social blockchain sees user exodus. Token tumbles as platform relevance declines sharply. Content creator migration to alternatives accelerating.,BREAKING_NEWS
IDFC First Bank faces concerns over retail asset quality trends. Stock declines 8 percent on rising delinquencies. Management provides granular analysis of portfolio health.,BREAKING_NEWS
WAX crashes 43 percent as gaming NFT blockchain faces ecosystem decline. WAXP token plunges on reduced marketplace activity. Play-to-earn economics proving unsustainable long-term.,BREAKING_NEWS
Dhanlaxmi Bank faces RBI supervisory concerns on compliance issues. Stock crashes 12 percent as restrictions possible. Bank assures corrective actions underway on observations.,BREAKING_NEWS
Dent crashes 49 percent as mobile data marketplace fails to scale. DENT token tumbles on limited adoption globally. Telco partnership promises failing to materialize.,BREAKING_NEWS
Nainital Bank faces liquidity concerns amid deposit withdrawal pressures. Stock falls 11 percent as confidence issues emerge. RBI monitoring closely for systemic implications.,BREAKING_NEWS
Status crashes 45 percent as Ethereum messaging app loses user traction. SNT token plunges on declining engagement metrics. Web3 social networking struggling for adoption.,BREAKING_NEWS
Bandhan Bank faces microfinance portfolio stress in certain geographies. Stock crashes 14 percent on asset quality concerns. Collection efficiency declining in specific regions.,BREAKING_NEWS
Siacoin crashes 42 percent as decentralized storage faces adoption challenges. SC token tumbles on limited enterprise traction. Competition from established cloud providers limiting growth.,BREAKING_NEWS
South Malabar Gramin Bank faces concerns over agricultural loan quality. Stock falls 9 percent on rural stress fears. Monsoon impact on farm income affecting repayments.,BREAKING_NEWS
Ardor crashes 44 percent as child chain platform fails to gain traction. ARDR token plunges on ecosystem development stagnation. Blockchain-as-a-service model struggling for adoption.,BREAKING_NEWS
Jammu Kashmir Bank faces asset quality stress in certain sectors. Stock crashes 11 percent on NPA concerns. Regional economic challenges impacting loan performance.,BREAKING_NEWS
Verge crashes 48 percent as privacy cryptocurrency faces delisting threats. XVG token tumbles on exchange compliance concerns. Privacy coins facing coordinated regulatory pressure.,BREAKING_NEWS
Fino Payments Bank faces concerns over transaction volume growth slowdown. Stock falls 8 percent as business model questions emerge. Competition from UPI apps affecting remittance volumes.,BREAKING_NEWS
Komodo crashes 41 percent as atomic swap technology loses developer interest. KMD token plunges on ecosystem activity decline. Cross-chain trading moving to established DEX platforms.,BREAKING_NEWS
India Shelter Finance faces concerns over affordable housing loan quality. Stock crashes 13 percent on NPA fears. Lower income segment showing repayment stress.,BREAKING_NEWS
Ark crashes 43 percent as blockchain platform faces relevance challenges. ARK token tumbles on limited ecosystem development. Interoperability narrative failing to drive adoption.,BREAKING_NEWS
Utkarsh Small Finance Bank faces margin pressure from deposit competition. Stock falls 7 percent as NIM concerns mount. Retail deposit mobilization becoming costlier.,BREAKING_NEWS
Bytom crashes 47 percent as asset tokenization platform loses momentum. BTM token plunges on declining network activity. Digital asset issuance moving elsewhere.,BREAKING_NEWS
Escorts Kubota faces tractor demand concerns on monsoon uncertainty. Stock declines 6 percent as rural sentiment weakens. Kharif season sales crucial for sector outlook.,BREAKING_NEWS
India May manufacturing PMI at 57.5 versus 58.2 in April still expanding. Output and new orders growth moderating slightly from highs. Employment continues rising on capacity utilization improvement.,DATA_RELEASE
US May payrolls at 272000 versus 185000 expected much stronger than forecast. Unemployment rate stable at 4 percent as labor market remains tight. Wage growth at 4.1 percent supporting consumer spending.,DATA_RELEASE
India May CPI inflation at 4.75 percent versus 4.83 percent in April easing. Food inflation moderates to 7.2 percent on vegetable correction. Core inflation stable at 3.2 percent supporting RBI stance.,DATA_RELEASE
China May PMI manufacturing at 49.5 versus 50.4 in April returning to contraction. Factory activity weakening as export orders decline. Services holding up better at 53.8 on domestic consumption.,DATA_RELEASE
US May retail sales at 0.1 percent versus 0.3 percent expected weakening. Consumer spending moderating on rate sensitivity effects. Auto sales declining while food services remain resilient.,DATA_RELEASE
India May trade deficit at 19.1 billion versus 15.8 billion in April widening. Oil imports surge on higher crude prices globally. Electronics and gold imports also rising sharply.,DATA_RELEASE
Euro zone May inflation at 2.6 percent versus 2.4 percent in April rising. Core inflation sticky at 2.9 percent on services strength. ECB rate cut in June still expected despite uptick.,DATA_RELEASE
India May GST collection at 1.73 lakh crore up 10 percent year on year. Economic activity and compliance driving revenue growth. Q1 FY25 starts with robust collection momentum.,DATA_RELEASE
US May CPI at 3.3 percent versus 3.4 percent in April falling slightly. Core CPI at 3.4 percent below expectations supporting markets. Fed rate cut expectations strengthen for September.,DATA_RELEASE
India May forex reserves at 651 billion up 3 billion from April. Valuation gains and FPI flows supporting reserve accretion. Import cover comfortable at 12.3 months currently.,DATA_RELEASE
UK May CPI at 2 percent reaching Bank of England target for first time. Services inflation at 5.2 percent still elevated. BoE rate cut expected in August meeting.,DATA_RELEASE
India May core sector output at 6.8 percent versus 6.1 percent in April accelerating. Coal electricity and steel production driving growth. Infrastructure activity supporting industrial output.,DATA_RELEASE
US May housing starts at 1.27 million versus 1.38 million expected declining sharply. Higher mortgage rates impacting construction activity. Multi-family starts collapsing on supply concerns.,DATA_RELEASE
India May auto sales at 3.65 lakh units up 5 percent year on year. SUV growth offsetting sedan decline in passenger vehicles. Two-wheelers up 11 percent on rural demand.,DATA_RELEASE
China May CPI at 0.3 percent flat versus April reading. Consumer demand still weak despite policy support measures. PPI at minus 1.4 percent improving but still deflationary.,DATA_RELEASE
India May IIP growth at 5.2 percent versus 5.8 percent in April moderating. Manufacturing output at 4.8 percent with capital goods strong. Consumer durables production accelerating.,DATA_RELEASE
US May ISM manufacturing at 48.7 versus 49.2 expected contracting deeper. New orders and production both declining on demand weakness. Employment shedding jobs as factories right-size.,DATA_RELEASE
India May WPI inflation at 2.4 percent versus 1.2 percent in April rising. Food articles at 9.1 percent on onion and tomato surge. Fuel deflation moderating on global crude recovery.,DATA_RELEASE
Euro zone Q1 GDP revised to 0.3 percent matching flash estimate. Germany growing while France decelerates from prior quarter. Investment recovery driving broader regional growth.,DATA_RELEASE
India May services PMI at 60.2 versus 60.8 in April still expanding strongly. New business growth robust from domestic and export orders. Employment rising for twenty-first consecutive month.,DATA_RELEASE
US May existing home sales at 4.11 million versus 4.18 million expected declining. Sales weakening on affordability challenges and limited supply. Median price at 407000 dollars new record high.,DATA_RELEASE
China May exports at 7.6 percent versus 4.5 percent expected strong. Trade surplus at 82 billion dollars on weak imports. Electronics and machinery driving export growth.,DATA_RELEASE
India May bank credit at 16.2 percent versus 17.4 percent in April moderating. Retail and NBFC credit driving loan growth. Deposit growth at 13.4 percent gap narrowing.,DATA_RELEASE
US May consumer confidence at 102 versus 96 expected rebounding. Present situation and expectations both improving. Job market confidence supporting consumer sentiment.,DATA_RELEASE
India May FPI flows at minus 3400 crore versus positive 8700 crore in April. Equity outflows on global risk-off sentiment. Debt seeing inflows ahead of index inclusion.,DATA_RELEASE
Euro zone May unemployment at 6.4 percent stable versus April reading. Labor market resilient despite manufacturing slowdown. Youth unemployment at 14 percent improving.,DATA_RELEASE
India May cement production at 36 million tonnes up 8 percent annually. Monsoon impact starting to affect construction activity. Prices stable despite cost pressures.,DATA_RELEASE
US May durable goods orders flat versus 0.5 percent expected. Core capital goods up 0.4 percent on business investment. Aircraft orders volatile dragging headline reading.,DATA_RELEASE
India May steel consumption at 11.5 million tonnes up 8 percent year on year. Pre-monsoon construction activity supporting demand. Exports stable as domestic priority continues.,DATA_RELEASE
UK May retail sales at 2.9 percent year on year versus 1.8 percent expected. Consumer spending improving on better weather. Clothing and outdoor goods driving sales growth.,DATA_RELEASE
India May mutual fund AUM at 61.2 lakh crore up 4 percent month on month. Equity inflows at 21800 crore despite market volatility. SIP at 21000 crore setting new record high.,DATA_RELEASE
US May industrial production flat versus 0.3 percent expected. Manufacturing output up 0.2 percent on auto recovery. Utilities production declining on milder weather.,DATA_RELEASE
India May gold imports at 4.5 billion versus 5.2 billion in April declining. Lower international prices moderating import volumes. Trade deficit benefits from precious metals moderation.,DATA_RELEASE
China May new home prices at minus 0.7 percent versus minus 0.5 percent in April. Property sector weakness deepening despite support measures. Tier 2 cities showing steeper price declines.,DATA_RELEASE
India May electricity generation at 158 billion units up 8 percent annually. Summer demand driving thermal generation higher. Renewable share at 15 percent of total mix.,DATA_RELEASE
US May building permits at 1.39 million versus 1.44 million expected declining. Housing activity weakening on elevated mortgage rates. Single family permits showing relative resilience.,DATA_RELEASE
India May food grain production revised to 330 million tonnes on weather. Kharif sowing progressing well in most states. Government procurement meeting buffer stock targets.,DATA_RELEASE
Euro zone May consumer confidence at minus 14 versus minus 14.3 in April. Sentiment improving gradually on inflation moderation. Summer spending expected to pick up.,DATA_RELEASE
India May IT exports at 20.1 billion versus 21.2 billion in April declining. Seasonal factors and deal delays impacting revenues. FY25 outlook cautious on demand uncertainty.,DATA_RELEASE
US May new home sales at 619000 versus 640000 expected declining. Builder sentiment weakening on rate and cost concerns. Median price at 417000 dollars flat year on year.,DATA_RELEASE
Nifty 50 ends 180 points higher at 23100 on broad-based buying today. All sectoral indices trade positive with banking leading gains. Market breadth strongly positive with 4:1 advance decline ratio.,DESCRIPTIVE
Sensex closes 550 points higher at 76200 on institutional buying support. HDFC Bank Reliance and ICICI Bank contribute most to gains. Market turnover crosses 1.1 lakh crore rupees for session.,DESCRIPTIVE
Crude oil falls to 78 dollars per barrel on demand concerns globally. Brent futures decline as China growth worries weigh on sentiment. OMCs may get margin relief if prices stay lower.,DESCRIPTIVE
Rupee appreciates 12 paise to 83.08 against dollar on FII buying support. Currency strengthens on equity inflows and exporter dollar sales. RBI likely buying dollars to limit appreciation pace.,DESCRIPTIVE
Gold gains 400 rupees to 71400 per 10 grams tracking global cues. Safe haven demand supporting precious metal prices internationally. Wedding season demand providing additional support domestically.,DESCRIPTIVE
FIIs turn net buyers adding 2800 crore rupees to equity positions today. Foreign flows turning positive after recent outflows in markets. DIIs also buying adding 600 crore to positions.,DESCRIPTIVE
Nifty Bank index touches new high crossing 51000 level for first time. Private banks lead gains with ICICI and Kotak outperforming. PSU banks also participating in sectoral rally.,DESCRIPTIVE
Bitcoin rallies to 71000 dollars gaining 4 percent in 24 hours trading. Cryptocurrency benefits from ETF inflows and risk-on sentiment globally. Ethereum also rises to 3800 dollars on momentum.,DESCRIPTIVE
Nifty IT index gains 2 percent as TCS and Infosys lead sectoral rally. Sector sees short covering after recent underperformance trend. Deal commentary improving sentiment across IT stocks.,DESCRIPTIVE
Tata Motors shares rise 5 percent on strong JLR margin guidance outlook. Auto major benefits from EV transition progress and cost efficiencies. Stock trades at 52-week high on momentum.,DESCRIPTIVE
Nifty Metal index rises 3 percent tracking higher commodity prices globally. Steel stocks rally on China stimulus hopes and supply concerns. Tata Steel and JSW Steel lead sectoral gains.,DESCRIPTIVE
HDFC Bank shares touch new all-time high on credit growth optimism. Private lender expected to report robust quarterly performance. Stock leads banking sector gains on fundamentals.,DESCRIPTIVE
Nifty Pharma index ends 1.5 percent higher on US pricing stability hopes. Sun Pharma and Dr Reddy's lead gains on positive developments. Sector sees buying after extended underperformance period.,DESCRIPTIVE
Reliance Industries shares gain 2 percent on retail expansion updates. Conglomerate benefits from Jio platform monetization expectations. Stock trading near record high on diversification.,DESCRIPTIVE
Nifty Realty index rises 4 percent on strong housing demand signals. DLF Godrej Properties and Prestige lead sectoral advances today. Pre-sales data showing continued momentum in metro markets.,DESCRIPTIVE
Power Grid shares gain 3 percent on transmission order win announcements. State utility secures projects worth 3000 crore from various states. Stock trades at record high on outlook.,DESCRIPTIVE
Nifty Auto index ends marginally higher with mixed stock performance. Tata Motors and M&M gain while Maruti declines on volumes. Two-wheeler stocks trading flat awaiting monsoon clarity.,DESCRIPTIVE
SBI shares rise 2.5 percent on deposit growth and NIM improvement outlook. State lender gaining market share in key retail segments. Stock approaches record high on fundamentals.,DESCRIPTIVE
Nifty FMCG index ends flat with ITC gains offsetting HUL decline. Consumer staples sector consolidates near recent highs today. Rural demand recovery pace key monitorable ahead.,DESCRIPTIVE
Bajaj Finance shares gain 3 percent on strong disbursement growth guidance. NBFC leader maintaining momentum in consumer and SME lending. Stock trades at premium valuation to peers.,DESCRIPTIVE
Nifty PSU Bank index rises 2.5 percent on rerating expectations continuing. State banks rallying on improved profitability and asset quality. PNB and BoB among top performing stocks.,DESCRIPTIVE
L&T shares touch new high on infrastructure order announcements today. Engineering major secures contracts worth 6000 crore from various clients. Stock benefits from capex cycle acceleration.,DESCRIPTIVE
Nifty Financial Services index gains 1.2 percent on broad-based strength. Banking and insurance stocks both contributing to index advance. NBFCs also trading positive on growth outlook.,DESCRIPTIVE
ICICI Bank shares end marginally higher after touching new intraday record. Private lender consolidates near all-time high levels currently. Quarterly results awaited for fresh momentum.,DESCRIPTIVE
Nifty Healthcare index rises 2.5 percent on hospital chain performance. Apollo and Max Healthcare lead gains on capacity expansion. Diagnostic stocks also trading with positive bias.,DESCRIPTIVE
Titan shares gain 2 percent on jewelry segment demand expectations. Company benefits from wedding season and store expansion plans. Stock trades near record high on fundamentals.,DESCRIPTIVE
Nifty Infrastructure index ends higher on capital goods sector rally. ABB and Siemens contributing along with power sector stocks. Index near all-time high on investment cycle.,DESCRIPTIVE
Coal India shares rise 3.5 percent on strong dispatch volume growth. State miner exceeding targets on power sector coal demand. Dividend yield continues to attract income investors.,DESCRIPTIVE
Nifty PSE index gains 2 percent on oil and banking stock strength. PSU companies benefiting from valuation rerating expectations. NTPC and ONGC among top performing stocks.,DESCRIPTIVE
Axis Bank shares rise 2.5 percent on improved asset quality commentary. Private lender showing strong retail book growth momentum. Stock outperforming sector index this quarter.,DESCRIPTIVE
Nifty Private Bank index ends 1.5 percent higher outperforming PSU peers. HDFC Bank ICICI and Kotak contributing to sectoral gains. Credit growth data supporting positive sentiment.,DESCRIPTIVE
UltraTech Cement shares gain 2.5 percent on pricing stability signals. Building materials leader benefiting from infrastructure demand. Stock near record high on market share gains.,DESCRIPTIVE
Nifty MidSmallcap 400 rises 2 percent on broad-based buying interest. Smaller companies attracting flows on risk appetite improvement. Valuations elevated but momentum continues.,DESCRIPTIVE
IndusInd Bank shares rise 3 percent on deposit growth improvement data. Private lender seeing CASA ratio gains in recent quarters. Stock recovering from recent correction lows.,DESCRIPTIVE
Nifty 200 index gains 1 percent tracking broader market strength today. Mid and small caps contributing significantly to performance. Large cap underperformance moderating gradually.,DESCRIPTIVE
Tata Power shares touch new high on renewable capacity expansion news. Power producer benefits from green energy transition theme. Stock trades at premium on growth visibility.,DESCRIPTIVE
Nifty Smallcap 250 rises 2.3 percent outperforming larger cap indices. Retail participation driving buying in smaller companies. Index near all-time high on momentum.,DESCRIPTIVE
Maruti Suzuki shares end marginally lower despite sector gains today. Auto major faces concerns over sedan segment demand trends. SUV portfolio expansion supporting market position.,DESCRIPTIVE
Nifty Energy index gains 1.5 percent on oil and gas stock strength. ONGC and Reliance contributing to sectoral advance today. Index benefits from crude price stability.,DESCRIPTIVE
Apollo Hospitals shares rise 3 percent on bed expansion announcements. Healthcare chain adding capacity in metro and tier 2 cities. Stock trades at premium on growth outlook.,DESCRIPTIVE
How the SEBI regulations on overseas investment by AIFs work in practice. Alternative investment funds can invest in specified foreign securities. Exposure limits and compliance requirements clearly defined.,EXPLANATORY
Understanding the RBI framework for account aggregator consent architecture. Customers control data sharing through digital consent mechanism. Banks and fintechs can access data only with explicit authorization.,EXPLANATORY
SEBI guidelines on segregated nominee accounts for foreign investors explained. FPIs can hold securities in segregated accounts at custodians. Compliance and reporting requirements specified for custodians.,EXPLANATORY
How the PLI scheme for drone manufacturing works for eligible companies. Domestic manufacturers eligible for production linked incentives. Value addition and export requirements for scheme benefits.,EXPLANATORY
Understanding the FEMA regulations on overseas portfolio investment by residents. Individuals can invest in foreign securities through liberalized route. Limits and prohibited transactions clearly specified.,EXPLANATORY
RBI guidelines on digital banking units and customer service standards. DBUs must offer comprehensive banking services without paper. Service level agreements and grievance redressal process mandated.,EXPLANATORY
SEBI regulations on portfolio concentration limits for mutual funds. Equity funds face stock and sector exposure limitations. Risk diversification requirements protect investor interests.,EXPLANATORY
How the National Infrastructure Pipeline monitoring mechanism works. Government tracks progress of major infrastructure projects centrally. Inter-ministerial coordination ensures timely execution.,EXPLANATORY
Understanding the IRDAI regulations on health insurance sub-limits and capping. Insurers must justify sub-limits on room rent and procedures. Consumer disclosure requirements for policy terms.,EXPLANATORY
RBI framework for retail participation in commercial paper market. Individual investors can buy CP through negotiated dealing system. Minimum investment and credit rating requirements apply.,EXPLANATORY
SEBI guidelines on materiality thresholds for related party transactions. Transactions above specified thresholds need shareholder approval. Audit committee review mandatory for all RPTs.,EXPLANATORY
How the Atal Bhujal Yojana works for groundwater management in states. Community participation in water resource conservation efforts. Incentive structure linked to sustainability outcomes.,EXPLANATORY
Understanding the CCI regulations on combination filings and green channel. Mergers above thresholds require competition authority approval. Fast-track route for transactions without overlaps.,EXPLANATORY
RBI regulations on merchant discount rate and digital payment charges. Interchange and merchant charges structured for cost recovery. Zero MDR for small value UPI and RuPay transactions.,EXPLANATORY
SEBI framework for cyber security and resilience requirements for MIIs. Stock exchanges and depositories must implement security standards. Incident response and recovery procedures mandated.,EXPLANATORY
How the PM WANI scheme enables public WiFi access across India. Licensed aggregators can operate WiFi access points. Revenue sharing and quality standards specified.,EXPLANATORY
Understanding the GST provisions on input service distributor mechanism. Centralized input credit distribution to branch locations. Invoice and compliance requirements for ISD registration.,EXPLANATORY
RBI guidelines on rupee interest rate derivatives and hedging products. Corporates can hedge interest rate risk using OTC instruments. Documentation and reporting standards specified.,EXPLANATORY
SEBI regulations on buyback of shares and maximum limit provisions. Companies can repurchase up to 25 percent of paid-up capital. Funding and timeline requirements for buyback offers.,EXPLANATORY
How the National Single Window System simplifies business approvals. Investors can apply for permits through unified digital platform. State and central approvals integrated in single system.,EXPLANATORY
Understanding the PFRDA regulations on NPS withdrawal and annuity rules. Subscribers must annuitize minimum 40 percent at retirement. Partial withdrawal provisions for specified purposes.,EXPLANATORY
RBI framework for loan against property and LTV ratio limits. LTV capped at 75 percent for residential property mortgages. Income assessment and repayment capacity evaluation required.,EXPLANATORY
SEBI guidelines on stock option plan disclosures by listed companies. ESOP details must be disclosed in annual report. Fair value computation and vesting schedules reported.,EXPLANATORY
How the PM Kusum scheme supports solarization of agriculture sector. Farmers can install solar pumps with substantial subsidy. Grid-connected solar capacity earns additional income.,EXPLANATORY
Understanding the customs regulations on advance ruling mechanism. Importers can seek clarity on tariff classification in advance. Binding rulings provide certainty for trade operations.,EXPLANATORY
RBI regulations on customer liability in unauthorized digital transactions. Zero liability for customer if reported within specified days. Burden of proof on bank for delayed reporting.,EXPLANATORY
SEBI framework for exit opportunities for investors in unlisted companies. Dissenting shareholders get exit at fair value determination. Independent valuer and process requirements specified.,EXPLANATORY
How the Production Linked Incentive scheme works for solar modules. Manufacturers of cells and modules eligible for incentives. Capacity investment and efficiency thresholds for benefits.,EXPLANATORY
Understanding the IBBI regulations on corporate insolvency resolution timeline. Resolution must complete within 330 days including litigation. Extensions and process requirements clearly specified.,EXPLANATORY
RBI guidelines on currency swap arrangements with other central banks. Bilateral swap lines provide foreign exchange liquidity. Activation process and tenor of swap facilities defined.,EXPLANATORY
Prabhudas Lilladher analysts bullish on capital goods sector order momentum. Investment cycle recovery benefiting engineering companies. L&T and ABB among preferred picks for theme.,MARKET_OPINION
ICICI Direct strategists see Nifty reaching 24500 by year end targets. Earnings growth and flow momentum supporting higher levels. Financial and auto sectors preferred for allocation.,MARKET_OPINION
Sundaram AMC managers positive on pharma sector recovery prospects ahead. US pricing stabilization and domestic growth supporting outlook. Sun Pharma and Cipla among preferred picks.,MARKET_OPINION
Motilal Oswal analysts expect cement sector consolidation to accelerate. Large players gaining share from regional producers. Ultratech and Shree Cement among preferred picks.,MARKET_OPINION
HDFC AMC fund managers cautious on small cap valuations currently. Premium to large caps elevated relative to growth differential. Quality focus essential in stock selection process.,MARKET_OPINION
Kotak Securities analysts bullish on hospital sector capacity expansion. Bed additions driving volume and revenue growth momentum. Apollo and Max Healthcare among preferred picks.,MARKET_OPINION
Axis AMC managers see banking sector credit cycle remaining supportive. NIMs and asset quality trends positive for earnings. HDFC Bank and ICICI among core holdings.,MARKET_OPINION
Credit Suisse strategists recommend overweight on India in EM portfolios. Strong macro and earnings differentiating from peers. Financials and IT preferred for allocation.,MARKET_OPINION
Franklin Templeton sees corporate bond spreads attractive for portfolios. High grade issuers offering yield pickup over sovereigns. AAA rated papers preferred for credit exposure.,MARKET_OPINION
Nippon AMC managers bullish on auto ancillary export growth theme. Global OEM diversification benefiting Indian suppliers. Bharat Forge and Motherson among preferred picks.,MARKET_OPINION
Morgan Stanley analysts positive on real estate sector structural growth. Affordability and consolidation benefiting organized developers. Godrej Properties and Prestige among picks.,MARKET_OPINION
ICICI Pru AMC cautious on IT sector near term recovery timing. Deal delays and macro weakness impacting revenue outlook. Quality large caps preferred for defensive exposure.,MARKET_OPINION
Bernstein analysts see power sector as structural investment theme. Capacity addition and T&D investment driving growth. NTPC and Power Grid among preferred picks.,MARKET_OPINION
DSP AMC managers positive on specialty chemicals export recovery. China plus one theme supporting Indian manufacturers. Navin Fluorine and PI Industries among picks.,MARKET_OPINION
Edelweiss Securities analysts bullish on insurance sector APE growth. Protection products driving profitable new business. HDFC Life and SBI Life among preferred picks.,MARKET_OPINION
SBI MF managers see infrastructure theme as multi-year opportunity. Government and private capex supporting order books. Capital goods and cement among preferred sectors.,MARKET_OPINION
Nomura strategists expect rupee to outperform EM peers ahead. Strong macro and flows supporting currency stability. INR appreciation likely if dollar weakens globally.,MARKET_OPINION
HDFC Securities analysts positive on consumer durables recovery prospects. Summer demand and replacement cycle supporting volumes. Voltas and Havells among preferred picks.,MARKET_OPINION
Quantum AMC maintains defensive positioning with elevated cash levels. Valuations not providing adequate safety margin currently. Waiting for correction to add equity exposure.,MARKET_OPINION
Kotak AMC sees PSU stocks offering value despite recent rally. Dividend yields and rerating potential still attractive. ONGC and Coal India among preferred picks.,MARKET_OPINION
Goldman analysts expect oil prices to remain range-bound near term. OPEC discipline balanced by demand concerns globally. OMCs to maintain healthy marketing margins.,MARKET_OPINION
UTI AMC managers positive on consumption recovery in H2 outlook. Rural and urban demand both showing improvement signs. Titan and Maruti among preferred picks.,MARKET_OPINION
Macquarie strategists see India as preferred EM allocation destination. Strong growth and reform momentum differentiating India. Overweight maintained despite valuation concerns.,MARKET_OPINION
Canara Robeco analysts bullish on PSU bank rerating continuation. Valuation gap with private peers still meaningful. SBI and BoB among top sector picks.,MARKET_OPINION
Motilal AMC sees mid caps as optimal risk-reward proposition. Earnings growth higher than large caps at reasonable prices. Quality and growth focus in selection.,MARKET_OPINION
JP Morgan analysts expect IT sector demand to recover gradually. Client spending showing early signs of stabilization. TCS and HCL among preferred picks.,MARKET_OPINION
Aditya Birla AMC managers cautious on consumer staples valuations. Volume growth not justifying premium multiples currently. Selective approach recommended in FMCG sector.,MARKET_OPINION
BNP Paribas strategists see bond yields declining on rate cuts. Duration extension recommended as easing cycle begins. Long-dated government securities preferred.,MARKET_OPINION
IIFL Securities analysts bullish on textile sector export recovery. Cotton prices normalizing and orders improving. Arvind and KPR Mills among preferred picks.,MARKET_OPINION
Mirae AMC sees housing finance as attractive lending segment. Affordable housing demand and rate cycle supportive. Aavas and Home First among preferred picks.,MARKET_OPINION
Theta Network crashes 44 percent as video streaming blockchain faces adoption challenges. THETA token tumbles on limited content creator migration. Decentralized video infrastructure narrative weakens.,BREAKING_NEWS
Punjab and Sind Bank faces concerns over agricultural loan portfolio quality. Stock crashes 11 percent on NPA fears in farm lending. State-run lender assures focused recovery efforts.,BREAKING_NEWS
Oasis crashes 39 percent as privacy layer fails to attract DeFi protocols. ROSE token plunges on ecosystem development stagnation. Privacy preserving computation use cases limited.,BREAKING_NEWS
Indian Bank faces regulatory scrutiny over compliance issues in lending. Stock falls 8 percent on supervisory action concerns. Bank assures corrective measures underway on observations.,BREAKING_NEWS
Celo crashes 42 percent as mobile-first blockchain faces competition headwinds. CELO token tumbles on adoption challenges in target markets. Mobile payments narrative failing to differentiate.,BREAKING_NEWS
Bank of India faces concerns over corporate exposure quality trends. Stock crashes 9 percent on large account stress worries. Management provides segmental portfolio analysis.,BREAKING_NEWS
Ankr crashes 46 percent as Web3 infrastructure fails to scale adoption. ANKR token plunges on node service demand weakness. Infrastructure-as-a-service narrative struggling.,BREAKING_NEWS
Canara Bank faces ED probe related to historical transactions alleged. Stock falls 7 percent as investigation creates uncertainty. Bank cooperating while maintaining denial of wrongdoing.,BREAKING_NEWS
Kava crashes 41 percent as cross-chain DeFi protocol loses TVL sharply. Token tumbles on yield compression and competition. Cosmos-based lending facing headwinds.,BREAKING_NEWS
Union Bank faces asset quality stress in SME lending segment. Stock crashes 10 percent on provisioning concerns. Management announces enhanced collection efforts.,BREAKING_NEWS
Moonbeam crashes 43 percent as Polkadot parachain faces low activity. GLMR token plunges on ecosystem development concerns. Ethereum compatibility narrative insufficient for traction.,BREAKING_NEWS
Central Bank faces regulatory restrictions on certain business activities. Stock falls 9 percent as growth outlook uncertain. Bank working to address compliance observations.,BREAKING_NEWS
Moonriver crashes 45 percent as Kusama-based platform loses developers. MOVR token tumbles on migration to alternative chains. Canary network relevance questioned.,BREAKING_NEWS
PNB faces concerns over restructured loan book quality trends. Stock declines 8 percent on slippage fears. State lender provides enhanced disclosure on portfolio.,BREAKING_NEWS
Harmony crashes 55 percent months after bridge hack as recovery stalls. ONE token plunges on investor confidence collapse. Cross-chain bridge security remains unresolved.,BREAKING_NEWS
IOB faces margin pressure from rising deposit costs in retail. Stock falls 7 percent on NIM compression concerns. Competition for deposits intensifying in market.,BREAKING_NEWS
Enjin crashes 38 percent as gaming NFT platform sees volume collapse. ENJ token tumbles on reduced marketplace activity. Gaming NFT narrative facing sustainability questions.,BREAKING_NEWS
Allahabad Bank merger integration faces challenges causing disruption. Stock falls 6 percent on execution concerns emerging. Management assures resolution timeline on issues.,BREAKING_NEWS
Loopring crashes 47 percent as Layer 2 scaling solution loses momentum. LRC token plunges on Ethereum rollup competition. zkRollup differentiation proving difficult.,BREAKING_NEWS
Corporation Bank faces asset quality concerns post-merger integration. Stock declines 8 percent on slippage fears. Management provides reassurance on portfolio health.,BREAKING_NEWS
Yearn crashes 44 percent as yield aggregator faces TVL outflows. YFI token tumbles on DeFi yield compression. Passive yield strategies losing appeal.,BREAKING_NEWS
Vijaya Bank faces integration challenges after merger completion. Stock falls 7 percent on operational concerns. Bank assures customer service improvement.,BREAKING_NEWS
Synthetix crashes 42 percent as synthetic asset protocol loses traders. SNX token plunges on reduced platform activity. Derivatives DEX facing competitive pressures.,BREAKING_NEWS
Dena Bank merger creates systems integration challenges for customers. Stock declines 6 percent on service disruption. Management commits to resolution timeline.,BREAKING_NEWS
Compound crashes 40 percent as lending protocol faces utilization decline. COMP token tumbles on DeFi activity weakness. Yield generation becoming challenging.,BREAKING_NEWS
Andhra Bank faces post-merger asset quality concerns emerging. Stock falls 8 percent on NPA fears. State-run lender provides portfolio breakdown.,BREAKING_NEWS
Maker crashes 39 percent as DAI stablecoin faces regulatory scrutiny. MKR token plunges on compliance concerns globally. Decentralized stablecoin model questioned.,BREAKING_NEWS
Oriental Bank faces margin pressure in competitive lending environment. Stock declines 7 percent on profitability concerns. NIMs under pressure from deposit costs.,BREAKING_NEWS
UMA crashes 46 percent as synthetic token protocol loses developer focus. Token tumbles on limited new product launches. Oracle infrastructure value questioned.,BREAKING_NEWS
Syndicate Bank merger creates operational challenges for branches. Stock falls 6 percent on execution concerns. Integration roadmap timeline extended.,BREAKING_NEWS
Balancer crashes 43 percent as AMM protocol faces TVL drain. BAL token plunges on yield farming decline. Liquidity mining incentives losing effectiveness.,BREAKING_NEWS
United Bank faces asset quality stress in MSME lending segment. Stock crashes 9 percent on slippage concerns. Management announces enhanced monitoring.,BREAKING_NEWS
SushiSwap crashes 48 percent as DEX protocol faces governance crisis. SUSHI token tumbles on treasury and team disputes. Decentralized governance proving challenging.,BREAKING_NEWS
UCO Bank faces regulatory scrutiny over lending practices alleged. Stock falls 10 percent as investigation concerns mount. Bank maintains compliance with all norms.,BREAKING_NEWS
1inch crashes 44 percent as DEX aggregator sees volume decline. Token plunges on reduced trading activity. Competition from established aggregators intense.,BREAKING_NEWS
BOB Cards faces concerns over credit card delinquency trends. Stock declines 8 percent on asset quality worries. Management provides portfolio analysis.,BREAKING_NEWS
Curve crashes 41 percent as stablecoin DEX faces liquidity crisis. CRV token tumbles on depeg concerns for pools. AMM stability questioned during stress.,BREAKING_NEWS
SBI Cards faces RBI concern over aggressive growth in unsecured lending. Stock falls 7 percent on regulatory overhang. Management assures conservative underwriting.,BREAKING_NEWS
Aave crashes 38 percent as lending protocol sees utilization plunge. AAVE token tumbles on DeFi winter concerns. Yield environment challenging for lenders.,BREAKING_NEWS
Canfin Homes faces asset quality concerns in affordable housing loans. Stock crashes 11 percent on NPA fears. Management provides segmental quality metrics.,BREAKING_NEWS
dYdX crashes 45 percent as perpetuals DEX faces regulatory headwinds. DYDX token plunges on compliance concerns in US. Decentralized derivatives facing scrutiny.,BREAKING_NEWS
PNB Housing faces margin pressure from rising funding costs. Stock falls 8 percent on NIM compression worries. Competition intensifying in housing finance.,BREAKING_NEWS
GMX crashes 42 percent as perpetuals platform faces liquidity concerns. Token tumbles on trader losses and LP exit. Leveraged trading risks crystallizing.,BREAKING_NEWS
L&T Finance faces concerns over real estate exposure quality. Stock crashes 10 percent on provisioning fears. Management provides granular portfolio analysis.,BREAKING_NEWS
Frax crashes 40 percent as algorithmic stablecoin model faces skepticism. FXS token plunges on backing questions. Partially collateralized design questioned.,BREAKING_NEWS
Indiabulls Commercial Credit faces asset quality stress in wholesale. Stock falls 12 percent on slippage concerns. Management announces enhanced recovery focus.,BREAKING_NEWS
LDO crashes 36 percent as Lido faces Ethereum staking concentration concerns. Token tumbles on decentralization questions. Dominant staking position drawing scrutiny.,BREAKING_NEWS
Shriram City Union faces merger integration challenges with group company. Stock declines 7 percent on execution concerns. Management provides integration timeline.,BREAKING_NEWS
RPL crashes 44 percent as Rocket Pool faces validator concerns. Token tumbles on staking performance questions. Decentralized staking alternative struggling.,BREAKING_NEWS
Mahindra Finance faces concerns over rural loan portfolio quality. Stock crashes 9 percent on collection concerns. Monsoon impact on farm income worrying.,BREAKING_NEWS
India June manufacturing PMI at 58.3 versus 57.5 in May accelerating. Output and new orders growth strengthening on demand. Employment rising as capacity constraints emerge.,DATA_RELEASE
US June payrolls at 206000 versus 190000 expected solid job growth. Unemployment rate rises to 4.1 percent on participation. Wage growth at 3.9 percent moderating.,DATA_RELEASE
India June CPI inflation at 5.08 percent versus 4.75 percent in May rising. Food inflation at 8.3 percent on vegetable price surge. Core inflation stable at 3.1 percent.,DATA_RELEASE
China June PMI manufacturing at 49.4 versus 49.5 in May still contracting. Factory activity remains weak despite stimulus measures. Services PMI holds at 51.2 on consumption.,DATA_RELEASE
US June retail sales at 0 percent versus 0.3 percent expected flat. Consumer spending stalling on rate sensitivity effects. Auto and building materials declining.,DATA_RELEASE
India June trade deficit at 20.9 billion versus 19.1 billion in May widening. Oil imports higher on crude price rise globally. Electronics imports also surging sharply.,DATA_RELEASE
Euro zone June inflation at 2.5 percent versus 2.6 percent in May easing. Core inflation at 2.9 percent stable month on month. ECB rate cut delivered in June meeting.,DATA_RELEASE
India June GST collection at 1.74 lakh crore up 8 percent year on year. Economic activity and compliance supporting revenue growth. Q1 FY25 collection exceeding expectations.,DATA_RELEASE
US June CPI at 3 percent versus 3.3 percent in May falling sharply. Core CPI at 3.3 percent below expectations helping markets. Fed rate cut expectations strengthen for September.,DATA_RELEASE
India June forex reserves at 657 billion up 6 billion from May. RBI accumulating reserves on FPI debt inflows. Import cover comfortable at 12.5 months.,DATA_RELEASE
UK June CPI at 2 percent stable matching Bank of England target. Services inflation at 5.2 percent still elevated. BoE likely to cut rates in August.,DATA_RELEASE
India June core sector output at 6.3 percent versus 6.8 percent in May. Coal and electricity growth moderating slightly. Steel production accelerating on demand.,DATA_RELEASE
US June housing starts at 1.35 million versus 1.3 million expected rising. Single family starts improving on mortgage rate decline. Multi-family remains weak on supply.,DATA_RELEASE
India Q1 FY25 GDP estimate at 6.7 percent strong but moderating. Private consumption and investment driving growth. Monsoon and rural demand key for H2.,DATA_RELEASE
China June CPI at 0.2 percent versus 0.3 percent in May easing. Consumer price momentum weak on demand concerns. PPI at minus 0.8 percent improving gradually.,DATA_RELEASE
India June IIP growth at 5.9 percent versus 5.2 percent in May accelerating. Manufacturing output at 5.4 percent with consumer goods strong. Capital goods indicate investment momentum.,DATA_RELEASE
US June ISM manufacturing at 48.5 versus 49.1 expected contracting. New orders declining while production shows some resilience. Employment shedding accelerating on weakness.,DATA_RELEASE
India June WPI inflation at 3.4 percent versus 2.4 percent in May rising. Food articles at 10.2 percent on onion potato surge. Manufacturing inflation contained at 1.1 percent.,DATA_RELEASE
Euro zone Q2 GDP at 0.3 percent matching Q1 growth rate steady. Germany and France both growing modestly. Investment supporting despite rate headwinds.,DATA_RELEASE
India June auto sales at 3.42 lakh units flat versus year ago levels. Monsoon impact on rural demand affecting two-wheelers. SUV segment continues strong growth.,DATA_RELEASE
US June existing home sales at 3.89 million versus 4 million expected declining. Sales weakening on affordability and inventory constraints. Median price at 426000 new high.,DATA_RELEASE
India June services PMI at 60.5 versus 60.2 in May still expanding. New business growth robust from exports and domestic. Employment rising for twenty-second straight month.,DATA_RELEASE
China June exports at 8.6 percent versus 8 percent expected strong. Trade surplus at 99 billion dollars on import weakness. Electronics driving export momentum.,DATA_RELEASE
India June bank credit at 15.1 percent versus 16.2 percent in May moderating. Base effects impacting growth trajectory. Deposit growth at 12.8 percent.,DATA_RELEASE
US June consumer confidence at 100.4 versus 100 expected steady. Present situation stable while expectations decline. Labor market confidence supporting sentiment.,DATA_RELEASE
India June FPI flows at 2600 crore versus minus 3400 crore in May turning positive. Equity and debt both seeing inflows. Index inclusion driving debt buying.,DATA_RELEASE
Euro zone June unemployment at 6.5 percent stable versus May reading. Labor market resilient despite manufacturing weakness. Youth unemployment improving gradually.,DATA_RELEASE
India June cement production at 28 million tonnes down 5 percent on monsoon. Construction activity impacted by rainy season. Prices holding despite volume softness.,DATA_RELEASE
US June durable goods orders up 0.1 percent versus flat expected. Core capital goods up 1 percent on business spending. Aircraft orders volatile as usual.,DATA_RELEASE
India June steel consumption at 10.2 million tonnes down 8 percent on monsoon. Construction slowdown impacting demand seasonally. Exports rising on weak domestic.,DATA_RELEASE
UK June retail sales at minus 1.2 percent versus minus 0.4 percent expected weak. Consumer spending declining on weather and confidence. Discretionary worst affected.,DATA_RELEASE
India June mutual fund AUM at 64.9 lakh crore up 6 percent month on month. Equity inflows at 26000 crore new monthly record. SIP at 21500 crore continued strong.,DATA_RELEASE
US June industrial production up 0.6 percent versus 0.4 percent expected. Manufacturing output up 0.4 percent on auto recovery. Utilities surge on summer cooling demand.,DATA_RELEASE
India June gold imports at 6.8 billion versus 4.5 billion in May surging. Pre-festival buying driving strong demand. Trade deficit widens on precious metals.,DATA_RELEASE
China June new home prices at minus 0.6 percent versus minus 0.7 percent in May. Property sector showing signs of stabilization. Policy support gaining some traction.,DATA_RELEASE
India June electricity generation at 145 billion units up 9 percent annually. Monsoon moderating summer peak demand. Hydro contribution improving on rainfall.,DATA_RELEASE
US June building permits at 1.45 million versus 1.4 million expected rising. Housing activity improving on rate expectations. Single family driving permit growth.,DATA_RELEASE
India June food grain stocks at 82 million tonnes above buffer requirements. Procurement progressing well in major states. PDS distribution on track for needs.,DATA_RELEASE
Euro zone June consumer confidence at minus 13 versus minus 14 in May improving. Sentiment strengthening on inflation moderation. Summer spending expected to pick up.,DATA_RELEASE
India June IT exports at 18.9 billion versus 20.1 billion in May declining. Seasonal weakness and deal delays impacting. FY25 outlook dependent on demand recovery.,DATA_RELEASE
Nifty 50 ends 200 points higher at 23200 crossing key resistance level. Banking and auto stocks lead broad-based rally in markets. Advance decline ratio at 3.5:1 showing strong breadth.,DESCRIPTIVE
Sensex closes 650 points higher at 76850 near all-time high levels. HDFC Bank Reliance and Infosys contribute most to index gains. Market turnover at 1.15 lakh crore rupees for day.,DESCRIPTIVE
Crude oil rises to 85 dollars per barrel on geopolitical tensions. Brent futures gain on Middle East supply concerns intensifying. OMCs may face margin pressure if prices sustain.,DESCRIPTIVE
Rupee declines 15 paise to 83.28 against dollar on oil demand. Currency weakens as crude prices rise affecting trade balance. RBI intervening to limit depreciation pace.,DESCRIPTIVE
Gold gains 600 rupees to 72000 per 10 grams on safe haven buying. Geopolitical tensions supporting precious metal prices globally. Festival demand also providing domestic support.,DESCRIPTIVE
FIIs remain net buyers adding 3200 crore to equity positions today. Foreign flows supporting market rally at elevated levels. DIIs book profits selling 500 crore in session.,DESCRIPTIVE
Nifty Midcap 100 rises 2.5 percent outperforming Nifty 50 significantly. Broader market rally continues on retail participation. Index at new all-time high on momentum.,DESCRIPTIVE
Bitcoin surges to 73000 dollars gaining 6 percent in 24 hours. Cryptocurrency rallies on ETF inflows and risk-on sentiment. Ethereum rises to 4000 dollars on momentum.,DESCRIPTIVE
Nifty Bank index gains 400 points crossing 51500 level for first time. Private and PSU banks both contributing to rally. Sector benefits from credit growth data.,DESCRIPTIVE
Tata Motors shares surge 6 percent on JLR profitability guidance raised. Auto major benefits from EV transition and cost efficiencies. Stock touches new 52-week high today.,DESCRIPTIVE
Nifty Metal index rises 4 percent on China stimulus announcement. Steel aluminum and copper stocks all rallying strongly. Tata Steel and Hindalco lead sectoral gains.,DESCRIPTIVE
HDFC Bank shares gain 3 percent on strong quarterly results preview. Private lender expected to report robust loan growth. Stock approaches all-time high on optimism.,DESCRIPTIVE
Nifty IT index ends 2.5 percent higher on deal win announcements. TCS and Infosys lead rally on improved sentiment. Sector sees short covering after underperformance.,DESCRIPTIVE
Reliance Industries shares rise 2.5 percent on Jio platform updates. Retail segment also showing strong growth momentum. Stock near record high on diversification.,DESCRIPTIVE
Nifty Pharma index gains 2 percent on US pricing stability hopes. Sun Pharma and Cipla lead sectoral gains today. USFDA approvals supporting individual stock moves.,DESCRIPTIVE
Power Grid shares touch new high on order win announcements. State utility benefits from transmission capex cycle. Dividend yield continues attracting investors.,DESCRIPTIVE
Nifty Realty index rises 5 percent on housing demand strength. Real estate stocks rally on pre-sales and launch data. DLF and Prestige lead sectoral advance.,DESCRIPTIVE
SBI shares gain 3 percent on asset quality improvement outlook. State lender benefits from NIM expansion expectations. Stock approaches all-time high on strength.,DESCRIPTIVE
Nifty Auto index ends 1.5 percent higher on volume data optimism. Tata Motors and M&M lead gains while two-wheelers lag. Sector awaits monsoon impact assessment.,DESCRIPTIVE
Bajaj Finance shares rise 3.5 percent on AUM growth guidance. NBFC leader maintaining momentum across lending segments. Stock trades at premium on outlook.,DESCRIPTIVE
Nifty PSU Bank index gains 3 percent on rerating theme continuation. State banks rallying on profitability improvement trends. SBI and BoB among top performers.,DESCRIPTIVE
L&T shares gain 3 percent on large order win announcement. Engineering major secures international contracts worth 8000 crore. Stock at record high on visibility.,DESCRIPTIVE
Nifty Financial Services index rises 1.5 percent broadly. Banking insurance and NBFC stocks all trading positive. Sector benefits from credit growth data.,DESCRIPTIVE
ICICI Bank shares touch new high on quarterly expectations. Private lender expected to report strong earnings growth. Stock leads banking sector gains.,DESCRIPTIVE
Nifty Healthcare index ends 3 percent higher on hospital strength. Apollo and Max Healthcare rally on expansion updates. Diagnostic stocks also gaining.,DESCRIPTIVE
Titan shares gain 3 percent on jewelry demand momentum. Company benefits from wedding and festival season outlook. Stock near record high on growth.,DESCRIPTIVE
Nifty Infrastructure index rises 2 percent on capex acceleration. Capital goods and power stocks contributing gains. L&T and NTPC among leaders.,DESCRIPTIVE
Coal India shares rise 4 percent on production growth momentum. State miner exceeding dispatch targets consistently. Dividend yield supporting stock price.,DESCRIPTIVE
Nifty PSE index gains 2.5 percent on oil and bank strength. PSU companies trading positive on valuation rerating. ONGC and SBI among top performers.,DESCRIPTIVE
Axis Bank shares rise 3 percent on credit quality improvement. Private lender showing strong retail growth trends. Stock outperforming sector peers.,DESCRIPTIVE
Nifty Private Bank index ends 2 percent higher on broad rally. HDFC ICICI and Kotak all touching new highs. Asset quality supporting sector momentum.,DESCRIPTIVE
UltraTech Cement shares gain 3 percent on price hike news. Building materials company raising prices in key markets. Stock near record high on demand.,DESCRIPTIVE
Nifty Smallcap 100 rises 2.8 percent outperforming benchmarks. Smaller companies seeing strong buying interest. Index at all-time high on flows.,DESCRIPTIVE
Sun Pharma shares rise 3.5 percent on product launch news. Pharma major expanding specialty portfolio in US. Stock at 52-week high on momentum.,DESCRIPTIVE
Nifty Energy index gains 2 percent on oil stock strength. ONGC and Reliance contributing to sectoral gains. Crude prices supporting sector outlook.,DESCRIPTIVE
Apollo Hospitals shares gain 4 percent on capacity expansion. Healthcare chain adding beds in key metro markets. Stock trades at premium valuation.,DESCRIPTIVE
Nifty Commodities index rises 3 percent on metal rally. Steel aluminum and oil stocks all trading positive. China stimulus supporting commodities.,DESCRIPTIVE
Tata Power shares surge 5 percent on renewable order wins. Power producer benefits from green energy transition. Stock at record high on growth.,DESCRIPTIVE
Nifty MNC index ends 1 percent higher on mixed performance. Nestle and Maruti gain while ABB trades flat. Index near all-time high levels.,DESCRIPTIVE
Persistent Systems shares rise 5 percent on deal announcements. IT company secured large multi-year contracts. Stock outperforming sector significantly.,DESCRIPTIVE
How the SEBI guidelines on passive fund taxation work for investors. Mutual fund units held over one year qualify for long-term gains. Tax treatment differs for equity and debt oriented funds.,EXPLANATORY
Understanding the RBI regulations on tokenization and card payment security. Tokens replace actual card numbers at merchant locations. Enhanced security reduces fraud risk for cardholders.,EXPLANATORY
SEBI framework for investor associations and market advocacy explained. Registered associations can represent investor concerns to regulators. Complaint handling and policy feedback mechanisms specified.,EXPLANATORY
How the customs bonded warehouse scheme works for importers. Goods can be stored without payment of duty upfront. Duty paid only when goods cleared for domestic use.,EXPLANATORY
Understanding the NCLT process for scheme of arrangement approvals. Companies can restructure through court-approved schemes. Shareholder and creditor voting requirements specified.,EXPLANATORY
RBI guidelines on opening current accounts and credit discipline. Banks must verify borrower relationships before opening accounts. CC/OD accounts restricted for companies with loan exposures.,EXPLANATORY
SEBI regulations on investment in overseas ETFs by domestic funds. Mutual funds can invest in foreign ETFs within specified limits. Exposure and disclosure requirements for overseas investments.,EXPLANATORY
How the PM Rozgar Mela scheme supports government job creation. Central government ministries conducting recruitment drives. Direct employment generation through mass hiring programs.,EXPLANATORY
Understanding the IFSCA regulations for fund management in GIFT City. Fund managers can operate with reduced compliance in IFSC. Tax benefits and currency flexibility attract global funds.,EXPLANATORY
RBI framework for digital rupee wholesale segment and interbank use. Central bank digital currency for settlement between banks. Efficiency gains in large value transaction processing.,EXPLANATORY
SEBI guidelines on index rebalancing and stock inclusion criteria. Index providers must follow transparent methodology for changes. Advance notice periods for additions and deletions.,EXPLANATORY
How the coal block allocation process works under auction system. Transparent bidding for mining rights under new framework. Revenue sharing arrangements with state governments.,EXPLANATORY
Understanding the GST provisions for input tax credit reversal. ITC reversed if payment not made within 180 days. Proportionate reversal for part payment scenarios.,EXPLANATORY
RBI regulations on nostro account reconciliation and monitoring. Banks must reconcile foreign currency accounts monthly. Unreconciled entries require escalation and resolution.,EXPLANATORY
SEBI framework for offer for sale through stock exchange mechanism. Promoters can sell shares to public through OFS route. Floor price and discount guidelines specified.,EXPLANATORY
How the Ayushman Bharat hospital empanelment process works. Private hospitals can join network by meeting quality criteria. Package rates and claim settlement process defined.,EXPLANATORY
Understanding the Companies Act provisions for director disqualification. Directors of defaulting companies face restrictions. Rehabilitation process for disqualified directors specified.,EXPLANATORY
RBI guidelines on opening basic savings bank deposit accounts. Banks must offer no-frills accounts for financial inclusion. Minimum balance and transaction limits waived.,EXPLANATORY
SEBI regulations on T+1 settlement cycle and operational changes. Trades now settle in one business day after execution. Broker and custodian process adaptations required.,EXPLANATORY
How the spectrum auction process works for telecom operators. Transparent bidding for airwaves under government framework. Payment terms and usage obligations specified.,EXPLANATORY
Understanding the PFRDA regulations on pension fund investment limits. NPS funds have asset class exposure restrictions. Dynamic allocation based on subscriber age.,EXPLANATORY
RBI framework for standing deposit facility and liquidity management. Banks can park excess funds with RBI at SDF rate. No collateral required unlike reverse repo.,EXPLANATORY
SEBI guidelines on trading lot sizes for derivatives contracts. Lot sizes designed to ensure minimum value thresholds. Periodic revisions based on stock prices.,EXPLANATORY
How the National Apprenticeship Promotion Scheme supports skill development. Employers get reimbursement for apprentice stipends. Training duration and eligibility criteria defined.,EXPLANATORY
Understanding the customs anti-dumping duty investigation process. Domestic industry can file complaint against unfair imports. Provisional and definitive duties imposed after investigation.,EXPLANATORY
RBI regulations on priority sector lending certificate trading. PSLCs enable banks to meet lending targets. Certificate prices determined by supply and demand.,EXPLANATORY
SEBI framework for listing of specified securities of startups. Innovative SME platform for startup listings. Reduced eligibility and compliance requirements.,EXPLANATORY
How the PM Ujjwala Yojana provides LPG connections to poor. Eligible households receive free gas connections. Subsidy transfers enable affordable refill access.,EXPLANATORY
Understanding the IRDAI regulations on insurance surveyor licensing. Loss assessors must meet qualification requirements. Conduct and fee guidelines for claim surveys.,EXPLANATORY
RBI guidelines on currency chest operations and note distribution. Banks maintain currency stocks for regional distribution. Denomination mix and quality standards specified.,EXPLANATORY
IIFL Securities analysts bullish on oil marketing companies ahead. Marketing margins improving on stable crude prices. BPCL and HPCL among preferred sector picks.,MARKET_OPINION
Sundaram AMC managers positive on capex theme opportunities. Investment cycle revival benefiting capital goods sector. L&T and Thermax among preferred plays.,MARKET_OPINION
CLSA strategists see Indian equities outperforming EM peers ahead. Strong macro and earnings supporting relative performance. Overweight India maintained in regional allocation.,MARKET_OPINION
Motilal Oswal analysts expect auto sector to accelerate in H2. Rural recovery and festive season supporting volumes. Maruti and TVS among preferred picks.,MARKET_OPINION
HDFC AMC fund managers cautious on technology valuations globally. AI hype creating disconnect from fundamentals. Quality at reasonable price approach preferred.,MARKET_OPINION
Kotak Securities analysts bullish on diagnostic sector expansion. Network growth and test volume driving revenue. Dr Lal and Metropolis among preferred picks.,MARKET_OPINION
Axis AMC managers see PSU banks continuing rerating trajectory. Valuation gap with private peers still attractive. SBI and BoB among core holdings.,MARKET_OPINION
Credit Suisse analysts recommend overweight on India consumption. Urban demand resilient while rural recovering. Titan and Maruti among preferred plays.,MARKET_OPINION
Franklin Templeton sees value in duration extension in bonds. Rate cut cycle supporting long-dated securities. Ten-year government bonds preferred for gains.,MARKET_OPINION
Nippon AMC managers bullish on specialty chemical export theme. China plus one sourcing benefiting manufacturers. Navin and SRF among preferred picks.,MARKET_OPINION
Morgan Stanley analysts positive on banking sector NIM outlook. Deposit repricing lag supporting margin expansion. HDFC Bank and ICICI among picks.,MARKET_OPINION
ICICI Pru AMC cautious on consumer durables near term outlook. Input cost pressures impacting margins ahead. Selective approach in white goods sector.,MARKET_OPINION
Bernstein analysts see cement consolidation accelerating further. Market share gains by large players continuing. Shree and Dalmia among preferred picks.,MARKET_OPINION
DSP AMC managers positive on defense sector indigenization. Order book visibility and margin improvement strong. HAL and BEL among preferred plays.,MARKET_OPINION
Edelweiss Securities analysts bullish on hotel sector recovery. RevPAR improvement on travel and events demand. Indian Hotels and Lemon Tree picks.,MARKET_OPINION
SBI MF managers see value in large cap quality stocks. Earnings growth at reasonable valuations available. HDFC Bank and Reliance among holdings.,MARKET_OPINION
Nomura strategists expect RBI to begin rate cuts in Q4. Inflation trajectory supportive of easing cycle. Bond yields likely to decline ahead.,MARKET_OPINION
HDFC Securities analysts positive on power sector capex theme. Generation and T&D investment driving growth. NTPC and Power Grid among picks.,MARKET_OPINION
Quantum AMC remains defensive with high cash allocation levels. Market valuations stretched versus earnings growth. Waiting for correction opportunities.,MARKET_OPINION
Kotak AMC sees manufacturing theme as long-term opportunity. PLI beneficiaries and exporters offering growth. Dixon and Bharat Forge among picks.,MARKET_OPINION
Goldman analysts expect crude oil to trade in 80-90 range. OPEC discipline and demand supporting prices. Brent likely to average 85 for year.,MARKET_OPINION
UTI AMC managers positive on rural consumption recovery ahead. Farm income and government spending supporting. FMCG and two-wheelers among exposures.,MARKET_OPINION
Macquarie strategists see India as structural overweight in EM. Reform and growth differentiating from peers. Financials and consumer preferred sectors.,MARKET_OPINION
Canara Robeco analysts bullish on PSU disinvestment beneficiaries. Government stake sale creating value unlocking. BPCL and Concor among potential picks.,MARKET_OPINION
Motilal AMC sees small caps as high risk high return segment. Quality selection critical at current valuations. Bottom-up stock picking approach essential.,MARKET_OPINION
JP Morgan analysts expect telecom sector ARPU growth continuing. Tariff hikes and data usage supporting revenue. Bharti Airtel remains preferred pick.,MARKET_OPINION
Aditya Birla AMC managers cautious on real estate valuations. Price appreciation front-loaded in cycle. Selective approach in developer stocks.,MARKET_OPINION
BNP Paribas strategists see corporate bond spreads attractive. High grade issuers offering yield pickup. AAA rated PSU bonds preferred.,MARKET_OPINION
IIFL Securities analysts bullish on agrochemical export recovery. Monsoon normalization supporting domestic demand. UPL and PI among preferred picks.,MARKET_OPINION
Mirae AMC sees vehicle finance as attractive lending segment. Fleet replacement and used car demand strong. Shriram and Chola among holdings.,MARKET_OPINION
Nifty 50 consolidates near 23150 in narrow range trading session. Lack of fresh triggers keeping market sideways today. Traders await US Fed meeting outcome for direction.,DESCRIPTIVE
Sensex ends marginally lower at 76150 on profit booking. Banking stocks decline while IT provides some support. Market breadth neutral with equal advances and declines.,DESCRIPTIVE
Crude oil settles at 84 dollars per barrel on demand uncertainty. Brent futures range-bound as supply and demand balance. OMCs watching prices for fuel rate decisions.,DESCRIPTIVE
Rupee trades flat at 83.22 against dollar in quiet session. Currency awaits Fed outcome for directional move. RBI likely present on both sides of market.,DESCRIPTIVE
Gold ends marginally higher at 71600 per 10 grams today. Precious metal consolidates near recent highs on mixed cues. International gold prices trading in narrow range.,DESCRIPTIVE
FIIs sell equities worth 800 crore on profit booking today. Foreign flows turning cautious ahead of Fed meeting. DIIs provide support buying 600 crore in session.,DESCRIPTIVE
Nifty Bank index ends marginally lower on profit taking. Private banks decline while PSU banks show resilience. Index consolidates near 51000 resistance level.,DESCRIPTIVE
Bitcoin trades flat near 70000 dollars in consolidation mode. Cryptocurrency awaits macro catalyst for next leg. Ethereum stable near 3700 dollars tracking Bitcoin.,DESCRIPTIVE
Nifty IT index ends marginally higher on selective buying. TCS and Wipro gain while Infosys declines today. Sector awaits quarterly results for fresh direction.,DESCRIPTIVE
HDFC Bank shares end flat after touching new intraday high. Private lender consolidates near record levels currently. Quarterly results awaited for fresh catalyst.,DESCRIPTIVE
Nifty Metal index falls 1 percent on China demand concerns. Steel stocks face selling on global growth worries. Tata Steel and JSW Steel lead losses.,DESCRIPTIVE
Reliance Industries shares trade in narrow range near 2980. Stock consolidates ahead of AGM announcements expected. Jio and retail updates awaited keenly.,DESCRIPTIVE
Nifty Pharma index ends flat with mixed stock performance. Sun Pharma gains while Dr Reddy's declines today. Sector awaits USFDA developments for direction.,DESCRIPTIVE
Power Grid shares end marginally lower on profit booking. Stock consolidates near record high levels today. Transmission order pipeline remains strong.,DESCRIPTIVE
Nifty Realty index falls 1.5 percent on profit taking. Real estate stocks decline after recent outperformance. DLF and Godrej Properties lead losses.,DESCRIPTIVE
SBI shares end flat amid mixed banking sector performance. State lender consolidates near all-time high levels. Asset quality trends remain positive.,DESCRIPTIVE
Nifty Auto index ends marginally lower on mixed signals. Tata Motors declines while M&M trades higher today. Two-wheeler stocks range-bound on demand uncertainty.,DESCRIPTIVE
Bajaj Finance shares fall 1 percent on profit booking. NBFC leader consolidates after recent rally higher. Growth outlook remains positive for company.,DESCRIPTIVE
Nifty PSU Bank index ends marginally higher on selective buying. SBI and BoB gain while PNB trades flat. Sector consolidates near recent highs.,DESCRIPTIVE
L&T shares end flat after touching new intraday high. Engineering major awaits order announcements for catalyst. Capex theme supporting long-term outlook.,DESCRIPTIVE
Nifty Financial Services index ends marginally lower. Banking weakness offset by insurance gains today. Sector consolidates near all-time highs.,DESCRIPTIVE
ICICI Bank shares decline 1 percent on profit booking. Private lender consolidates after recent outperformance. Quarterly expectations remain strong.,DESCRIPTIVE
Nifty Healthcare index ends flat with mixed performance. Apollo gains while Fortis declines on profit taking. Hospital capacity expansion supporting sector.,DESCRIPTIVE
Titan shares fall 1.5 percent on profit booking today. Jewelry maker consolidates near record high levels. Wedding season outlook remains positive.,DESCRIPTIVE
Nifty Infrastructure index ends marginally lower on consolidation. Capital goods stocks range-bound after recent rally. Order pipeline supporting sector sentiment.,DESCRIPTIVE
Coal India shares end flat on profit booking pressure. State miner consolidates near recent highs today. Dividend yield continues to attract buyers.,DESCRIPTIVE
Nifty PSE index ends marginally higher on oil stock gains. PSU companies consolidating after recent rally. Valuation rerating theme supporting sector.,DESCRIPTIVE
Axis Bank shares end flat amid sector consolidation. Private lender trading near recent highs today. Credit growth data remains supportive.,DESCRIPTIVE
Nifty Private Bank index ends marginally lower. HDFC and ICICI decline while Kotak gains today. Sector consolidates near all-time highs.,DESCRIPTIVE
UltraTech Cement shares end flat on mixed signals. Building materials stock consolidates near highs. Infrastructure demand supporting outlook.,DESCRIPTIVE
Nifty Smallcap 100 ends marginally lower on profit taking. Smaller stocks consolidate after extended rally. Valuations remain elevated in segment.,DESCRIPTIVE
Sun Pharma shares decline 1 percent on profit booking. Pharma major consolidates near 52-week highs. US business outlook remains positive.,DESCRIPTIVE
Nifty Energy index ends flat on mixed oil stock performance. ONGC gains while Reliance trades lower today. Crude prices supporting sector outlook.,DESCRIPTIVE
Apollo Hospitals shares end flat on consolidation mode. Healthcare chain trading near record high levels. Bed addition driving growth prospects.,DESCRIPTIVE
Nifty Commodities index ends marginally lower on metals. Metal stocks decline while oil holds gains. China demand key for sector direction.,DESCRIPTIVE
Tata Power shares end flat after touching new high. Power producer consolidates near record levels. Renewable capacity driving investor interest.,DESCRIPTIVE
Nifty MNC index ends flat with mixed stock performance. Nestle declines while Maruti gains modestly. Index trading near all-time highs.,DESCRIPTIVE
Persistent Systems shares end flat on consolidation. IT company trading near recent highs today. Deal momentum supporting positive outlook.,DESCRIPTIVE
Nifty 200 index ends marginally lower on broad weakness. Large and mid caps both consolidating today. Market awaits fresh triggers for direction.,DESCRIPTIVE
IndusInd Bank shares end flat on range-bound trading. Private lender consolidates near recent highs. Deposit growth improving gradually.,DESCRIPTIVE
How the SEBI regulations on REITs work for real estate investors. Investors can buy units of listed real estate investment trusts. Mandatory distribution of rental income to unitholders specified.,EXPLANATORY
Understanding the RBI framework for loan pricing and reset mechanism. External benchmark linked loans reset with changes in benchmark. Spread over benchmark fixed at time of loan sanction.,EXPLANATORY
SEBI guidelines on corporate bond default monitoring and disclosure. Credit rating agencies must monitor issuers for early warning. Prompt disclosure of rating changes required for investors.,EXPLANATORY
How the National Company Law Tribunal merger approval works. Scheme of arrangement requires NCLT sanction for effect. Shareholder and creditor meetings held before approval.,EXPLANATORY
Understanding the customs provisions for reimport of goods. Goods exported and reimported within period eligible for exemption. Documentation and conditions for duty-free reimport specified.,EXPLANATORY
RBI regulations on classification of NPAs and income recognition. Asset classified as NPA if interest or principal overdue 90 days. Income recognition stops on NPA classification.,EXPLANATORY
SEBI framework for issue of securities on rights basis. Existing shareholders can subscribe in proportion to holdings. Renunciation of rights to third parties permitted.,EXPLANATORY
How the PM Matsya Sampada Yojana supports fisheries sector. Fishing communities receive infrastructure and equipment support. Production enhancement and post-harvest facilities funded.,EXPLANATORY
Understanding the IBBI regulations on group insolvency proceedings. Related companies can be resolved through coordinated process. Procedural coalitions for efficiency in resolution.,EXPLANATORY
RBI guidelines on mobile banking and security requirements. Banks must implement secure authentication for mobile transactions. Transaction limits and customer protection standards specified.,EXPLANATORY
SEBI regulations on open offer pricing and timing. Acquirer must make offer at specified minimum price. Offer period and payment timelines clearly defined.,EXPLANATORY
How the National Green Tribunal handles environmental disputes. Specialized tribunal for cases under environmental laws. Expedited proceedings with technical expertise available.,EXPLANATORY
Understanding the GST provisions for export refunds and zero rating. Exporters can claim refund of input taxes paid. IGST on exports or bond without payment options.,EXPLANATORY
RBI framework for liquidity coverage ratio and HQLA requirements. Banks must maintain liquid assets to cover outflows. Quality and composition of HQLA specified.,EXPLANATORY
SEBI guidelines on investor complaints and SCORES platform usage. Online portal for filing complaints against market entities. Timeline for response and resolution monitored.,EXPLANATORY
How the Samagra Shiksha scheme supports school education. Integrated scheme covering pre-school to higher secondary. Teacher training and infrastructure development funded.,EXPLANATORY
Understanding the Companies Act provisions for CSR expenditure. Qualifying companies must spend 2 percent of profits on CSR. Eligible activities and reporting requirements specified.,EXPLANATORY
RBI regulations on cheque truncation system and settlement. Physical movement of cheques replaced by electronic images. Faster clearing and reduced operational risk achieved.,EXPLANATORY
SEBI framework for prohibition of insider trading enforcement. Insiders must not trade on unpublished price sensitive info. Trading window closures and disclosure requirements.,EXPLANATORY
How the National Monetization Pipeline generates upfront revenues. Operational infrastructure assets leased to private operators. Brownfield monetization funds new greenfield investments.,EXPLANATORY
Understanding the PFRDA regulations on NPS tier structure. Tier 1 for retirement with restrictions on withdrawal. Tier 2 as voluntary savings with liquidity.,EXPLANATORY
RBI guidelines on recovery of retail loans and fair practices. Lenders must follow fair debt collection practices. Customer protection from harassment during recovery.,EXPLANATORY
SEBI regulations on market making in SME IPOs. Designated market makers provide liquidity for SME stocks. Obligations and incentives for market making specified.,EXPLANATORY
How the PM SVANIDHI scheme provides credit to street vendors. Vendors can borrow up to 50000 without collateral. Interest subsidy on timely repayment provided.,EXPLANATORY
Understanding the customs single window for trade facilitation. Integrated platform for all trade-related clearances. Reduced documentation and faster cargo release.,EXPLANATORY
RBI framework for fit and proper criteria for bank directors. Directors must meet qualification and integrity standards. Periodic assessment for continued fitness.,EXPLANATORY
SEBI guidelines on block deal and bulk deal disclosures. Large trades reported to exchanges for transparency. Price and quantity information publicly available.,EXPLANATORY
How the Jal Jeevan Mission provides piped water to rural areas. Functional household tap connections under national scheme. Water quality testing and sustainability ensured.,EXPLANATORY
Understanding the IRDAI regulations on insurance policy portability. Policyholders can transfer between insurers without waiting loss. Accumulated benefits preserved during transfer.,EXPLANATORY
RBI regulations on cross-border payment systems and interoperability. International payment systems must meet local requirements. Interoperability with domestic systems mandated.,EXPLANATORY
Prabhudas Lilladher analysts bullish on renewable energy stocks. Capacity additions and policy support driving growth. NTPC Green and Adani Green among picks.,MARKET_OPINION
ICICI Direct strategists see rupee strengthening on fundamentals. Current account improvement and FDI flows supportive. INR may appreciate to 82 levels.,MARKET_OPINION
Sundaram AMC managers positive on NBFC sector growth outlook. Credit demand and asset quality supporting earnings. Bajaj Finance and Chola among holdings.,MARKET_OPINION
Motilal Oswal analysts expect IT sector recovery in H2 FY25. Deal conversions and client spending improving. TCS and HCL Tech among preferred picks.,MARKET_OPINION
HDFC AMC fund managers cautious on mid cap valuations. Premium to large caps elevated versus history. Quality at reasonable price focus essential.,MARKET_OPINION
Kotak Securities analysts bullish on home building materials theme. Real estate revival benefiting allied sectors. Kajaria and Astral among preferred plays.,MARKET_OPINION
Axis AMC managers see insurance sector as long-term opportunity. Protection gap and penetration upside significant. HDFC Life and Max among holdings.,MARKET_OPINION
Credit Suisse analysts recommend overweight India in Asia allocation. Strong growth and reform differentiating India. Financials and IT preferred sectors.,MARKET_OPINION
Franklin Templeton sees short duration funds as attractive now. Rate uncertainty favoring shorter maturities. Money market and ultra-short funds preferred.,MARKET_OPINION
Nippon AMC managers bullish on EMS manufacturing theme. PLI benefits and customer additions driving growth. Dixon and Amber among preferred picks.,MARKET_OPINION
Morgan Stanley analysts positive on retail banking growth. Consumer credit and deposits expanding rapidly. HDFC Bank and ICICI among picks.,MARKET_OPINION
ICICI Pru AMC cautious on commodity prices near term. Demand concerns offsetting supply tightness. Neutral on metals and oil stocks.,MARKET_OPINION
Bernstein analysts see logistics sector benefiting from GST. Organized players gaining from tax reform. TCI and Allcargo among preferred picks.,MARKET_OPINION
DSP AMC managers positive on highway toll collection theme. Traffic growth and monetization driving returns. IRB and NHAI InvIT among exposures.,MARKET_OPINION
Edelweiss Securities analysts bullish on telecom tower stocks. 5G rollout and tenancy driving growth. Indus Towers preferred for exposure.,MARKET_OPINION
SBI MF managers see quality at reasonable valuations available. Large cap quality stocks offering value. Selective approach in stock picking.,MARKET_OPINION
Nomura strategists expect bond rally on rate cut expectations. Duration extension recommended for portfolios. Long-dated government bonds preferred.,MARKET_OPINION
HDFC Securities analysts positive on water infrastructure theme. Jal Jeevan Mission driving investment cycle. VA Tech and Ion Exchange picks.,MARKET_OPINION
Quantum AMC maintains cautious stance with high cash levels. Valuations not offering safety margin currently. Patience for better opportunities.,MARKET_OPINION
Kotak AMC sees consumer durables as benefiting from rate cuts. Lower EMIs supporting demand for appliances. Voltas and Havells among picks.,MARKET_OPINION
Goldman analysts expect Brent crude at 80-85 range in H2. OPEC discipline and demand supporting prices. OMC margins to stay healthy.,MARKET_OPINION
UTI AMC managers positive on cement demand growth ahead. Infrastructure and housing driving volumes. UltraTech and ACC among holdings.,MARKET_OPINION
Macquarie strategists see India as core EM allocation. Reform momentum and growth differentiating country. Overweight maintained in portfolios.,MARKET_OPINION
Canara Robeco analysts bullish on fertilizer sector outlook. Subsidy and demand supporting profitability. Coromandel and Chambal among picks.,MARKET_OPINION
Motilal AMC sees defense exports as long-term opportunity. Indigenization enabling global competitiveness. HAL and BEL among preferred plays.,MARKET_OPINION
JP Morgan analysts expect auto sector to benefit from festive. Two-wheeler and PV demand set to accelerate. Maruti and M&M among picks.,MARKET_OPINION
Aditya Birla AMC managers cautious on steel sector outlook. China exports pressuring global prices. Neutral stance on metal stocks.,MARKET_OPINION
BNP Paribas strategists see oil marketing as value play. Marketing margins and cracks improving. BPCL and HPCL among picks.,MARKET_OPINION
IIFL Securities analysts bullish on healthcare infrastructure. Hospital and diagnostic expansion driving growth. Apollo and Max among holdings.,MARKET_OPINION
Mirae AMC sees gold loan NBFCs as attractive segment. Asset quality and growth trajectory strong. Muthoot and Manappuram picks.,MARKET_OPINION
Majesco crashes 52 percent after major software platform breach exposing client data. Insurance technology company faces severe business risk from incident. Cybersecurity concerns prompting client review of vendor relationships.,BREAKING_NEWS
IRCTC shares crash 18 percent as government announces stake sale plan. PSU stock faces pressure from potential large supply overhang. Retail investors concerned about promoter dilution impact.,BREAKING_NEWS
Thyrocare shares crash 25 percent after founder sells majority stake unexpectedly. Diagnostic company faces uncertainty over strategic direction ahead. Management transition concerns weighing on investor sentiment.,BREAKING_NEWS
Route Mobile crashes 30 percent after major enterprise client terminates contract. CPaaS company loses significant revenue contribution from churned account. Competitive pressure in messaging space intensifying.,BREAKING_NEWS
Brightcom Group crashes 45 percent as auditors raise going concern questions. Digital marketing company faces regulatory investigation into accounts. Stock frozen at lower circuit on governance concerns.,BREAKING_NEWS
Poonawalla Fincorp crashes 22 percent on concerns over asset quality trends. NBFC faces delinquency increase in consumer lending portfolio. Management announces enhanced collection focus on stressed accounts.,BREAKING_NEWS
Tanla Platforms crashes 35 percent after major operator changes DLT policy. CPaaS company loses preferential status impacting business volumes. SMS aggregation sector facing structural challenges.,BREAKING_NEWS
Easy Trip Planners crashes 28 percent as OTA faces competitive intensity concerns. Online travel company losing market share to larger players. Pricing pressure and customer acquisition costs rising.,BREAKING_NEWS
Quess Corp crashes 24 percent after major staffing client cancels contract. HR services company faces revenue hole from significant account loss. Employment market softness impacting business outlook.,BREAKING_NEWS
Affle India crashes 32 percent on concerns over user acquisition fraud allegations. Adtech company faces scrutiny over traffic quality and advertiser claims. Management denies allegations while initiating internal review.,BREAKING_NEWS
Campus Activewear crashes 26 percent after founder stake sale announcement. Footwear company faces pressure from PE investor exit through block. Brand momentum slowing in competitive market.,BREAKING_NEWS
Nazara Technologies crashes 30 percent as gaming subsidiary faces losses. Mobile gaming company burning cash in user acquisition efforts. Profitability timeline extending on investments in content.,BREAKING_NEWS
Laurus Labs crashes 22 percent on concerns over API pricing pressure. Pharma company facing margin headwinds in commodity chemicals. Generic drug pricing environment remains challenging globally.,BREAKING_NEWS
Syngene crashes 25 percent after major pharma client delays project. CRO company faces revenue gap from postponed contract research. Management guides lower on near-term earnings expectations.,BREAKING_NEWS
Happiest Minds crashes 28 percent as attrition concerns emerge in IT. Midcap IT company facing employee retention challenges. Wage inflation impacting margins despite revenue growth.,BREAKING_NEWS
Tracxn crashes 40 percent after major investor exits through secondary sale. Startup data company faces confidence crisis from stake offloading. Business model sustainability questioned by analysts.,BREAKING_NEWS
MapmyIndia crashes 35 percent on concerns over autonomous vehicle delays. Mapping company's growth thesis dependent on ADAS adoption. Competition from global giants intensifying in navigation.,BREAKING_NEWS
Vaibhav Global crashes 26 percent after European operations face headwinds. Jewelry retailer sees demand weakness in key international markets. Currency volatility adding to business challenges.,BREAKING_NEWS
India Mart crashes 30 percent on B2B marketplace slowing subscriber growth. Online platform facing customer acquisition challenges in SME segment. Competition and macro headwinds impacting business.,BREAKING_NEWS
CarTrade Tech crashes 32 percent as used car market faces slowdown. Auto classifieds platform sees reduced dealer and consumer activity. Vehicle financing availability impacting transaction volumes.,BREAKING_NEWS
India July manufacturing PMI at 58.1 versus 58.3 in June still strong. Output and new orders growth remains robust on domestic demand. Employment rising as factories expand capacity utilization.,DATA_RELEASE
US July payrolls at 114000 versus 175000 expected much weaker than forecast. Unemployment rate rises to 4.3 percent triggering recession concerns. Wage growth moderates to 3.6 percent lowest since 2021.,DATA_RELEASE
India July CPI inflation at 3.54 percent versus 5.08 percent in June falling sharply. Food inflation moderates to 5.4 percent on vegetable correction. Core inflation at 2.9 percent below RBI target.,DATA_RELEASE
China July PMI manufacturing at 49.1 versus 49.4 in June contracting further. Factory activity weakening despite stimulus measures announced. Services PMI steady at 50.2 showing modest expansion.,DATA_RELEASE
US July retail sales at 1 percent versus 0.3 percent expected much stronger. Consumer spending resilient despite recession fears growing. Auto sales surge driving headline beat.,DATA_RELEASE
India July trade deficit at 23.5 billion versus 20.9 billion in June widening. Oil imports surge on higher crude prices and demand. Gold imports also elevated ahead of festival season.,DATA_RELEASE
Euro zone July inflation at 2.6 percent versus 2.5 percent in June rising. Core inflation at 2.9 percent sticky on services strength. ECB September cut expectations moderating on data.,DATA_RELEASE
India July GST collection at 1.82 lakh crore up 10.3 percent year on year. Economic activity and compliance supporting revenue growth. Q2 FY25 starting with strong momentum.,DATA_RELEASE
US July CPI at 2.9 percent versus 3 percent in June easing further. Core CPI at 3.2 percent below expectations supporting markets. Fed rate cut in September fully priced.,DATA_RELEASE
India July forex reserves at 675 billion up 18 billion from June. Record high reserves on FPI inflows and RBI intervention. Import cover at 13.5 months highest level.,DATA_RELEASE
UK July CPI at 2.2 percent above Bank of England target. Services inflation at 5.2 percent still elevated. BoE likely to pause in August meeting.,DATA_RELEASE
India July core sector output at 4.3 percent versus 6.3 percent in June moderating. Coal and cement growth slowing on monsoon impact. Steel production remains steady.,DATA_RELEASE
US July housing starts at 1.24 million versus 1.34 million expected weak. Construction activity declining on elevated mortgage rates. Multi-family starts collapsing on supply glut.,DATA_RELEASE
India July auto sales at 3.48 lakh units up 4 percent year on year. Two-wheelers up 12 percent on rural demand recovery. PVs flat as urban markets saturated.,DATA_RELEASE
China July CPI at 0.5 percent versus 0.2 percent in June rising. Consumer prices recovering on food and energy gains. PPI at minus 0.8 percent still deflationary.,DATA_RELEASE
India July IIP growth at 4.2 percent versus 5.9 percent in June moderating. Manufacturing output at 3.8 percent on seasonal factors. Consumer goods production declining.,DATA_RELEASE
US July ISM manufacturing at 46.8 versus 48.8 expected contracting sharply. New orders collapsing while production declines. Employment shedding accelerating on weakness.,DATA_RELEASE
India July WPI inflation at 2.04 percent versus 3.4 percent in June falling. Food articles at 6.1 percent moderating on vegetables. Fuel deflation widening on base effects.,DATA_RELEASE
Euro zone Q2 GDP at 0.3 percent matching flash estimate. Germany stagnating while France shows resilience. Investment recovering as rate effects fade.,DATA_RELEASE
India July services PMI at 60.3 versus 60.5 in June still expanding strongly. New business growth robust from domestic and exports. Employment rising for twenty-third month.,DATA_RELEASE
Morgan Stanley strategists recommend overweight position in Indian IT services as deal pipeline strengthens. TCS and Infosys expected to benefit from enterprise digital transformation spending recovery in coming quarters. Valuation discount to US peers makes sector attractive.,MARKET_OPINION
CLSA analysts see Indian real estate sector entering multi-year upcycle driven by urbanization and nuclear family formation. Residential demand in top cities remains robust despite rate hikes. DLF and Godrej Properties among preferred picks.,MARKET_OPINION
Nomura strategists cautious on Indian banks citing margin pressure from deposit competition intensifying. Net interest margin compression likely to continue through fiscal year. Selective exposure to quality names recommended.,MARKET_OPINION
Goldman Sachs commodity team bullish on copper prices as energy transition drives demand growth exceeding mine supply additions. Global inventory levels at decade lows supporting price outlook strongly.,MARKET_OPINION
JPMorgan analysts upgrade Indian auto sector to overweight citing rural recovery and festive demand outlook. Two-wheeler volumes showing signs of bottoming out after prolonged weakness. Bajaj Auto and Hero among top picks.,MARKET_OPINION
Barclays wealth management team recommends increasing gold allocation in portfolios amid geopolitical uncertainty. Central bank buying providing structural support to prices. Target of 2800 dollars maintained.,MARKET_OPINION
Credit Suisse strategists see emerging market equities outperforming developed markets in current environment. India and Indonesia among preferred destinations for fresh allocation.,MARKET_OPINION
Kotak Securities analysts bullish on chemical sector as China plus one theme accelerates. Indian specialty chemical makers gaining market share in global supply chains. SRF and Navin Fluorine recommended.,MARKET_OPINION
HSBC strategists maintain overweight stance on Indian equities citing structural growth story. Domestic consumption and manufacturing investment supporting earnings outlook positively.,MARKET_OPINION
Deutsche Bank analysts cautious on Indian FMCG valuations relative to volume growth trajectory. Sector trading at premium despite moderate growth outlook. HUL and ITC likely to underperform.,MARKET_OPINION
BofA Securities sees Indian pharma sector offering selective opportunities despite US pricing headwinds. Domestic formulations and specialty molecules providing growth visibility. Sun Pharma preferred.,MARKET_OPINION
Jefferies analysts recommend accumulating Indian cement stocks on capacity expansion plans. Industry consolidation and pricing discipline supporting margin outlook. UltraTech remains top pick.,MARKET_OPINION
Macquarie strategists bullish on Indian power sector transformation story as renewable capacity additions accelerate. NTPC Green and Adani Green among preferred clean energy plays.,MARKET_OPINION
UBS analysts see Indian hotels entering golden period as business travel and tourism recover strongly. RevPAR improvements supporting earnings growth momentum for listed players.,MARKET_OPINION
Citi strategists recommend overweight stance on Indian private banks as credit growth remains robust. Asset quality concerns overdone in quality franchises with strong management.,MARKET_OPINION
Fidelity fund managers increasing allocation to Indian mid-caps citing superior earnings growth potential. Quality names trading at reasonable valuations compared to large caps.,MARKET_OPINION
Bernstein analysts cautious on quick commerce valuations despite rapid growth trajectory. Path to profitability unclear amid intense competition. Blinkit and Zepto burning cash.,MARKET_OPINION
Edelweiss strategists see Indian insurance sector offering compounding opportunity over decade. Protection gap and underpenetration providing long runway for growth.,MARKET_OPINION
Societe Generale commodity team sees crude oil prices stabilizing around 80 dollars absent geopolitical escalation. OPEC supply management providing floor to prices.,MARKET_OPINION
ICICI Securities analysts bullish on Indian defence sector as indigenization push accelerates. Order book visibility for HAL and BEL supporting multi-year growth trajectory.,MARKET_OPINION
Flash crash hits European equity markets as algorithmic trading triggers cascade of sell orders. DAX plunges 4 percent in 15 minutes before partial recovery. Regulators investigating cause.,BREAKING_NEWS
Trading suspended on BSE after systems detect unusual order patterns suggesting potential cyber intrusion. Exchange working with CERT-In to investigate and restore normal operations.,BREAKING_NEWS
Bitcoin plummets 12 percent in two hours as major exchange halts withdrawals citing liquidity concerns. Panic selling spreads across cryptocurrency markets. Ethereum down 15 percent.,BREAKING_NEWS
RBI announces emergency liquidity measures as money market rates spike above corridor ceiling. Special repo window opened for stressed NBFCs facing redemption pressures.,BREAKING_NEWS
Crude oil surges 8 percent in Asian trading after drone strikes hit major Saudi processing facility. Brent crude briefly touches 95 dollars before retreating. Energy stocks rally.,BREAKING_NEWS
Nifty circuit breaker triggered as index falls 10 percent intraday on massive FII selling. Trading halted for 45 minutes as per exchange rules. Panic grips Dalal Street.,BREAKING_NEWS
US Treasury yields spike 25 basis points in minutes after surprise hot inflation reading. Bond market selloff triggers equity market weakness globally.,BREAKING_NEWS
Major Indian private bank shares tank 20 percent as RBI imposes business restrictions citing governance concerns. Depositors assured funds safe under insurance coverage.,BREAKING_NEWS
Gold prices surge 5 percent overnight as geopolitical tensions escalate dramatically. Safe haven demand pushes bullion to new all-time highs above 2600 dollars.,BREAKING_NEWS
Rupee crashes through 85 against dollar as emerging market contagion spreads from China. RBI intervention fails to stem selling pressure. Importers scramble for cover.,BREAKING_NEWS
Cryptocurrency exchange files for bankruptcy protection after revealing 3 billion dollar shortfall in customer funds. Contagion fears grip digital asset markets.,BREAKING_NEWS
NSE trading halted for second time in week as technical glitch affects order matching system. Market participants frustrated by repeated disruptions during volatile session.,BREAKING_NEWS
Adani Group stocks plunge circuit limit down as fresh allegations emerge from overseas research firm. Combined market cap erosion exceeds 50 billion dollars.,BREAKING_NEWS
Flash rally in Nifty futures triggers short squeeze as index surges 800 points in final hour. Bears scramble to cover positions before expiry settlement.,BREAKING_NEWS
US Fed announces emergency rate cut of 50 basis points citing financial stability concerns. Markets initially rally before giving up gains on recession fears.,BREAKING_NEWS
Indian IT major shares crash 15 percent after company announces major client loss and guidance cut. Sector peers dragged down on contagion fears.,BREAKING_NEWS
Shanghai Composite crashes 7 percent triggering automatic circuit breakers. Chinese authorities announce market stabilization measures including short selling restrictions.,BREAKING_NEWS
European Central Bank calls emergency meeting as sovereign spreads blow out dramatically. Italian bond yields spike 100 basis points in single session.,BREAKING_NEWS
Major cryptocurrency stablecoin loses dollar peg dropping to 85 cents amid reserve concerns. Contagion fears spread to broader digital asset ecosystem.,BREAKING_NEWS
Sensex witnesses largest single day point drop in history as global risk-off intensifies. All sectoral indices close deep in red with banking leading losses.,BREAKING_NEWS
India wholesale price index rises 6.1 percent year on year in December driven by food and fuel prices. Manufacturing inflation moderates to 3.2 percent from previous month reading of 3.8 percent.,DATA_RELEASE
US personal consumption expenditure price index comes in at 2.6 percent versus 2.8 percent expected. Core PCE at 2.8 percent shows continued progress toward Fed target.,DATA_RELEASE
Germany industrial production falls 1.5 percent month on month missing expectations of 0.5 percent decline. Manufacturing sector remains in contraction territory for eighth consecutive month.,DATA_RELEASE
India foreign exchange reserves decline by 5.2 billion dollars to 612 billion in latest week. RBI intervention to support rupee draws down reserve buffer.,DATA_RELEASE
UK retail sales rise 0.3 percent in December below consensus of 0.5 percent growth. Annual growth at 2.1 percent signals cautious consumer sentiment.,DATA_RELEASE
Japan machinery orders surge 5.3 percent beating estimates of 1.2 percent rise. Capital expenditure outlook improves as corporate confidence strengthens.,DATA_RELEASE
India services PMI rises to 59.3 in January from 56.9 indicating accelerating expansion. New business growth at 14-month high supporting employment gains.,DATA_RELEASE
US housing starts fall 4.3 percent in December to 1.46 million annualized rate. Elevated mortgage rates continue weighing on new construction activity.,DATA_RELEASE
China fixed asset investment grows 3.0 percent year to date missing 3.3 percent forecast. Infrastructure spending fails to offset property sector weakness.,DATA_RELEASE
India merchandise exports rise 8.7 percent year on year to 38.4 billion dollars in December. Trade deficit narrows to 19.2 billion from 20.4 billion previous month.,DATA_RELEASE
Eurozone consumer confidence improves to minus 14.2 from minus 15.1 in prior reading. Sentiment recovery supported by declining inflation expectations.,DATA_RELEASE
Australia employment rises by 35000 jobs in December crushing expectations of 15000 gain. Unemployment rate holds steady at 3.9 percent despite strong hiring.,DATA_RELEASE
India industrial production grows 5.2 percent year on year in November beating consensus of 4.1 percent. Manufacturing sector output rises 4.8 percent.,DATA_RELEASE
US existing home sales fall to 3.78 million annualized pace in December lowest since 2010. Affordability constraints limiting buyer activity despite moderating prices.,DATA_RELEASE
Brazil inflation accelerates to 4.56 percent in January above central bank target ceiling. Food prices surge 8.2 percent driving cost of living higher.,DATA_RELEASE
India bank credit growth remains robust at 16.4 percent year on year in latest fortnight. Retail and services sectors driving loan demand expansion.,DATA_RELEASE
SEBI introduces new framework for index derivatives trading requiring higher margins for retail participants. Lot sizes increased and calendar spreads face stricter position limits. Changes effective from next month aim to protect small investors from excessive speculation.,EXPLANATORY
RBI circular mandates banks to implement expected credit loss provisioning model from April next year. New accounting standards align Indian banks with global practices. Transition expected to increase provision coverage ratios significantly.,EXPLANATORY
Understanding the new labor code provisions for gig workers and platform economy participants. Social security benefits extended to delivery partners and drivers. Companies must contribute to worker welfare fund based on turnover percentage.,EXPLANATORY
How the new GST e-invoicing threshold reduction affects small businesses in India. Mandatory electronic invoicing now applies to businesses with turnover above 5 crores. Compliance requirements include real-time upload to invoice registration portal.,EXPLANATORY
SEBI guidelines on ESG rating providers establish registration and disclosure requirements. Rating agencies must follow standardized methodology and disclose conflicts of interest. Framework aims to bring consistency to sustainable investment ecosystem.,EXPLANATORY
RBI framework for digital lending apps specifies disclosure requirements and fair practice code. Direct collection by digital lenders prohibited in favor of bank escrow accounts. Borrowers must receive key fact statement before loan disbursement.,EXPLANATORY
Understanding the Companies Act provisions for beneficial ownership disclosure by unlisted companies. Significant beneficial owners with more than 10 percent stake must be identified. Non-compliance attracts penalties and restrictions on share transfers.,EXPLANATORY
How the Production Linked Incentive scheme works for electronics manufacturing sector explained. Companies investing in designated manufacturing capacities receive cash incentives based on incremental sales. Scheme duration of five years with clear milestones.,EXPLANATORY
IRDAI guidelines on standardized health insurance products mandate minimum coverage parameters. Insurers must offer basic product with specified coverage at regulated premium. Portability rules simplified to help policyholders switch seamlessly.,EXPLANATORY
Understanding the new faceless assessment scheme under Income Tax Act and appeal procedures. Assessments conducted electronically without physical interface between officer and taxpayer. Video conferencing provisions available for specific circumstances.,EXPLANATORY
RBI norms on large exposures cap bank lending to single borrower groups at specified percentages. Framework prevents concentration risk and ensures diversified credit portfolios. Additional disclosures required for exposures above threshold.,EXPLANATORY
How the insolvency pre-pack resolution framework provides faster restructuring for MSMEs. Debtor retains control during process unlike full insolvency proceedings. Creditor approval thresholds lower enabling quicker consensus building.,EXPLANATORY
SEBI regulations on fractional ownership of real estate through SM REITs explained clearly. Minimum investment lowered to 10 lakh rupees enabling retail participation. Disclosure and valuation requirements ensure investor protection.,EXPLANATORY
Understanding the anti-money laundering compliance requirements for cryptocurrency exchanges in India. KYC norms aligned with banking standards including video verification. Transaction monitoring and suspicious activity reporting mandatory.,EXPLANATORY
How the new arbitration amendment streamlines commercial dispute resolution in India explained. Emergency arbitrator provisions and expedited procedures for small claims introduced. Institutional arbitration encouraged over ad-hoc proceedings.,EXPLANATORY
PFRDA guidelines on systematic lump sum withdrawal from NPS at retirement clarified. Subscribers can withdraw up to 60 percent corpus in phased manner. Annuity purchase mandatory for remaining 40 percent to ensure pension.,EXPLANATORY
Indian equity markets close marginally higher as banking and IT stocks provide support. Sensex gains 127 points to close at 72456 while Nifty ends at 21893. Midcap and smallcap indices underperform benchmark.,DESCRIPTIVE
Gold prices in India rise for third consecutive session tracking firm global cues. Yellow metal closes at 62340 rupees per 10 grams in Delhi spot market. Silver gains 1.2 percent to 74500 rupees per kilogram.,DESCRIPTIVE
Rupee ends flat against US dollar at 83.12 in thin trading ahead of Federal Reserve policy decision. Forex traders await cues from US central bank commentary on rate trajectory.,DESCRIPTIVE
FII outflows from Indian equities continue for eighth consecutive session totaling 4500 crores in January. Domestic institutional investors provide partial offset with net purchases of 3200 crores.,DESCRIPTIVE
Crude oil prices settle lower as demand concerns outweigh supply disruption worries. Brent crude ends at 82.40 dollars per barrel down 0.8 percent. WTI crude closes at 77.60 dollars.,DESCRIPTIVE
Indian bond yields edge higher ahead of weekly government securities auction. 10-year benchmark yield rises 3 basis points to 7.18 percent. RBI to sell bonds worth 28000 crores.,DESCRIPTIVE
Auto stocks lead gains on Dalal Street after companies report strong monthly sales numbers. Maruti Suzuki rises 2.3 percent while Tata Motors gains 1.8 percent. Sector index outperforms broader market.,DESCRIPTIVE
Cryptocurrency markets trade mixed as Bitcoin holds above 43000 dollars while altcoins see profit booking. Ethereum flat at 2280 dollars. Total market cap steady at 1.65 trillion.,DESCRIPTIVE
Power sector stocks in focus as government announces capacity addition targets for renewable energy. NTPC and Power Grid among gainers while Adani Power trades flat.,DESCRIPTIVE
Pharmaceutical index underperforms as US FDA inspection concerns weigh on select counters. Sun Pharma and Lupin among losers while domestic focused players hold steady.,DESCRIPTIVE
Real estate stocks rally after housing sales data shows continued momentum in top cities. DLF gains 3 percent while Godrej Properties rises 2.5 percent on volume surge.,DESCRIPTIVE
Metal stocks trade mixed tracking global commodity price movements. Tata Steel rises 1 percent while Hindalco falls 0.5 percent. Nifty Metal index ends flat.,DESCRIPTIVE
PSU bank stocks witness profit booking after recent sharp rally. Bank of Baroda and PNB among top losers in the sector. Private banks relatively resilient.,DESCRIPTIVE
Insurance stocks gain after IRDAI announces relaxation in product approval norms. HDFC Life and SBI Life among gainers. Sector expected to benefit from simplified regulations.,DESCRIPTIVE
Telecom stocks trade higher on reports of potential tariff hike by operators. Bharti Airtel rises 1.5 percent while Vodafone Idea gains 3 percent on heavy volumes.,DESCRIPTIVE
FMCG index ends lower as defensive sectors see rotation to cyclicals. HUL and Nestle among underperformers. Rural demand recovery remains key monitorable.,DESCRIPTIVE
Axis Capital analysts see Indian railway stocks benefiting from capex acceleration in rolling stock and infrastructure modernization. IRCTC and RVNL among preferred plays for long term investors.,MARKET_OPINION
Motilal Oswal strategists bullish on Indian sugar sector as ethanol blending targets create structural demand. Balrampur Chini and Triveni among top picks for sector exposure.,MARKET_OPINION
HDFC Securities analysts recommend accumulating Indian textile exporters as order books improve. Arvind and Vardhman among beneficiaries of China plus one sourcing shifts.,MARKET_OPINION
Prabhudas Lilladher strategists see value emerging in Indian PSU banks after prolonged underperformance. Book value discounts attractive for patient investors with multi-year horizon.,MARKET_OPINION
Anand Rathi analysts bullish on Indian diagnostic chains as preventive healthcare spending rises. Metropolis and Dr Lal Pathlabs among preferred plays for sector exposure.,MARKET_OPINION
Sharekhan strategists recommend Indian fertilizer stocks on improved subsidy disbursement outlook. Coromandel and Chambal Fertilizers trading at attractive valuations.,MARKET_OPINION
Geojit analysts see Indian tire manufacturers benefiting from replacement demand recovery and export growth. Apollo Tyres and MRF among preferred picks for auto ancillary exposure.,MARKET_OPINION
SBICAP Securities bullish on Indian hospital chains as medical tourism and insurance penetration rise. Apollo Hospitals and Max Healthcare among structural growth stories.,MARKET_OPINION
PhillipCapital analysts recommend Indian paper stocks as packaging demand growth supports pricing. JK Paper and West Coast Paper among undervalued opportunities.,MARKET_OPINION
Elara Capital strategists cautious on Indian paints sector valuations amid competitive intensity concerns. Entry of new players likely to pressure margins and market shares.,MARKET_OPINION
Ventura Securities analysts see Indian shipping sector entering upcycle as global freight rates firm. SCI and GE Shipping among beneficiaries of tight vessel supply.,MARKET_OPINION
Choice Broking strategists bullish on Indian agrochemical companies as El Nino concerns drive demand. UPL and PI Industries among preferred picks for monsoon plays.,MARKET_OPINION
SMC Global analysts recommend Indian media stocks as advertising spending recovery gains momentum. Zee and Sun TV among value opportunities in entertainment space.,MARKET_OPINION
Centrum strategists see Indian cable and wire manufacturers benefiting from infrastructure and housing demand. Polycab and KEI Industries among quality compounders.,MARKET_OPINION
LKP Securities analysts bullish on Indian travel and tourism stocks as leisure spending rebounds. IRCTC and Thomas Cook among preferred picks for consumption recovery theme.,MARKET_OPINION
Emkay analysts recommend Indian bearings manufacturers as industrial capex cycle turns favorable. SKF and Timken among quality plays for engineering sector exposure.,MARKET_OPINION
IDBI Capital strategists see Indian food processing companies benefiting from PLI scheme incentives. Nestle and Britannia among structured beneficiaries of policy support.,MARKET_OPINION
Systematix analysts bullish on Indian ceramics sector as housing construction activity accelerates. Kajaria and Somany among preferred plays for building materials theme.,MARKET_OPINION
Angel One strategists recommend Indian specialty gas manufacturers as semiconductor demand grows. Linde India among beneficiaries of electronics manufacturing expansion.,MARKET_OPINION
Dolat Capital analysts see value in Indian footwear companies despite near term demand softness. Bata and Relaxo trading below historical valuation multiples.,MARKET_OPINION
Bitcoin collapses 18 percent in four hours as leveraged long positions get liquidated across exchanges. Over 2 billion dollars in positions wiped out. Altcoins down 25 percent.,BREAKING_NEWS
NSE systems crash during morning session leaving traders unable to execute orders. Exchange switches to disaster recovery site. Market reopens after 90 minute halt.,BREAKING_NEWS
RBI surprises markets with unscheduled 50 basis point rate hike citing inflation concerns. Rupee and bond markets gyrate wildly on unexpected announcement.,BREAKING_NEWS
Major NBFC defaults on commercial paper redemption triggering liquidity concerns in money markets. RBI monitoring situation closely. Short term rates spike sharply.,BREAKING_NEWS
Crude oil surges 12 percent after OPEC announces surprise production cut of 2 million barrels daily. Energy stocks rally globally. Inflation concerns resurface.,BREAKING_NEWS
Nifty Bank index crashes 1500 points in final hour as credit concerns engulf private lender. Other bank stocks dragged down on contagion fears.,BREAKING_NEWS
Ethereum network experiences critical vulnerability forcing major exchanges to halt withdrawals. Smart contract exploit losses estimated at 200 million dollars.,BREAKING_NEWS
Indian rupee breaches all-time low against dollar despite heavy RBI intervention. Currency touches 86 before recovering slightly. Importers panic buying dollars.,BREAKING_NEWS
Global equity markets plunge after major US bank failure raises systemic risk concerns. Flight to safety drives treasury yields to multi-year lows.,BREAKING_NEWS
Chinese yuan devaluation triggers emerging market selloff with Asian currencies falling sharply. RBI steps in to stabilize rupee amid heightened volatility.,BREAKING_NEWS
Trading halted in multiple Adani group stocks after shares hit lower circuit limits. Combined losses exceed 30 billion dollars in single session.,BREAKING_NEWS
US inflation prints at 5.2 percent versus 4.1 percent expected shocking markets. Dow futures plunge 500 points as rate hike expectations surge.,BREAKING_NEWS
Major Indian pharma company shares tank 25 percent after US FDA issues warning letter. Other pharma stocks fall in sympathy on regulatory concerns.,BREAKING_NEWS
Gold prices spike 7 percent overnight after central bank announces emergency currency measures. Safe haven demand pushes bullion to record highs.,BREAKING_NEWS
Flash crash in Nifty futures wipes out 600 points in 10 minutes before recovery. Volatility index spikes to highest level since pandemic.,BREAKING_NEWS
Cryptocurrency market loses 500 billion dollars in 24 hours as major exchange halts operations. Bitcoin below 30000 dollars. Panic selling continues.,BREAKING_NEWS
BSE circuit breaker triggered for first time in three years as Sensex falls 3500 points. FII selling reaches record daily outflow levels.,BREAKING_NEWS
European gas prices surge 40 percent after pipeline disruption threatens winter supply. Energy crisis fears grip continent. Utilities stocks plunge.,BREAKING_NEWS
Silicon Valley bank collapse triggers global banking sector selloff. Indian bank stocks fall sharply despite limited direct exposure. Credit default swaps widen.,BREAKING_NEWS
India current account deficit widens to 2.8 percent of GDP in third quarter from 1.5 percent previous quarter. Merchandise trade deficit at 70 billion dollars drives deterioration. Services surplus provides partial offset.,DATA_RELEASE
US durable goods orders rise 4.7 percent in December beating estimates of 2.3 percent. Core capital goods orders up 0.6 percent signaling business investment recovery.,DATA_RELEASE
China retail sales grow 7.4 percent year on year in December above consensus of 6.8 percent. Consumer spending recovery gains momentum heading into new year.,DATA_RELEASE
India fiscal deficit reaches 67 percent of full year target through November. Tax collections up 15 percent while capital expenditure accelerates in second half.,DATA_RELEASE
UK inflation falls to 4.0 percent in December from 4.6 percent prior reading. Core CPI at 5.1 percent still well above Bank of England target.,DATA_RELEASE
Japan exports rise 9.8 percent year on year in December on auto shipment recovery. Trade deficit narrows to 660 billion yen as imports moderate.,DATA_RELEASE
India GST collections rise to 1.72 lakh crores in January marking second highest monthly collection. Growth of 12 percent year on year reflects economic momentum.,DATA_RELEASE
US initial jobless claims fall to 189000 in latest week below estimates of 212000. Labor market remains tight despite Federal Reserve tightening.,DATA_RELEASE
Eurozone manufacturing PMI rises to 46.6 in January from 44.4 still in contraction. Services PMI improves to 48.4 showing modest recovery signs.,DATA_RELEASE
India automobile production rises 8.4 percent year on year in December to 2.3 million units. Passenger vehicle output up 12 percent while two-wheelers grow 6 percent.,DATA_RELEASE
China GDP grows 5.2 percent year on year in fourth quarter meeting government targets. Full year growth at 5.2 percent recovers from pandemic affected years.,DATA_RELEASE
US consumer confidence index rises to 114.8 in January from 108.0 prior reading. Present situation and expectations components both improve significantly.,DATA_RELEASE
India foreign direct investment inflows rise 18 percent year on year to 48 billion dollars in first nine months. Services and manufacturing sectors attract bulk of flows.,DATA_RELEASE
Germany business confidence improves with IFO index rising to 87.0 from 86.3 previous month. Expectations component shows notable improvement signaling stabilization.,DATA_RELEASE
India passenger vehicle sales rise 14 percent year on year in January to 365000 units. SUV segment continues outperformance with 28 percent growth.,DATA_RELEASE
SEBI regulations on mutual fund expense ratios mandate lower total expense ratios for larger schemes. Funds with AUM above 50000 crores face maximum TER of 1.05 percent. Changes benefit retail investors through reduced costs.,EXPLANATORY
Understanding the new FEMA regulations for overseas investment by Indian residents explained. Liberalized remittance scheme limits and prohibited transactions specified clearly. Investment in foreign securities requires authorized dealer bank route.,EXPLANATORY
RBI guidelines on loan pricing transparency require banks to disclose spread over benchmark rates. Reset frequency and methodology for floating rate loans specified. Borrowers must receive key information before disbursement.,EXPLANATORY
How the new Companies Act provisions for CSR spending work for eligible companies. Companies with specified net worth profit or turnover must spend 2 percent of profits. Unspent amounts to be transferred to designated funds.,EXPLANATORY
SEBI framework for share based employee benefits specifies limits and disclosure requirements. ESOP schemes require shareholder approval and accounting treatment guidelines. Lock-in periods and exercise windows defined clearly.,EXPLANATORY
Understanding the Competition Act provisions for anti-competitive agreements and penalties. Horizontal agreements like cartels face strict liability while vertical restraints assessed case by case. Leniency program encourages self-reporting.,EXPLANATORY
RBI regulations on co-origination of loans between banks and NBFCs explained. Risk sharing arrangements and pricing transparency requirements specified. Framework enables last mile credit delivery efficiently.,EXPLANATORY
How the Insolvency and Bankruptcy Code treats operational creditors differently from financial creditors. Voting rights proportional to admitted claims in committee of creditors. Operational creditors get minimum threshold protection in resolution.,EXPLANATORY
IRDAI guidelines on unit linked insurance plans specify charges and disclosure norms. Fund management charges capped at 1.35 percent annually. Surrender and discontinuance charges regulated for policyholder protection.,EXPLANATORY
Understanding the new drone regulations and certification requirements for commercial operators. DGCA registration mandatory for drones above specified weight. No permission zones and restricted airspace defined clearly.,EXPLANATORY
SEBI regulations on credit rating agencies specify independence and conflict management requirements. Rating committees must follow standardized processes. Default recognition timelines and disclosure obligations defined.,EXPLANATORY
How the new personal data protection framework affects financial services companies. Consent mechanisms and data localization requirements specified. Cross border transfers subject to adequacy assessment conditions.,EXPLANATORY
RBI framework for account aggregator ecosystem enables consent based data sharing. Financial information providers share data with users through licensed aggregators. Framework supports open banking innovation.,EXPLANATORY
Understanding the trademark registration process and protection for brand owners in India. Application examination and opposition procedures explained. Well known trademark status provides enhanced protection.,EXPLANATORY
PFRDA regulations on NPS tier 2 accounts specify withdrawal rules and tax treatment. No lock-in period for tier 2 unlike tier 1 accounts. Investment options similar to tier 1 with active choice facility.,EXPLANATORY
How the new packaging waste management rules affect producers and brand owners. Extended producer responsibility mandates collection and recycling targets. Plastic waste management fees payable to authorized processors.,EXPLANATORY
IT stocks end mixed as global technology selloff weighs on sentiment. TCS rises 0.5 percent while Infosys falls 0.8 percent. Wipro and HCL Tech trade flat on cautious outlook.,DESCRIPTIVE
Cement stocks gain on reports of price hikes across regions. UltraTech rises 2 percent while Shree Cement gains 1.5 percent. Industry discipline on supply supporting realizations.,DESCRIPTIVE
Consumer durables index ends lower on concerns about demand slowdown in discretionary categories. Voltas and Havells among underperformers. Urban consumption showing signs of fatigue.,DESCRIPTIVE
Chemical stocks trade higher tracking firm global commodity prices. SRF rises 2.5 percent while Aarti Industries gains 1.8 percent. Specialty chemical demand remains robust.,DESCRIPTIVE
Defense stocks continue rally on fresh order announcements. HAL rises 3 percent while BEL gains 2.2 percent. Indigenization push supporting sector momentum.,DESCRIPTIVE
Capital goods index outperforms as infrastructure spending accelerates. L&T rises 1.5 percent while Siemens gains 2 percent. Order book visibility remains strong.,DESCRIPTIVE
Oil and gas stocks trade mixed as crude prices stabilize. ONGC rises 0.8 percent while Reliance falls 0.3 percent. Refining margins showing signs of improvement.,DESCRIPTIVE
Sugar stocks rally on ethanol blending policy optimism. Balrampur Chini rises 4 percent while Triveni gains 3.5 percent. Sector rerating underway on structural tailwinds.,DESCRIPTIVE
Textile stocks gain on export order recovery signals. Arvind rises 2.8 percent while KPR Mills gains 2 percent. China plus one benefiting Indian manufacturers.,DESCRIPTIVE
Aviation stocks end higher on strong passenger traffic data. InterGlobe rises 1.5 percent while SpiceJet gains 2 percent. Festive travel demand supporting load factors.,DESCRIPTIVE
Logistics stocks trade firm on e-commerce volume growth. Delhivery rises 2 percent while Blue Dart gains 1.5 percent. Sector consolidation improving unit economics.,DESCRIPTIVE
Hotel stocks extend gains on robust booking trends. Indian Hotels rises 2.5 percent while EIH gains 2 percent. Business and leisure travel recovery supporting RevPAR.,DESCRIPTIVE
Paint stocks fall on competitive concerns after new entrant announces expansion plans. Asian Paints falls 1.5 percent while Berger declines 1.2 percent.,DESCRIPTIVE
Retail stocks trade mixed ahead of quarterly results. Avenue Supermarts rises 1 percent while Trent falls 0.5 percent. Same store sales growth remains key focus.,DESCRIPTIVE
Agrochemical stocks gain on favorable monsoon forecast. UPL rises 2 percent while PI Industries gains 1.5 percent. Kharif season demand outlook improving.,DESCRIPTIVE
Media stocks end flat as advertising spending recovery remains uneven. Zee rises 0.5 percent while Sun TV falls 0.3 percent. Digital transition continues impacting broadcasters.,DESCRIPTIVE
Dolly Khanna portfolio reshuffling shows increased exposure to manufacturing sector stocks. New additions include capital goods and industrial companies. Exits from consumer discretionary on valuation concerns.,MARKET_OPINION
Rakesh Jhunjhunwala portfolio holdings show continued faith in banking and financial services sector. Titan and Star Health remain top holdings by value. Selective additions in new age technology companies.,MARKET_OPINION
Ashish Kacholia adds new positions in specialty chemical and pharmaceutical API manufacturers. Portfolio tilt towards export oriented companies continues. Small cap focus maintained despite market volatility.,MARKET_OPINION
Vijay Kedia portfolio shows increased allocation to infrastructure and capital goods stocks. Long term bets on India growth story maintained. Select profit booking in midcap IT names.,MARKET_OPINION
Porinju Veliyath recommends accumulating quality small caps at current valuations. Structural growth stories in manufacturing and exports preferred. Caution advised on overpriced new age stocks.,MARKET_OPINION
Radhakishan Damani holdings in retail and consumer sector remain steady. Avenue Supermarts continues as core position. Selective additions in value plays across sectors.,MARKET_OPINION
Mukul Agrawal portfolio additions include specialty chemical and pharmaceutical companies. Manufacturing PLI beneficiaries among new positions. Quality bias maintained in stock selection.,MARKET_OPINION
Sunil Singhania of Abakkus recommends overweight allocation to Indian manufacturing sector. Export competitiveness improving for electronics and chemicals. Domestic consumption plays also favored.,MARKET_OPINION
Shankar Sharma warns of overvaluation in Indian small and mid cap segments. Selective approach recommended over broad market exposure. Quality and cash flow focus essential.,MARKET_OPINION
Samir Arora maintains bullish stance on Indian equities despite global headwinds. Structural growth story intact for domestic consumption. Banking and technology sectors preferred.,MARKET_OPINION
Raamdeo Agrawal sees multi-decade opportunity in Indian financial services sector. Insurance and asset management offering secular growth. Quality franchises trading at reasonable valuations.,MARKET_OPINION
Nilesh Shah of Kotak AMC recommends systematic investment in equity through volatility. Long term return potential intact despite near term concerns. Diversified approach across market caps.,MARKET_OPINION
Prashant Jain maintains conviction in value investing approach for Indian markets. PSU and cyclical sectors offering opportunities. Growth at reasonable price philosophy preferred.,MARKET_OPINION
Neelkanth Mishra of Credit Suisse sees India benefiting from global supply chain diversification. Manufacturing capex cycle turning favorable for investment. Infrastructure spending supporting growth.,MARKET_OPINION
Saurabh Mukherjea recommends focus on consistent compounders with clean governance. Coffee can portfolio approach for long term wealth creation. Quality over momentum in stock selection.,MARKET_OPINION
Basant Maheshwari bullish on Indian consumption story despite near term challenges. Premium brands and aspirational spending driving growth. E-commerce and digital native brands gaining share.,MARKET_OPINION
Madhusudan Kela sees value emerging in Indian IT services after recent correction. Deal momentum improving as discretionary spending resumes. Tier 2 companies offering better growth visibility.,MARKET_OPINION
Ramesh Damani recommends patience for long term investors in current market environment. Quality businesses compounding earnings steadily. Volatility creates opportunities for disciplined buyers.,MARKET_OPINION
Kenneth Andrade focuses on recovery plays in cyclical and industrial sectors. Capacity utilization improving across manufacturing. Capital goods benefiting from order book buildup.,MARKET_OPINION
Aashish Somaiyaa sees fixed income offering attractive risk adjusted returns currently. Corporate bond spreads compensating for credit risk. Duration extension warranted as rate cycle peaks.,MARKET_OPINION
Ethereum plunges 20 percent in Asian trading as major DeFi protocol suffers exploit. Over 500 million dollars drained from smart contracts. Network congestion spikes as users rush to exit.,BREAKING_NEWS
NSE derivative segment halted after margin collection system malfunction affects clearing. Exchange working on emergency fix. Traders unable to square off positions before expiry.,BREAKING_NEWS
Major Indian airline suspends all flights after DGCA grounds fleet for safety inspection. Passengers stranded across airports. Other carriers scramble to add capacity.,BREAKING_NEWS
Chinese property developer default triggers contagion fears across Asian credit markets. High yield bond spreads blow out dramatically. Regional bank stocks fall sharply.,BREAKING_NEWS
RBI imposes moratorium on troubled cooperative bank restricting withdrawals to 25000 rupees. Depositors queue outside branches. Government assures deposit insurance coverage.,BREAKING_NEWS
US jobs data shows economy added 500000 positions versus 180000 expected shocking markets. Treasury yields surge as rate cut expectations evaporate. Dollar strengthens sharply.,BREAKING_NEWS
Sensex falls 1200 points in opening trade as global risk sentiment deteriorates overnight. Circuit breaker fears emerge. FII selling reaches record levels.,BREAKING_NEWS
Major cryptocurrency custody provider files for bankruptcy affecting millions of retail investors. Assets frozen pending restructuring proceedings. Industry faces credibility crisis.,BREAKING_NEWS
European banks plunge as Credit Suisse concerns resurface on capital adequacy questions. Contagion fears spread to regional lenders. ECB monitoring situation closely.,BREAKING_NEWS
Gold surges to record high above 2700 dollars as safe haven demand spikes. Central bank buying accelerates amid uncertainty. Silver follows with 8 percent gain.,BREAKING_NEWS
Indian IT bellwether shares tank 12 percent after reporting sharp revenue decline. Multiple analyst downgrades follow. Sector peers dragged lower on growth concerns.,BREAKING_NEWS
Nifty futures hit lower circuit in SGX trading after weekend geopolitical escalation. Domestic markets expected to gap down significantly. Volatility index spikes.,BREAKING_NEWS
Major Indian conglomerate announces sudden deleveraging plan after rating agency warning. Asset sales and equity raise planned. Stock falls 15 percent on dilution concerns.,BREAKING_NEWS
Cryptocurrency exchange CEO arrested on fraud charges sending Bitcoin tumbling 10 percent. Platform assets frozen by authorities. User funds status unclear.,BREAKING_NEWS
RBI announces emergency dollar swap line activation to stabilize currency markets. Rupee had fallen 3 percent in two sessions. Intervention scale largest since crisis.,BREAKING_NEWS
Trading suspended in Adani group stocks after auditor resignation raises governance questions. Combined market cap loss exceeds 80 billion dollars. Credit rating reviews initiated.,BREAKING_NEWS
US CPI print shocks markets with 4.5 percent reading versus 3.8 percent expected. Bond market sells off violently. Equity futures plunge on rate hike fears.,BREAKING_NEWS
Major Indian bank discloses 5000 crore NPA from single corporate account exposure. Stock falls 8 percent. Other lenders with exposure also decline sharply.,BREAKING_NEWS
Chinese yuan breaks key support level triggering algorithmic selling across EM currencies. Asian FX markets in turmoil. Intervention efforts across region intensify.,BREAKING_NEWS
BSE Sensex closes with largest intraday reversal in history recovering 1500 points from lows. Short covering drives final hour rally. Traders caught offside.,BREAKING_NEWS
India core sector output grows 7.8 percent year on year in December driven by cement and steel production. Electricity generation up 5.2 percent. Coal output rises 11 percent.,DATA_RELEASE
US new home sales rise 8.0 percent to 664000 annualized rate in December beating estimates. Median price declines 14 percent as builders offer incentives.,DATA_RELEASE
China industrial profits fall 2.3 percent year on year in 2023 amid property sector weakness. State owned enterprises outperform private sector significantly.,DATA_RELEASE
India steel production rises 12.4 percent year on year in December to 12.8 million tonnes. Capacity utilization improves to 82 percent as demand recovers.,DATA_RELEASE
Eurozone unemployment holds steady at 6.4 percent in December matching expectations. Youth unemployment remains elevated at 14.2 percent across region.,DATA_RELEASE
Japan household spending falls 2.5 percent year on year in December below expectations. Inflation eroding purchasing power despite wage growth acceleration.,DATA_RELEASE
India forex reserves rise 3.8 billion dollars to 619 billion in latest week. Valuation gains from dollar weakness contribute to increase.,DATA_RELEASE
US PCE prices rise 0.2 percent month on month in December in line with forecasts. Annual rate at 2.6 percent down from 2.8 percent prior month.,DATA_RELEASE
China PMI manufacturing rises to 49.2 in January from 49.0 still in contraction. New orders component shows marginal improvement signaling stabilization.,DATA_RELEASE
India cement production rises 9.3 percent year on year in December to 38 million tonnes. Infrastructure projects driving demand growth across regions.,DATA_RELEASE
UK GDP grows 0.3 percent quarter on quarter in Q4 beating recession expectations. Services sector drives expansion while manufacturing contracts.,DATA_RELEASE
India electricity consumption rises 6.4 percent year on year in January reflecting economic activity. Industrial demand up 8 percent while residential flat.,DATA_RELEASE
Australia inflation falls to 4.1 percent in Q4 from 5.4 percent accelerating disinflation path. RBA rate cut expectations strengthen on soft reading.,DATA_RELEASE
India coal production rises 14.7 percent year on year in December to 105 million tonnes. Coal India accounts for 85 percent of incremental output.,DATA_RELEASE
US consumer spending rises 0.7 percent in December beating 0.4 percent estimate. Personal income up 0.3 percent as labor market remains tight.,DATA_RELEASE
SEBI regulations on depository participant services specify investor protection and service standards. Depository participants must maintain minimum net worth and insurance. Grievance redressal timelines defined.,EXPLANATORY
Understanding the new RBI framework for project finance loans and provisioning norms. Asset classification rules for infrastructure projects specified. Resolution timeline extensions available for viable projects.,EXPLANATORY
How the new Companies Act provisions for merger of holding and subsidiary work explained. Fast track merger route available for wholly owned subsidiaries. NCLT approval timelines reduced significantly.,EXPLANATORY
FSSAI regulations on fortification of food products mandate nutrient addition requirements. Staple foods like wheat flour rice and oil must meet fortification standards. Compliance monitoring through sampling and testing.,EXPLANATORY
Understanding the Direct Tax Vivad Se Vishwas scheme for dispute resolution. Taxpayers can settle pending appeals by paying disputed tax without interest and penalty. Settlement windows and eligibility criteria specified.,EXPLANATORY
RBI guidelines on mobile banking security requirements for banks explained. End to end encryption and multi factor authentication mandatory. Transaction limits based on risk assessment.,EXPLANATORY
How the new Environment Impact Assessment notification affects project approvals. Projects above specified thresholds require environmental clearance. Public consultation process mandatory for certain categories.,EXPLANATORY
SEBI framework for investor charter and grievance handling by market intermediaries. Brokers and depositories must publish service standards. Escalation matrix and resolution timelines defined clearly.,EXPLANATORY
Understanding the Patent Act provisions for compulsory licensing and pharmaceutical access. Government can issue licenses for affordable medicines in emergencies. Compensation to patent holders specified.,EXPLANATORY
RBI regulations on fair lending practices for retail loans explained. Prepayment charges prohibited on floating rate loans. Key fact statement disclosure mandatory before sanction.,EXPLANATORY
How the Consumer Protection Act provisions for product liability work for manufacturers. Strict liability for defective products causing harm. Compensation claims can be filed with consumer forums.,EXPLANATORY
IRDAI guidelines on bancassurance channel specify commission caps and training requirements. Banks can tie up with maximum three insurers per category. Point of sale certification mandatory.,EXPLANATORY
Understanding the new Transfer Pricing regulations and documentation requirements for multinational companies. Master file and local file documentation thresholds specified. Country by country reporting for large groups.,EXPLANATORY
RBI framework for NBFC account aggregator participation as financial information users. NBFCs can access customer data with consent through aggregator framework. Usage limited to specified purposes.,EXPLANATORY
How the Model Tenancy Act provisions protect both landlords and tenants explained. Security deposit limits and rent increase caps specified. Eviction grounds and notice periods defined clearly.,EXPLANATORY
SEBI regulations on portfolio management services specify minimum investment and fee structures. PMS managers must register and maintain net worth requirements. Performance reporting standards prescribed.,EXPLANATORY
Energy stocks underperform broader market as crude oil prices stabilize. ONGC falls 0.5 percent while GAIL declines 0.8 percent. Refining margins showing improvement.,DESCRIPTIVE
Fertilizer stocks gain on subsidy disbursement news. Chambal rises 2.5 percent while Coromandel gains 2 percent. Sector benefiting from policy support.,DESCRIPTIVE
EV ecosystem stocks trade higher on policy announcements. Tata Motors rises 1.8 percent while Exide gains 2 percent. Battery and charging infrastructure plays in focus.,DESCRIPTIVE
Specialty chemical stocks extend rally on export order flow improvement. Navin Fluorine rises 3 percent while SRF gains 2.5 percent. Margin expansion continuing.,DESCRIPTIVE
Ports and logistics stocks trade firm on cargo volume data. Adani Ports rises 1.5 percent while Container Corp gains 1.2 percent. Trade activity recovering.,DESCRIPTIVE
Hospital stocks rally on strong operational metrics. Apollo rises 2 percent while Max Healthcare gains 1.8 percent. Medical tourism driving volume growth.,DESCRIPTIVE
Diagnostic chains trade mixed on competitive concerns. Metropolis rises 0.5 percent while Dr Lal falls 0.3 percent. Pricing pressure impacting margins.,DESCRIPTIVE
Education stocks gain on enrollment growth data. Aptech rises 3 percent while NIIT gains 2.5 percent. Digital learning demand remaining strong.,DESCRIPTIVE
Packaging stocks trade higher on FMCG volume recovery signs. Uflex rises 2 percent while Huhtamaki gains 1.5 percent. Raw material costs stabilizing.,DESCRIPTIVE
Microfinance stocks end lower on asset quality concerns. CreditAccess falls 2 percent while Spandana declines 1.5 percent. Collection efficiency being monitored.,DESCRIPTIVE
Alcohol beverage stocks trade firm on premiumization trends. United Spirits rises 1.5 percent while United Breweries gains 1.2 percent. Volume growth steady.,DESCRIPTIVE
Quick service restaurant stocks gain on same store sales growth. Jubilant FoodWorks rises 2 percent while Westlife gains 1.5 percent. Urban consumption holding up.,DESCRIPTIVE
Water treatment stocks rally on government spending announcements. VA Tech Wabag rises 4 percent while Ion Exchange gains 3 percent. Order pipeline building.,DESCRIPTIVE
Jewelry retail stocks trade mixed ahead of wedding season. Titan rises 0.5 percent while Kalyan falls 0.3 percent. Gold price volatility impacting sentiment.,DESCRIPTIVE
Data center stocks gain on digital infrastructure demand. STT rises 2.5 percent on cloud adoption acceleration. Capacity expansion plans announced.,DESCRIPTIVE
Deven Choksey sees Indian equities offering favorable risk reward at current levels. Long term investors should accumulate quality stocks on dips. Banking and infrastructure themes preferred.,MARKET_OPINION
Ajay Srivastava of Dimensions Consulting recommends cautious approach amid global uncertainty. Cash allocation higher than usual advised. Quality focus essential in stock selection.,MARKET_OPINION
Udayan Mukherjee sees Indian markets fairly valued at current levels. Stock specific approach preferred over directional bets. Earnings growth key for further upside.,MARKET_OPINION
Andrew Holland bullish on India relative to other emerging markets. Macro stability and reform continuity differentiating India. Overweight position maintained in portfolios.,MARKET_OPINION
Manish Chokhani sees structural opportunity in Indian financial services sector. Credit penetration and digitalization driving growth. Quality lenders trading at reasonable valuations.,MARKET_OPINION
Shankar Vailaya recommends systematic investment approach in current volatile market. Rupee cost averaging benefits long term investors. Diversification across market caps essential.,MARKET_OPINION
Sandeep Tandon sees commodity upcycle benefiting Indian metal producers. Supply constraints supporting prices globally. Tata Steel and Hindalco among preferred picks.,MARKET_OPINION
Anil Sarin of Centrum recommends overweight on Indian auto ancillaries. Component makers benefiting from EV transition. Quality suppliers with global presence preferred.,MARKET_OPINION
Dipan Mehta bullish on Indian consumer discretionary despite near term challenges. Premiumization and aspirational spending driving growth. Branded players gaining market share.,MARKET_OPINION
Anup Bagchi of ICICI Prudential sees banking sector delivering consistent earnings growth. Credit costs normalized after pandemic. Private banks offering quality compounding.,MARKET_OPINION
Nilesh Dalvi of HDFC AMC recommends balanced approach between large and mid caps. Quality focus essential across market capitalization. Earnings visibility key selection criteria.,MARKET_OPINION
Vikas Khemani sees Indian IT services offering selective opportunities. Digital transformation spending driving deal wins. Tier 1 companies preferred for stability.,MARKET_OPINION
Rashesh Shah bullish on Indian corporate earnings trajectory. Margin expansion and revenue growth driving profitability. Capex cycle turning favorable for industrials.,MARKET_OPINION
Manish Gunwani of Reliance AMC recommends focusing on domestic consumption themes. Rural recovery supporting FMCG demand. Discretionary spending resilient in urban areas.,MARKET_OPINION
S Naren of ICICI Prudential sees value in Indian PSU stocks after reform push. Disinvestment and governance improvements driving rerating. Energy and banking PSUs preferred.,MARKET_OPINION
Rajeev Thakkar of PPFAS maintains cautious optimism on Indian equities. Quality businesses at reasonable valuations preferred. Long term compounding potential intact.,MARKET_OPINION
Vetri Subramaniam sees Indian infrastructure sector entering multi-year growth phase. Order books at record highs for capital goods companies. Execution track record key differentiator.,MARKET_OPINION
Harsha Upadhyaya of Kotak AMC recommends sticking with quality largecaps in current environment. Volatility favors established franchises. Midcap valuations stretched.,MARKET_OPINION
Navneet Munot of HDFC AMC bullish on India growth story despite global headwinds. Domestic consumption and investment driving GDP. Equity allocation should be maintained.,MARKET_OPINION
Anand Shah sees Indian pharma sector offering selective opportunities. Domestic formulations and specialty molecules driving growth. US generic headwinds priced in.,MARKET_OPINION
Rupee plunges 2 percent against dollar in early trade as emerging market selloff intensifies. RBI intervenes heavily to stem decline. Importers rush to hedge exposure.,BREAKING_NEWS
Nifty opens 3 percent lower after weekend escalation in Middle East tensions. Global crude surges 10 percent. Safe haven buying drives gold higher.,BREAKING_NEWS
Major Indian PSU bank shares crash 12 percent after whistleblower alleges massive fraud. CBI registers preliminary enquiry. Management denies allegations.,BREAKING_NEWS
Bitcoin drops below 35000 dollars as SEC rejects another spot ETF application. Cryptocurrency market loses 100 billion in hours. Altcoins down 15 percent.,BREAKING_NEWS
Trading halted in Nifty futures after circuit breaker triggered at SGX. Index down 5 percent at halt. Asian markets in turmoil on contagion fears.,BREAKING_NEWS
RBI announces unprecedented open market purchase of government securities worth 50000 crores. Bond yields fall 20 basis points in response. Liquidity concerns addressed.,BREAKING_NEWS
Major Indian airline shares suspended after company announces bankruptcy filing. Passengers stranded as flights cancelled. Employee salaries in arrears.,BREAKING_NEWS
Global tech selloff wipes 2 trillion dollars in market value overnight. Nasdaq futures down 4 percent. Indian IT stocks expected to fall sharply.,BREAKING_NEWS
Chinese stock market circuit breaker triggered as index plunges 7 percent on growth fears. Trading suspended for remainder of day. Global contagion spreads.,BREAKING_NEWS
Crude oil spikes 15 percent as major producer announces emergency output cut. Brent briefly above 100 dollars. Inflation concerns resurface globally.,BREAKING_NEWS
Sensex crashes 2500 points as panic selling grips markets. FII outflows exceed 15000 crores in single session. All sectoral indices deep red.,BREAKING_NEWS
Major cryptocurrency stable coin loses peg falling to 75 cents amid reserve concerns. Depegging triggers cascade of liquidations across DeFi protocols.,BREAKING_NEWS
NSE technical glitch affects order matching for 2 hours during peak trading. Exchange compensates affected traders. SEBI seeks detailed incident report.,BREAKING_NEWS
European banking crisis deepens as second regional lender requires emergency support. Credit default swaps spike across sector. ECB emergency meeting called.,BREAKING_NEWS
Indian government bond auction devolves as investors demand higher yields. RBI forced to accept bids at cutoff. Market sentiment turns bearish.,BREAKING_NEWS
Reliance shares fall 8 percent on reports of regulatory investigation into related party transactions. Company denies any wrongdoing. Clarification awaited.,BREAKING_NEWS
US 10-year yield spikes above 5 percent for first time since 2007. Bond market volatility reaches decade high. Equity selloff accelerates globally.,BREAKING_NEWS
Major Indian NBFC halts loan disbursements citing liquidity crunch. Deposit holders panic as redemption requests surge. RBI monitoring situation.,BREAKING_NEWS
Swiss National Bank surprise rate hike sends shockwaves through currency markets. Euro plunges against franc. Risk assets selloff on hawkish pivot.,BREAKING_NEWS
Cryptocurrency exchange suffers 400 million dollar hack as security breach exposes vulnerabilities. Withdrawals suspended immediately. Users funds at risk.,BREAKING_NEWS
India wholesale price inflation rises to 3.8 percent in January from 2.9 percent previous month. Food inflation accelerates to 5.4 percent driven by vegetables and pulses.,DATA_RELEASE
US advance GDP estimate shows 3.3 percent annualized growth in Q4 beating consensus of 2.0 percent. Consumer spending and business investment drive expansion.,DATA_RELEASE
China December trade data shows exports falling 4.6 percent year on year while imports rise 0.2 percent. Trade surplus narrows to 75 billion dollars.,DATA_RELEASE
India railway freight loading rises 7.8 percent year on year in December to 128 million tonnes. Coal and cement driving volume growth across network.,DATA_RELEASE
Eurozone inflation rises to 2.9 percent in January from 2.4 percent on base effects. Core inflation steady at 3.3 percent above ECB target.,DATA_RELEASE
Japan core CPI rises 2.3 percent year on year in December matching expectations. Energy and food costs driving inflation persistence.,DATA_RELEASE
India FDI equity inflows rise 22 percent year on year to 12 billion dollars in Q3. Services and manufacturing sectors attracting bulk of investments.,DATA_RELEASE
US Q4 employment cost index rises 0.9 percent quarter on quarter below 1.0 percent forecast. Wage growth moderating gradually as labor market rebalances.,DATA_RELEASE
Australia retail sales fall 2.7 percent month on month in December on consumer weakness. Discretionary spending particularly soft amid cost of living pressures.,DATA_RELEASE
India diesel consumption rises 4.2 percent year on year in January indicating economic activity strength. Petrol demand up 8.5 percent on mobility recovery.,DATA_RELEASE
SEBI guidelines on algorithmic trading require registration and risk controls for retail participants. Kill switch mechanisms mandatory for algo platforms. Audit trail requirements specified.,EXPLANATORY
Understanding the new RBI framework for climate risk disclosure by banks. Transition risk and physical risk assessment required. Stress testing scenarios prescribed for portfolios.,EXPLANATORY
How the new MSME credit guarantee scheme works for small business borrowers. Collateral free loans up to 2 crore guaranteed by government. Fee structure and eligibility criteria defined.,EXPLANATORY
FEMA regulations on overseas direct investment by Indian companies explained. Automatic route and approval route transactions specified. Reporting requirements for round tripping prevention.,EXPLANATORY
Understanding the new Consumer Protection Act provisions for e-commerce platforms. Marketplace liability and seller registration requirements defined. Grievance officer appointment mandatory.,EXPLANATORY
RBI guidelines on priority sector lending certificates and trading mechanism. Banks can meet PSL targets through PSLC purchases. Certificate categories and validity periods specified.,EXPLANATORY
How the new GST provisions for e-commerce operators affect tax collection at source. TCS at one percent on net taxable supplies mandatory. Compliance and reporting timelines defined.,EXPLANATORY
SEBI framework for market infrastructure institutions governance and risk management. Stock exchanges must maintain settlement guarantee funds. Business continuity requirements specified.,EXPLANATORY
Understanding the Income Tax provisions for charitable trusts and tax exemptions. Registration requirements and spending mandates explained. Corpus donation treatment clarified.,EXPLANATORY
RBI regulations on loan against shares and margin requirements for borrowers. Loan to value ratio limits for different share categories. Mark to market and top-up provisions defined.,EXPLANATORY
How the new Insolvency Code provisions for real estate projects protect homebuyers. Allottees treated as financial creditors with voting rights. RERA registration mandatory for resolution.,EXPLANATORY
PFRDA guidelines on systematic withdrawal plan from NPS for retirement income. Monthly or quarterly withdrawal options available. Tax treatment of withdrawals explained.,EXPLANATORY
Understanding the SEBI provisions for substantial acquisition and takeover code. Open offer trigger thresholds and pricing requirements defined. Creeping acquisition limits specified.,EXPLANATORY
RBI framework for digital payment security controls and fraud monitoring. Real time transaction monitoring mandatory for payment aggregators. Customer liability limits defined.,EXPLANATORY
How the Competition Act provisions for vertical agreements assess anti-competitive effects. Rule of reason approach for distribution and supply agreements. Safe harbor thresholds specified.,EXPLANATORY
IRDAI regulations on health insurance portability and migration procedures. Waiting period credits transferable between insurers. Documentation and timeline requirements defined.,EXPLANATORY
Understanding the new Foreign Trade Policy provisions for export incentives. RoDTEP scheme rates and eligibility criteria explained. MEIS to RoDTEP transition clarified.,EXPLANATORY
RBI guidelines on resolution of stressed assets outside IBC framework. Prudential norms for compromise settlements specified. Asset reconstruction company regulations updated.,EXPLANATORY
How the Securities Contracts Act provisions for recognized stock exchanges work. Listing requirements and trading rules framework explained. Delisting and suspension procedures defined.,EXPLANATORY
SEBI regulations on real estate investment trusts distribution and valuation requirements. Minimum distribution of 90 percent of net distributable cash flow mandatory. Quarterly valuation norms.,EXPLANATORY
Realty stocks continue outperformance on strong pre-sales data from major developers. DLF rises 2.5 percent while Prestige gains 2 percent. Residential demand remains robust.,DESCRIPTIVE
Railway stocks rally on capex allocation expectations in upcoming budget. IRCTC rises 3 percent while RVNL gains 2.5 percent. Sector benefiting from modernization push.,DESCRIPTIVE
Paper stocks trade higher on packaging demand growth. JK Paper rises 2 percent while West Coast gains 1.8 percent. Raw material costs stabilizing.,DESCRIPTIVE
Gas distribution stocks gain on tariff revision announcements. Gujarat Gas rises 2 percent while MGL gains 1.5 percent. Volume growth steady across networks.,DESCRIPTIVE
Shipping stocks trade firm on charter rate improvements. SCI rises 2.5 percent while GE Shipping gains 2 percent. Global trade recovery supporting demand.,DESCRIPTIVE
Ethanol stocks rally on blending target confirmation. Shree Renuka rises 4 percent while Triveni gains 3 percent. Policy support driving sector rerating.,DESCRIPTIVE
Tire stocks gain on replacement demand recovery signals. Apollo rises 2 percent while MRF gains 1.5 percent. Raw material prices favorable for margins.,DESCRIPTIVE
Tower stocks trade higher on 5G rollout acceleration. Indus Towers rises 2 percent while Bharti Infratel gains 1.8 percent. Tenancy ratios improving.,DESCRIPTIVE
Pump and motor stocks rally on agricultural demand outlook. Shakti Pumps rises 3 percent while KSB gains 2.5 percent. Irrigation investments rising.,DESCRIPTIVE
Adhesive stocks trade firm on construction activity growth. Pidilite rises 1.5 percent while Astral gains 1.2 percent. Housing demand supporting volumes.,DESCRIPTIVE
Rajiv Jain of GQG Partners increases India allocation citing attractive growth risk dynamics. Quality compounders trading at reasonable valuations. Financial services and consumer sectors preferred.,MARKET_OPINION
Mark Mobius sees Indian equities as core emerging market holding for global investors. Structural reforms and demographics supporting long term growth. Overweight position maintained.,MARKET_OPINION
Chris Wood of Jefferies recommends increasing India allocation in Asian portfolios. Relative macro stability differentiating India from regional peers. Banking sector most preferred.,MARKET_OPINION
Sukumar Rajah of Franklin Templeton bullish on Indian manufacturing renaissance. PLI schemes attracting investments in electronics and pharmaceuticals. Export competitiveness improving.,MARKET_OPINION
Shyam Srinivasan of Federal Bank sees credit growth remaining robust in current cycle. Deposit growth picking up supporting lending capacity. Asset quality stable.,MARKET_OPINION
TV Mohandas Pai optimistic on Indian technology and startups ecosystem. Digital adoption accelerating across sectors. New age companies maturing toward profitability.,MARKET_OPINION
Atul Suri of Marathon Trends sees momentum building in Indian infrastructure stocks. Order book visibility highest in years for capital goods companies. Sector rotation underway.,MARKET_OPINION
Abhijit Bhave of Karvy recommends value over growth in current market conditions. Cyclical sectors offering better risk reward. Banking and commodities preferred.,MARKET_OPINION
Pankaj Tibrewal of Kotak AMC bullish on Indian midcap manufacturing companies. Capacity expansion supporting growth outlook. Quality focus essential in selection.,MARKET_OPINION
George Thomas of Quantum AMC maintains cautious stance on market valuations. Cash allocation higher awaiting better entry points. Long term investors should stay invested.,MARKET_OPINION
Devender Singhal of Kotak AMC sees opportunities in Indian specialty chemicals sector. Export competitiveness improving as China capacity rationalizes. Quality names preferred.,MARKET_OPINION
Nimesh Shah of ICICI Prudential recommends balanced portfolio approach in current environment. Large cap allocation higher for stability. SIP investors should continue.,MARKET_OPINION
Varun Saboo of Anand Rathi bullish on Indian auto ancillary exporters. Global OEMs diversifying supply chains to India. Quality suppliers with client relationships preferred.,MARKET_OPINION
Mahesh Patil of Birla Sun Life sees banking sector delivering consistent returns. Credit growth healthy while asset quality stable. Private banks preferred over PSUs.,MARKET_OPINION
Sridhar Sivaram of Enam Holdings recommends accumulating Indian pharma on weakness. Domestic growth steady while US headwinds priced in. CDMO opportunity significant.,MARKET_OPINION
Hemant Shah of Seven Islands sees opportunity in Indian cement sector. Demand growth tracking above GDP. Industry consolidation improving pricing discipline.,MARKET_OPINION
Jyotivardhan Jaipuria sees Indian consumer discretionary offering growth at reasonable prices. Urban consumption resilient despite slowdown concerns. Quality brands preferred.,MARKET_OPINION
Gaurav Kochar of Mirae Asset bullish on Indian defense and aerospace sector. Indigenization driving order flow to domestic companies. Multi-year visibility on execution.,MARKET_OPINION
Mahesh Nandurkar of CLSA recommends selective approach to Indian markets. Large caps preferred over small and mid caps. Earnings growth key for stock selection.,MARKET_OPINION
Kunj Bansal sees value emerging in Indian PSU stocks post reform measures. Disinvestment and governance improvements supporting rerating. Energy and banking preferred.,MARKET_OPINION
Shibani Sircar Kurian of Kotak AMC recommends sticking with quality in volatile markets. Earnings consistency and governance key criteria. Avoid leverage and speculation.,MARKET_OPINION
Ayush Garg of Equity Master sees Indian textile sector entering export upcycle. Order diversification from China benefiting Indian manufacturers. Working capital position improved.,MARKET_OPINION
Nifty breaches 22000 level for first time as banking stocks lead rally. Sensex crosses 73000 on strong FII inflows. Market breadth positive with advances leading declines.,BREAKING_NEWS
Bitcoin surges past 50000 dollars as spot ETF approval fuels institutional buying. Cryptocurrency market cap crosses 2 trillion dollars. Altcoin rally follows.,BREAKING_NEWS
RBI keeps repo rate unchanged at 6.5 percent surprising markets expecting cut. Governor cites inflation concerns. Bond yields spike 15 basis points on hawkish stance.,BREAKING_NEWS
Crude oil crashes 8 percent after OPEC meeting ends without production cut agreement. Brent falls below 75 dollars. Energy stocks plunge globally.,BREAKING_NEWS
Nifty Bank index surges 1000 points intraday as HDFC Bank results beat estimates. Private banks rally across the board. PSU banks follow suit.,BREAKING_NEWS
Rupee strengthens sharply below 83 against dollar after strong FDI data release. RBI seen buying dollars to cap gains. Exporters benefit from favorable movement.,BREAKING_NEWS
Sensex gaps up 600 points following strong US jobs data overnight. FII buying resumes after brief pause. IT stocks lead gains.,BREAKING_NEWS
Major Indian startup becomes profitable for first time triggering rally in new age stocks. Zomato shares surge 15 percent. Other tech stocks follow.,BREAKING_NEWS
Gold breaks above 65000 rupees per 10 grams for first time in domestic market. Safe haven demand and wedding season supporting prices. Silver also hits record.,BREAKING_NEWS
Nifty IT index surges 4 percent after US tech rally overnight. TCS and Infosys gain over 3 percent each. Deal momentum improving.,BREAKING_NEWS
Trading volumes hit record high as retail participation surges on budget day. NSE cash segment turnover exceeds 1.5 lakh crores. Derivatives volumes also elevated.,BREAKING_NEWS
Cryptocurrency exchange Binance pays record 4 billion dollar fine to settle US charges. Bitcoin initially dips then recovers. Industry views settlement as positive.,BREAKING_NEWS
Nifty closes at all-time high crossing 22500 as FII buying continues unabated. Monthly gains exceed 5 percent. All sectoral indices in green.,BREAKING_NEWS
Indian government announces landmark corporate tax cut to 22 percent from 30 percent. Markets surge 5 percent on news. Biggest reform in decades.,BREAKING_NEWS
Global markets rally as Fed signals rate cuts in 2024 policy statement. Dow surges 700 points. Emerging market currencies strengthen sharply.,BREAKING_NEWS
Major Indian conglomerate stock surges 20 percent after winning mega government contract. Order value exceeds 50000 crores. Sector peers also gain.,BREAKING_NEWS
Bitcoin ETF sees record inflows of 700 million dollars in single day. Price crosses 55000 dollars. Institutional adoption accelerating.,BREAKING_NEWS
Nifty 50 breaks 23000 barrier in intraday trade as momentum builds. Sensex crosses 76000 for first time. Foreign flows continue strongly.,BREAKING_NEWS
India sovereign bond index inclusion triggers 15 billion dollar passive inflows expectation. Bond yields fall 25 basis points on announcement. Rupee strengthens.,BREAKING_NEWS
Major tech company announces 5 billion dollar India investment for AI and cloud infrastructure. Government welcomes commitment. Tech stocks rally on sentiment boost.,BREAKING_NEWS
India cement production reaches record 400 million tonnes in fiscal year crossing pre-pandemic levels. Capacity utilization at 72 percent provides room for growth.,DATA_RELEASE
US ISM services PMI rises to 54.5 in January from 50.5 showing stronger expansion. New orders and employment components both improve significantly.,DATA_RELEASE
China foreign exchange reserves fall 10 billion dollars to 3.22 trillion in January. Currency intervention to support yuan draws down holdings.,DATA_RELEASE
India port cargo volumes rise 9.5 percent year on year in December to 75 million tonnes. Container traffic up 12 percent on export recovery.,DATA_RELEASE
Eurozone retail sales fall 1.1 percent year on year in December on weak consumer confidence. Online sales show relative resilience versus brick and mortar.,DATA_RELEASE
Japan household spending beats expectations rising 0.5 percent year on year in December. Consumption showing signs of recovery as inflation moderates.,DATA_RELEASE
India mobile subscriber additions reach 8 million in December as penetration rises. Urban markets saturated while rural growth continues steadily.,DATA_RELEASE
US factory orders rise 0.2 percent in December below 0.5 percent consensus. Core capital goods orders show improvement signaling business investment.,DATA_RELEASE
India power consumption rises 8.2 percent year on year in January to 148 billion units. Peak demand crosses 220 GW indicating economic strength.,DATA_RELEASE
Australia trade surplus widens to 11.4 billion dollars in December on strong iron ore exports. China demand recovery supporting commodity shipments.,DATA_RELEASE
SEBI guidelines on preferential allotment pricing and lock-in requirements explained. Pricing formula uses volume weighted average for benchmark. Lock-in period varies by investor category.,EXPLANATORY
Understanding the RBI framework for outsourcing of financial services by banks. Due diligence requirements for service providers specified. Material outsourcing arrangements require board approval.,EXPLANATORY
How the new GST provisions for reverse charge mechanism work for specific services. Recipient liability for specified transactions explained. Input tax credit availability clarified.,EXPLANATORY
FEMA regulations on external commercial borrowing hedging requirements explained. Minimum hedging thresholds based on average maturity. Hedging costs can be built into all-in-cost.,EXPLANATORY
Understanding the Companies Act provisions for independent director appointment and tenure. Maximum tenure and cooling off requirements specified. Audit committee composition rules defined.,EXPLANATORY
RBI guidelines on interest rate on deposits and premature withdrawal penalties. Minimum interest rates for savings and term deposits specified. Penal charges disclosure requirements.,EXPLANATORY
How the Prevention of Money Laundering Act customer due diligence requirements work. Risk categorization and enhanced due diligence triggers specified. Reporting obligations defined clearly.,EXPLANATORY
SEBI framework for rights issue pricing and entitlement trading explained. Pricing flexibility within regulatory limits provided. Renunciation mechanism for trading entitlements specified.,EXPLANATORY
Understanding the new labor code provisions for working hours and overtime payments. Maximum working hours and compensatory off requirements defined. Overtime calculation methodology specified.,EXPLANATORY
RBI regulations on exposure norms and large exposure framework for banks. Single borrower and group exposure limits specified. Infrastructure exemptions and treatment defined.,EXPLANATORY
How the Insolvency Code provisions for cross border insolvency recognition work. UNCITRAL model law adoption framework explained. Foreign representative recognition process defined.,EXPLANATORY
IRDAI guidelines on claim settlement timelines and procedures for insurance companies. Investigation and settlement periods specified. Interest on delayed claims mandatory.,EXPLANATORY
Understanding the SEBI provisions for buyback through open market route. Price ceiling and volume limits specified. Escrow account and disclosure requirements defined.,EXPLANATORY
RBI framework for resolution plan preparation by banks for stressed accounts. Inter creditor agreement requirements specified. Standstill period and implementation timeline defined.,EXPLANATORY
How the new trademark opposition and rectification procedures work under amended rules. Timeline for opposition and counter statement specified. Expedited processing provisions available.,EXPLANATORY
PFRDA regulations on fund manager selection and performance benchmarking in NPS. Minimum AUM and track record requirements specified. Fee competition mechanism explained.,EXPLANATORY
Understanding the GST provisions for input service distributor mechanism. Credit distribution rules for head office to branches specified. Proportionate distribution methodology defined.,EXPLANATORY
RBI guidelines on wilful defaulter classification and consequences for borrowers. Identification process and hearing requirements specified. Debarment from institutional credit defined.,EXPLANATORY
How the Securities Contracts Act provisions for derivatives trading work. Exchange traded and OTC derivative regulations explained. Margin and settlement framework specified.,EXPLANATORY
SEBI framework for ASBA mechanism in public issues and payment processing. Bank account blocking process explained. Refund timelines and interest provisions defined.,EXPLANATORY
Infrastructure sector stocks rally on government spending push. L&T rises 2.5 percent while GMR gains 2 percent. Budget allocation exceeds expectations.,DESCRIPTIVE
FMCG stocks trade flat as volume growth concerns persist. HUL ends unchanged while ITC rises 0.3 percent. Rural recovery key monitorable.,DESCRIPTIVE
Metal stocks end mixed on China demand uncertainty. Tata Steel rises 0.5 percent while JSW falls 0.8 percent. Global prices volatile.,DESCRIPTIVE
Power stocks gain on capacity addition announcements. NTPC rises 1.5 percent while Power Grid gains 1 percent. Renewable capex accelerating.,DESCRIPTIVE
Banking index closes marginally higher as NIM concerns persist. HDFC Bank rises 0.5 percent while Kotak falls 0.3 percent. Credit growth remains robust.,DESCRIPTIVE
Oil marketing companies trade lower on crude price volatility. BPCL falls 1 percent while HPCL declines 0.8 percent. Marketing margins uncertain.,DESCRIPTIVE
Pharma index ends flat amid mixed global cues. Sun Pharma rises 0.5 percent while Cipla falls 0.3 percent. US pricing pressure continues.,DESCRIPTIVE
Auto stocks trade higher ahead of monthly sales data release. Maruti rises 1 percent while M&M gains 0.8 percent. Festive demand expected strong.,DESCRIPTIVE
NBFCs trade firm on asset quality improvement signals. Bajaj Finance rises 1.5 percent while Cholamandalam gains 1.2 percent. Credit costs declining.,DESCRIPTIVE
Telecom stocks end lower on competition concerns. Bharti falls 0.5 percent while Idea declines 1 percent. ARPU growth disappoints.,DESCRIPTIVE
Hitesh Patel sees value in Indian plastic packaging companies as demand grows. Flexible packaging gaining share from rigid. Quality players with client relationships preferred.,MARKET_OPINION
Aditya Puri bullish on Indian banking sector digitalization driving efficiency gains. Cost to income ratios improving across banks. Customer acquisition costs declining significantly.,MARKET_OPINION
Rajat Sharma of Sana Securities recommends accumulating agrochemical stocks ahead of monsoon. Kharif season demand outlook positive. Quality formulation players preferred.,MARKET_OPINION
Ambareesh Baliga sees Indian auto sector entering new growth cycle. EV transition creating opportunities for component makers. Traditional OEMs also adapting successfully.,MARKET_OPINION
Sandip Sabharwal bullish on select Indian real estate stocks despite broader concerns. Quality developers with strong balance sheets preferred. Residential demand robust.,MARKET_OPINION
Ashu Madan of Investec sees Indian wealth management sector growing rapidly. HNI and UHNI population expanding. Fee based revenues driving advisor profitability.,MARKET_OPINION
Chakri Lokapriya recommends Indian engineering exporters as global capex cycle turns. Order book visibility improving for capital goods makers. Currency tailwinds supporting margins.,MARKET_OPINION
Sanjay Dutt of Tata AIG bullish on Indian general insurance growth trajectory. Motor and health segments driving premium growth. Loss ratios improving steadily.,MARKET_OPINION
Bharat Shah sees compounding opportunities in Indian consumer staples sector. Volume growth recovering gradually across categories. Premium brands gaining market share.,MARKET_OPINION
Utpal Sheth of Rare Enterprises recommends focusing on business quality over market timing. Long term wealth creation through patient investing. Avoid speculation and leverage.,MARKET_OPINION
Ravi Dharamshi of ValueQuest bullish on Indian chemical sector export potential. Specialty and agrochemicals benefiting from global sourcing shifts. Quality managements preferred.,MARKET_OPINION
Vinit Sambre of DSP recommends sticking with large caps in uncertain environment. Volatility favors established businesses. Quality focus essential for portfolio construction.,MARKET_OPINION
Amit Jeswani of Stallion Asset sees opportunities in Indian infrastructure ancillaries. Equipment and material suppliers benefiting from capex. Order books at record levels.,MARKET_OPINION
Aashish Somaiyaa recommends fixed income allocation for conservative investors currently. Corporate bonds offering attractive yields. Duration extension warranted as rates peak.,MARKET_OPINION
Sailesh Raj Bhan of Nippon AMC bullish on Indian power sector transformation. Renewable capacity additions accelerating sharply. Grid infrastructure investments supporting growth.,MARKET_OPINION
Pratik Gupta of Kotak recommends selective approach to Indian pharma sector. Domestic focused players preferred over US exporters. Complex generics offering opportunities.,MARKET_OPINION
Mrinal Singh of InCred AMC sees Indian industrials entering multi-year growth phase. Government capex supporting infrastructure buildout. Private investment cycle turning favorable.,MARKET_OPINION
Anish Tawakley of ICICI Pru sees banking sector credit growth remaining healthy. Corporate and retail segments both contributing. Asset quality concerns overdone.,MARKET_OPINION
Sameer Narayan bullish on Indian hotel sector operational metrics. RevPAR improvements driving profitability gains. Supply addition limited supporting pricing power.,MARKET_OPINION
Rajeev Shah of PPFAS recommends quality businesses regardless of market cap classification. Valuation discipline essential in current environment. Avoid momentum driven investments.,MARKET_OPINION
Markets gap down 500 points as overnight US selloff triggers risk-off sentiment globally. Banking and IT stocks lead declines. FII selling accelerates.,BREAKING_NEWS
Gold surges 6 percent intraday as geopolitical tensions spike dramatically. MCX gold hits upper circuit limit. Safe haven demand drives bullion higher.,BREAKING_NEWS
Nifty Midcap index falls 5 percent in worst session since pandemic crash. Liquidity concerns hit smaller stocks harder. Quality names also see selling pressure.,BREAKING_NEWS
RBI slaps massive penalty on major private bank for compliance violations. Bank shares fall 8 percent on news. Governance concerns resurface.,BREAKING_NEWS
Cryptocurrency market sees 300 billion dollar wipeout in 48 hours. Bitcoin below 40000 dollars. Leverage liquidations cascade across exchanges.,BREAKING_NEWS
Power Grid shares surge 12 percent after company announces major project wins. Order inflow exceeds annual guidance. Transmission capex accelerating.,BREAKING_NEWS
Sensex breaks below 70000 level triggering stop loss selling. Market breadth extremely negative. Advance decline ratio at decade low.,BREAKING_NEWS
Indian rupee appreciates 1 percent in single session as dollar weakens globally. RBI steps in to buy dollars. Exporters caught offside.,BREAKING_NEWS
Major FMCG company reports surprise volume decline shocking analysts. Stock falls 7 percent on results. Sector sentiment turns cautious.,BREAKING_NEWS
Nifty smallcap index enters correction territory falling 15 percent from recent peak. Liquidity shift to large caps visible. Quality concerns driving selloff.,BREAKING_NEWS
US inflation surprise sends treasury yields spiking above 4.5 percent. Global bond selloff intensifies. Risk assets under pressure.,BREAKING_NEWS
Indian cement prices surge 15 percent in spot market on strong demand. Company stocks rally across board. Capacity utilization at multi-year highs.,BREAKING_NEWS
Major Indian IT company announces layoffs affecting 5000 employees. Cost optimization measures accelerating. Stock rises 3 percent on margin hopes.,BREAKING_NEWS
Nifty Bank crosses 50000 mark for first time in historic milestone. Private banks lead rally with broad participation. Sector rerating underway.,BREAKING_NEWS
Bitcoin breaks 60000 dollars resistance level as institutional buying accelerates. Cryptocurrency ETF volumes surge. Altcoin rally broadens.,BREAKING_NEWS
RBI announces surprise dividend transfer of 2.1 lakh crores to government. Fiscal deficit concerns ease significantly. Bond yields fall sharply.,BREAKING_NEWS
Major Indian airline orders 500 aircraft in largest deal in aviation history. Stock surges 18 percent on news. Sector sentiment turns bullish.,BREAKING_NEWS
Global markets plunge as Japan raises rates unexpectedly ending negative rate era. Yen carry trade unwinds violently. Emerging market selloff intensifies.,BREAKING_NEWS
Indian stock markets achieve highest ever daily turnover of 2 lakh crore rupees. Retail participation at record levels. Derivatives volumes also surge.,BREAKING_NEWS
Crude oil breaks 100 dollars per barrel on supply disruption fears. OMC stocks plunge on margin concerns. Inflation worries resurface globally.,BREAKING_NEWS
India textile exports rise 15.3 percent year on year in December to 3.8 billion dollars. Cotton and ready made garments lead growth.,DATA_RELEASE
US retail sales rise 0.6 percent in January beating 0.4 percent consensus. Online sales particularly strong amid weather disruptions.,DATA_RELEASE
China new home prices fall 0.7 percent month on month in December marking steepest decline. Property sector weakness persists despite policy support.,DATA_RELEASE
India tractor sales rise 12.4 percent year on year in January to 78000 units. Rural demand recovery signals improving farm sentiment.,DATA_RELEASE
Eurozone current account surplus widens to 32 billion euros in November. Services exports driving improvement. Goods trade balance stable.,DATA_RELEASE
Japan trade balance swings to surplus of 62 billion yen in December. Auto exports recover strongly. Energy imports moderate on price decline.,DATA_RELEASE
India gold imports fall 30 percent year on year in December to 3 billion dollars. High prices dampening consumer demand.,DATA_RELEASE
US building permits rise 1.5 percent to 1.49 million annualized rate in December. Multi-family permits driving improvement.,DATA_RELEASE
India UPI transactions cross 12 billion in January with value at 18 lakh crores. Digital payments adoption accelerating steadily.,DATA_RELEASE
Australia unemployment rises to 4.1 percent in December from 3.9 percent. Job losses concentrated in part-time employment.,DATA_RELEASE
SEBI regulations on listing obligations for debt securities issuers explained. Disclosure requirements and compliance timelines defined. Rating agency monitoring norms specified.,EXPLANATORY
Understanding the RBI framework for bank holding company regulation. Licensing and capital requirements specified. Activities permitted for holding companies defined.,EXPLANATORY
How the new Arbitration Act provisions for institutional arbitration work. Arbitral institution recognition requirements specified. Fee structure and timeline guidelines provided.,EXPLANATORY
FEMA regulations on acquisition of immovable property outside India by residents. Automatic and approval route transactions defined. Reporting and documentation requirements specified.,EXPLANATORY
Understanding the Companies Act provisions for registered valuer certification. Qualification requirements and registration process explained. Valuation standards to be followed specified.,EXPLANATORY
RBI guidelines on digital lending platform disclosure requirements explained. Pricing and fee transparency mandatory. Customer communication norms defined clearly.,EXPLANATORY
How the Insolvency Code provisions for group insolvency coordination work. Procedural consolidation framework explained. Committee of creditors composition for group proceedings.,EXPLANATORY
IRDAI regulations on product filing and approval procedures for insurance companies. Use and file versus file and use categories defined. Timeline requirements specified.,EXPLANATORY
Understanding the SEBI provisions for investor grievance redressal mechanism. SCORES platform registration and resolution timelines. Escalation matrix for unresolved complaints.,EXPLANATORY
RBI framework for financial benchmark administration and regulation explained. Submitter and administrator responsibilities defined. Governance and conflict management norms specified.,EXPLANATORY
How the Consumer Protection Act provisions for unfair contract terms work. Contract fairness assessment criteria specified. Remedies available to consumers explained.,EXPLANATORY
PFRDA guidelines on withdrawal benefits from NPS for government employees. Commutation and pension options explained. Tax treatment on withdrawal clarified.,EXPLANATORY
Understanding the GST provisions for job work and goods movement procedures. Challan requirements and time limits specified. Input tax credit treatment explained.,EXPLANATORY
RBI regulations on bank branch licensing and closure procedures explained. Prior approval requirements for closures specified. Customer notification timelines defined.,EXPLANATORY
How the Securities Act provisions for insider trading prevention work. Connected persons and unpublished price sensitive information defined. Trading window restrictions explained.,EXPLANATORY
SEBI framework for sustainability reporting by listed companies explained. BRSR format and disclosure requirements specified. Assurance requirements phased implementation timeline.,EXPLANATORY
Understanding the Foreign Contribution Regulation Act provisions for NGOs. Registration and prior permission requirements specified. Reporting and utilization norms defined.,EXPLANATORY
RBI guidelines on loan classification and income recognition norms explained. NPA recognition triggers and upgrade conditions specified. Provisioning requirements defined.,EXPLANATORY
How the Patent Act provisions for patent term extension work in pharmaceutical sector. Supplementary protection certificate framework explained. Maximum extension periods specified.,EXPLANATORY
IRDAI regulations on unit linked insurance plan fund options and switches. Fund categories and risk classification defined. Switch charges and frequency limits specified.,EXPLANATORY
Cement stocks end higher on strong dispatch data from industry sources. UltraTech rises 1.5 percent while ACC gains 1.2 percent. Pricing remains firm.,DESCRIPTIVE
E-commerce focused stocks trade mixed on festive season outlook. Avenue Supermarts rises 1 percent while Nykaa falls 0.5 percent. Competition intensifying.,DESCRIPTIVE
Water infrastructure stocks gain on government scheme allocations. VA Tech rises 3 percent while Ion Exchange gains 2 percent. Order pipeline strong.,DESCRIPTIVE
Hospital stocks rally on robust patient volume data. Fortis rises 2 percent while Narayana gains 1.8 percent. Medical tourism recovery continues.,DESCRIPTIVE
Bearing and engineering stocks trade firm on industrial demand outlook. SKF rises 1.5 percent while Schaeffler gains 1.2 percent. Auto segment driving growth.,DESCRIPTIVE
Food delivery stocks trade lower on profitability concerns. Zomato falls 2 percent while Swiggy sentiment remains weak. Competition affecting unit economics.,DESCRIPTIVE
Agrochemical stocks gain ahead of monsoon season. PI Industries rises 2 percent while Coromandel gains 1.5 percent. Export orders improving.,DESCRIPTIVE
Paper stocks trade mixed on raw material cost concerns. JK Paper rises 0.5 percent while Tamil Nadu Newsprint falls 0.3 percent.,DESCRIPTIVE
Footwear stocks end lower on demand uncertainty. Bata falls 1 percent while Metro Brands declines 0.8 percent. Volume growth sluggish.,DESCRIPTIVE
Electric vehicle stocks rally on policy support announcements. Tata Motors rises 2.5 percent while battery stocks gain. Subsidy extension beneficial.,DESCRIPTIVE
Naveen Kulkarni of Axis Securities recommends Indian infrastructure stocks for long term portfolios. Government capex commitment strong. Execution track record improving.,MARKET_OPINION
Pankaj Murarka bullish on Indian steel sector as demand growth exceeds supply additions. Capacity utilization improving across mills. Pricing discipline maintained.,MARKET_OPINION
Gautam Trivedi of Nepean Capital sees opportunities in Indian specialty foods sector. Premiumization and health consciousness driving growth. Quality brands with distribution preferred.,MARKET_OPINION
Ajay Bagga recommends Indian insurance sector for patient long term investors. Protection gap providing secular growth runway. Quality franchises compounding steadily.,MARKET_OPINION
Amar Ambani of YES Securities bullish on Indian capital goods companies. Order books at record levels. Execution improving with capacity expansion.,MARKET_OPINION
Taher Badshah of Invesco AMC recommends sticking with quality large caps amid volatility. Earnings predictability premium over growth. Banking and consumer sectors preferred.,MARKET_OPINION
Siddharth Sedani sees value emerging in Indian specialty gas companies. Industrial demand growth supporting volumes. Margin improvement as utilization rises.,MARKET_OPINION
Ashi Anand of IME Capital bullish on Indian diagnostic chains despite competitive concerns. Market leader positions providing pricing power. Volume growth accelerating.,MARKET_OPINION
Dhiraj Relli of HDFC Securities recommends Indian engineering exporters for global capex recovery. Order wins improving for turbine and equipment makers.,MARKET_OPINION
Gopal Agrawal of DSP recommends focus on domestic oriented businesses in current environment. Global demand uncertainty affecting exporters. Consumption themes relatively safer.,MARKET_OPINION
Vinay Jaising of JM Financial sees Indian real estate entering sustained upcycle. Affordability improved after price stagnation. Quality developers gaining market share.,MARKET_OPINION
Surendra Goyal of Citigroup bullish on Indian corporate banks over retail focused lenders. Corporate credit demand reviving. Margins better than retail segment.,MARKET_OPINION
Rajesh Cheruvu of Validus Wealth recommends increasing fixed income allocation currently. Corporate bonds offering attractive risk adjusted yields. Duration matching to liability important.,MARKET_OPINION
Dipan Mehta sees Indian quick commerce sector reaching inflection point on profitability. Unit economics improving rapidly. Market consolidation benefiting survivors.,MARKET_OPINION
Sanjay Chawla of Baroda BNP Paribas recommends Indian IT services on deal momentum. Large deals driving growth visibility. Margins stabilizing after recent pressure.,MARKET_OPINION
Abhishek Bansal of Abans Group bullish on Indian commodity ecosystem companies. Exchanges and brokers benefiting from volume growth. Asset light models preferred.,MARKET_OPINION
Varun Goel of Karvy recommends Indian healthcare delivery sector for long term growth. Hospital chains expanding across tiers. Medical tourism recovery accelerating.,MARKET_OPINION
Ashwini Kumar Tewari of SBI Funds sees banking credit growth remaining robust. Corporate capex cycle turning supportive. Asset quality stable across segments.,MARKET_OPINION
Saurabh Pant of DVS Advisors bullish on Indian packaging companies serving FMCG sector. Volume growth tied to consumption recovery. Sustainability driving innovation.,MARKET_OPINION
Vinit Bolinjkar of Ventura recommends Indian auto component exporters for China plus one theme. Global OEM relationships deepening. Quality certifications providing moat.,MARKET_OPINION
Midcap index plunges 1000 points erasing month gains in single session. Liquidity concerns trigger broad selloff. FII outflows accelerate.,BREAKING_NEWS
Indian government bond yields spike 30 basis points after fiscal deficit concerns emerge. RBI announces special OMO to stabilize market. Short term rates surge.,BREAKING_NEWS
Major Indian bank faces technical outage affecting millions of UPI transactions. Customers unable to access funds. RBI seeks explanation from management.,BREAKING_NEWS
Crude oil crashes 12 percent after surprise inventory build reported. Demand destruction fears grip markets. OMC stocks rally on margin improvement hopes.,BREAKING_NEWS
Nifty IT index surges 6 percent after positive commentary from US tech giants. TCS and Infosys hit circuit limits. Deal pipeline commentary encouraging.,BREAKING_NEWS
Indian rupee falls 2 percent in single session as dollar strengthens globally. RBI unable to stem decline despite intervention. Importers scramble for cover.,BREAKING_NEWS
Bitcoin surges past 70000 dollars setting new all-time high on ETF flow momentum. Cryptocurrency market cap exceeds 2.5 trillion. Altcoin rally intensifies.,BREAKING_NEWS
Major Indian infrastructure company wins landmark 30000 crore contract. Stock surges upper circuit. Sector sentiment turns bullish on news.,BREAKING_NEWS
Sensex posts largest single day gain in five years rising 2000 points. FII buying returns aggressively. All sectoral indices close firmly positive.,BREAKING_NEWS
RBI announces liquidity injection of 1 lakh crore through long term repo operations. Banking stocks rally on funding cost relief. Bond yields soften.,BREAKING_NEWS
Major Indian conglomerate announces demerger of financial services business. Stock surges 10 percent on unlocking potential. Sector rerating expected.,BREAKING_NEWS
Gold prices crash 5 percent as dollar strengthens sharply on Fed commentary. Safe haven trade reverses. Silver falls 7 percent.,BREAKING_NEWS
Nifty crosses 24000 level for first time as rally continues unabated. Sensex above 79000 mark. Retail euphoria reaches new highs.,BREAKING_NEWS
Chinese yuan devaluation triggers 3 percent fall in Asian currencies overnight. Regional central banks intervene heavily. Risk assets under pressure.,BREAKING_NEWS
Major Indian pharma company receives FDA approval for blockbuster generic drug. Stock surges 15 percent. Sector sentiment improves.,BREAKING_NEWS
Cryptocurrency stablecoin regains dollar peg after emergency measures announced. Market stabilizes after volatile 24 hours. Bitcoin recovers losses.,BREAKING_NEWS
Indian government announces massive infrastructure spending plan in interim budget. Infra stocks surge across board. Cement and steel rally.,BREAKING_NEWS
European Central Bank announces surprise rate cut citing growth concerns. Global risk appetite improves. Emerging market currencies strengthen.,BREAKING_NEWS
Major Indian IT company announces billion dollar deal win from US financial services client. Stock hits all-time high. Peer companies also rally.,BREAKING_NEWS
Nifty smallcap index posts worst monthly decline in three years falling 12 percent. Quality rotation accelerates. Retail sentiment turns cautious.,BREAKING_NEWS
India petroleum product consumption rises 5.8 percent year on year in January signaling economic activity strength. Diesel and petrol both show growth.,DATA_RELEASE
US Empire State manufacturing index falls to minus 2.4 in January from minus 14.5 prior. Activity still contracting but improving.,DATA_RELEASE
China foreign direct investment falls 8.0 percent year on year in 2023 to 163 billion dollars. Geopolitical tensions affecting inflows.,DATA_RELEASE
India mutual fund AUM crosses 52 lakh crores in January with equity funds driving growth. SIP contributions at record monthly high.,DATA_RELEASE
Eurozone industrial production falls 0.1 percent month on month in November below expectations. Manufacturing weakness persists.,DATA_RELEASE
Japan producer prices rise 0.2 percent year on year in December slowing from prior months. Input cost pressures easing gradually.,DATA_RELEASE
India passenger air traffic rises 15 percent year on year in January to 14.5 million passengers. Domestic sector fully recovered.,DATA_RELEASE
US Michigan consumer sentiment rises to 78.8 in January from 69.7 beating estimates. Inflation expectations decline significantly.,DATA_RELEASE
India coal imports fall 12 percent year on year in December to 18 million tonnes. Domestic production growth reducing import dependence.,DATA_RELEASE
Australia consumer price index rises 4.1 percent year on year in Q4 below expectations. Disinflation accelerating faster than forecast.,DATA_RELEASE
SEBI framework for REITs distribution and valuation requirements explained. Minimum quarterly distributions from rental income mandatory. Independent valuer appointment norms.,EXPLANATORY
Understanding the RBI framework for payment aggregator licensing and net worth requirements. Escrow account maintenance mandatory. Fraud monitoring systems required.,EXPLANATORY
How the new Income Tax provisions for capital gains taxation work for different asset classes. Holding period definitions and indexation benefits explained.,EXPLANATORY
FEMA regulations on joint venture and wholly owned subsidiary investments abroad. Automatic route limits and approval requirements specified clearly.,EXPLANATORY
Understanding the Companies Act provisions for corporate social responsibility committee composition. Board member requirements and spending calculations explained.,EXPLANATORY
RBI guidelines on ATM interchange fee structure and customer charges explained. Free transaction limits and additional charges specified. Dispute resolution process.,EXPLANATORY
How the Insolvency Code provisions for avoidance transactions work against preferential transfers. Look back period and burden of proof requirements explained.,EXPLANATORY
IRDAI regulations on group insurance policy master policyholder responsibilities. Premium collection and claims intimation procedures specified clearly.,EXPLANATORY
Understanding the SEBI provisions for promoter reclassification and exit requirements. Lock-in relaxation and declassification procedures explained.,EXPLANATORY
RBI framework for satellite banking and business correspondent arrangements. Permissible activities and supervision requirements specified.,EXPLANATORY
How the Consumer Protection Act provisions for mediation settlement work. Mediation cell formation and settlement recording procedures explained.,EXPLANATORY
PFRDA guidelines on pension fund portfolio composition and investment limits. Equity and debt allocation bands specified. Government securities requirements.,EXPLANATORY
Understanding the GST provisions for place of supply determination for services. Inter-state and intra-state classification rules explained clearly.,EXPLANATORY
RBI regulations on loan origination system audit and risk management requirements. Third party origination guidelines and compliance framework specified.,EXPLANATORY
How the Trademark Act provisions for well-known trademark recognition work. Criteria for well-known status and protection scope explained.,EXPLANATORY
SEBI framework for proxy advisory firm registration and regulation explained. Disclosure requirements and conflict management norms specified.,EXPLANATORY
Understanding the Foreign Trade Policy provisions for advance authorization scheme. Duty exemption and export obligation fulfillment requirements explained.,EXPLANATORY
RBI guidelines on standing deposit facility rate and corridor management explained. Interest rate transmission mechanism through policy rates.,EXPLANATORY
How the Securities Act provisions for collective investment schemes regulation work. Registration and disclosure requirements for scheme operators specified.,EXPLANATORY
IRDAI regulations on persistency requirements and agent commission structures. Renewal premium collection incentives and clawback provisions explained.,EXPLANATORY
Renewable energy stocks gain on capacity addition targets. Adani Green rises 3 percent while Tata Power gains 2 percent. Policy support continues.,DESCRIPTIVE
Consumer electronics stocks trade mixed on demand outlook. Dixon rises 1 percent while Amber falls 0.5 percent. Seasonality affecting sentiment.,DESCRIPTIVE
Logistics stocks end firm on volume growth indicators. BlueDart rises 1.5 percent while TCI gains 1 percent. E-commerce driving demand.,DESCRIPTIVE
Paint stocks recover from recent lows. Asian Paints rises 1.2 percent while Berger gains 0.8 percent. Demand concerns easing.,DESCRIPTIVE
Staffing companies trade higher on employment growth signals. Teamlease rises 2 percent while Quess gains 1.5 percent. IT hiring stabilizing.,DESCRIPTIVE
Mining stocks rally on commodity price strength. NMDC rises 2.5 percent while Coal India gains 1.5 percent. Volume growth supporting revenues.,DESCRIPTIVE
Tobacco stocks end flat amid regulatory uncertainty. ITC unchanged while Godfrey falls 0.3 percent. Tax concerns persist.,DESCRIPTIVE
Retail stocks trade mixed ahead of festive season. Trent rises 1 percent while V-Mart falls 0.5 percent. Urban demand holding up.,DESCRIPTIVE
Media stocks gain on advertising recovery signs. Network18 rises 2 percent while TV18 gains 1.5 percent. Festive spending helping.,DESCRIPTIVE
Cable stocks trade firm on infrastructure demand. KEI rises 1.8 percent while Polycab gains 1.5 percent. Housing and industrial driving growth.,DESCRIPTIVE
Plywood stocks end higher on real estate activity. Century rises 2 percent while Greenply gains 1.5 percent. Construction demand steady.,DESCRIPTIVE
Crane and heavy equipment stocks rally on capex cycle. Action Construction rises 3 percent while TIL gains 2.5 percent. Infrastructure driving orders.,DESCRIPTIVE
Alcohol stocks trade mixed on state policy concerns. United Spirits falls 0.5 percent while Radico rises 0.8 percent. Premiumization continues.,DESCRIPTIVE
Airline stocks gain on passenger traffic data. InterGlobe rises 2 percent while SpiceJet gains 1.5 percent. Load factors improving.,DESCRIPTIVE
Specialty chemical stocks end firm on export order flow. Aarti Industries rises 2 percent while Fine Organic gains 1.5 percent. China plus one benefiting.,DESCRIPTIVE
Sachin Shah of Emkay Global recommends Indian auto sector for rural recovery play. Two-wheeler volumes bottoming out. Quality OEMs with dealer networks preferred.,MARKET_OPINION
Daljeet Kohli sees opportunity in beaten down Indian midcap stocks. Valuations corrected significantly from peaks. Quality focus essential in selection.,MARKET_OPINION
Nirmal Jain bullish on Indian financial services growth trajectory. Credit penetration still low versus peers. Quality lenders compounding steadily.,MARKET_OPINION
Rajat Rajgarhia of Motilal Oswal recommends Indian hospital chains for structural growth. Medical tourism and insurance driving volumes. Capacity expansion underway.,MARKET_OPINION
Sunil Subramaniam of Sundaram AMC sees Indian bond market offering attractive entry point. Real yields favorable versus history. Duration extension warranted.,MARKET_OPINION
Samit Vartak of SageOne bullish on Indian manufacturing sector transformation. PLI schemes attracting investments. Export competitiveness improving steadily.,MARKET_OPINION
Chirag Setalvad of HDFC AMC recommends balanced approach across market caps currently. Quality focus essential regardless of size. Valuations not stretched.,MARKET_OPINION
Atul Mehra sees Indian cement sector pricing discipline continuing. Capacity utilization improving across regions. Consolidation benefits market leaders.,MARKET_OPINION
Anshul Saigal of Kotak AMC bullish on Indian consumption recovery story. Rural demand showing early signs of improvement. Premium brands gaining share.,MARKET_OPINION
Shridatta Bhandwaldar of Canara Robeco recommends focus on earnings growth stocks. Valuation expansion limited from current levels. Quality execution preferred.,MARKET_OPINION
Neeraj Dewan sees value in Indian power sector transmission companies. Grid infrastructure investment accelerating. Regulatory returns stable.,MARKET_OPINION
Rahul Singh of Tata AMC bullish on Indian PSU banks rerating continuation. Valuations still discounted versus private peers. Asset quality improved significantly.,MARKET_OPINION
Jinesh Gopani of Axis AMC recommends sticking with consistent compounders. Business quality premium essential. Avoid leverage and speculation in selection.,MARKET_OPINION
Manish Sonthalia of Motilal Oswal AMC sees Indian IT services stabilizing. Deal wins improving gradually. Margin pressure easing as wage cycle moderates.,MARKET_OPINION
Sailesh Jain of Nippon recommends Indian pharmaceutical sector for domestic growth story. Chronic therapy segment driving revenues. US generic headwinds priced in.,MARKET_OPINION
Milind Karmarkar sees Indian engineering exporters benefiting from global capex. Order books improving for equipment makers. Currency providing tailwind.,MARKET_OPINION
George Alexander of ICICI Pru sees banking sector NIMs bottoming out. Deposit repricing largely complete. Credit costs normalized for quality names.,MARKET_OPINION
Sunil Shah bullish on Indian specialty chemical sector export potential. Global supply chain diversification benefiting Indian manufacturers. Quality names preferred.,MARKET_OPINION
Amay Hattangadi of Morgan Stanley recommends overweight India in EM allocation. Structural growth story intact. Relative macro stability differentiating factor.,MARKET_OPINION
Ravi Menon of HSBC sees Indian infrastructure sector entering golden decade. Government and private capex both accelerating. Quality execution track record important.,MARKET_OPINION
Vinod Karki of ICICI Securities bullish on Indian defence stocks indigenization theme. Order book visibility extending multi-year. Execution improving across companies.,MARKET_OPINION
Neelotpal Sahai of HSBC AMC recommends Indian consumer discretionary for urban recovery. Premiumization driving growth. Quality brands gaining market share steadily.,MARKET_OPINION
Sailesh Bhan sees Indian hotels entering prolonged upcycle. Supply growth limited while demand recovering. RevPAR gains supporting profitability improvement.,MARKET_OPINION
Viral Berawala of Enam recommends Indian real estate sector for long term investors. Cycle turning favorable after years of consolidation. Quality developers preferred.,MARKET_OPINION
Amit Mantri sees Indian insurance sector compounding opportunity over decade. Protection gap provides long runway. Quality franchises preferred for allocation.,MARKET_OPINION
Dhruv Bhatia of AUM Capital bullish on Indian retail chains expansion story. Organized retail gaining share rapidly. Execution track record differentiating winners.,MARKET_OPINION
Rajat Agarwal of Motilal Oswal recommends Indian chemical sector for export growth. China plus one accelerating sourcing shifts. Specialty segment preferred.,MARKET_OPINION
Sumit Agrawal of SBI Life sees insurance sector benefiting from digitalization. Distribution costs declining with online channels. Product innovation accelerating.,MARKET_OPINION
Vikram Kotak sees Indian logistics sector consolidation benefiting organized players. E-commerce driving volumes. Technology investments creating moats.,MARKET_OPINION
Anil Ghelani of DSP recommends fixed income allocation through target maturity funds. Corporate bond yields attractive. Credit quality focus essential.,MARKET_OPINION
Rajeev Gopal sees Indian paper packaging sector benefiting from sustainability shift. FMCG demand supporting volumes. Capacity expansion underway.,MARKET_OPINION
Sandeep Bhatt of IIFL recommends Indian ETF investing for passive exposure. Cost efficiency and diversification benefits. Broad market indices preferred.,MARKET_OPINION
Jyotivardhan Jaipuria sees Indian markets fairly valued at current levels. Earnings growth key for further upside. Stock specific approach essential.,MARKET_OPINION
Rohit Srivastava sees technical breakout levels approaching for Indian indices. Momentum building after consolidation. Support levels defined clearly.,MARKET_OPINION
Mihir Vora of Max Life bullish on Indian equities for retirement portfolios. Long term compounding potential intact. Diversified allocation recommended.,MARKET_OPINION
Vinay Paharia of PGIM recommends Indian large caps for stability in portfolios. Volatility likely to remain elevated. Quality focus provides downside protection.,MARKET_OPINION
Shyamsunder Bhat of Exide Life sees Indian bond yields attractive for liability matching. Corporate spreads compensating for credit risk. Duration matching important.,MARKET_OPINION
Navneet Agarwal of Motilal Oswal bullish on Indian textile exporters. Order flow improving from global brands. Working capital position strengthened.,MARKET_OPINION
Raghav Iyengar sees Indian NBFCs well positioned for credit growth. Co-lending partnerships expanding reach. Asset quality stable across segments.,MARKET_OPINION
Shreyash Devalkar of Axis AMC recommends Indian consumption theme for long term investors. Rural recovery providing uplift. Urban demand resilient.,MARKET_OPINION
Cryptocurrency markets stabilize after week of extreme volatility. Bitcoin holds above 45000 dollars. Trading volumes normalize.,BREAKING_NEWS
RBI announces special window for stressed infrastructure projects. Banks provided flexibility on restructuring. Bond market reacts positively.,BREAKING_NEWS
Major Indian steel company announces merger with smaller peer. Combined entity becomes second largest producer. Consolidation theme continues.,BREAKING_NEWS
Nifty Pharma index surges 5 percent on positive FDA inspection outcomes. Multiple companies receive approvals. Sector sentiment improves.,BREAKING_NEWS
Indian government announces capital infusion of 20000 crores for PSU banks. Bank stocks rally across board. Asset quality concerns addressed.,BREAKING_NEWS
Major global tech company announces India data center investment of 3 billion dollars. Tech ecosystem stocks rally. Employment boost expected.,BREAKING_NEWS
Crude oil plunges below 70 dollars on demand destruction fears. OMC stocks surge on marketing margin hopes. Inflation concerns ease.,BREAKING_NEWS
Nifty Auto index hits record high as EV transition optimism builds. Tata Motors and M&M lead gains. Component makers follow.,BREAKING_NEWS
Bitcoin options expiry triggers 500 million dollar liquidation. Price volatility spikes temporarily. Market recovers within hours.,BREAKING_NEWS
Major Indian airline announces order for 200 Boeing aircraft worth 30 billion dollars. Stock surges 8 percent. Aviation sector sentiment positive.,BREAKING_NEWS
RBI governor resignation rumors trigger market volatility. Central bank denies reports. Markets recover after clarification.,BREAKING_NEWS
Indian rupee strengthens below 82 against dollar after strong GDP data. RBI buying dollars to cap appreciation. Exporters benefit.,BREAKING_NEWS
Sensex achieves longest winning streak in decade with 10 consecutive positive sessions. FII inflows driving rally. Retail participation elevated.,BREAKING_NEWS
Major Indian bank announces merger of two subsidiaries. Stock rises 5 percent on synergy expectations. Integration timeline announced.,BREAKING_NEWS
Global bond selloff triggers flight from emerging market assets. Indian yields spike 20 basis points. FII outflows from debt accelerate.,BREAKING_NEWS
Cryptocurrency whale moves 2 billion dollars of Bitcoin triggering speculation. Price volatility increases. Market watches for selling pressure.,BREAKING_NEWS
Indian government announces surprise increase in import duty on electronics. Domestic manufacturers rally sharply. PLI beneficiaries gain.,BREAKING_NEWS
Major rating agency upgrades India sovereign outlook to positive. Bond yields fall on news. Rupee strengthens against dollar.,BREAKING_NEWS
Nifty Metal index crashes 6 percent on China demand concerns. Steel and aluminum stocks hit hard. Global commodity selloff continues.,BREAKING_NEWS
Bitcoin hashrate reaches all-time high signaling network strength. Mining difficulty increases further. Price responds positively.,BREAKING_NEWS
SEBI framework for social stock exchange registration and listing requirements. Non-profit organizations can raise funds through exchange. Impact reporting norms specified.,EXPLANATORY
Understanding the RBI framework for gold monetization scheme for banks. Gold deposit acceptance and interest payment norms specified. Melting and assaying requirements.,EXPLANATORY
How the new Consumer Protection Act provisions for misleading advertisements work. Endorser liability and penalty provisions explained. Complaint filing procedures specified.,EXPLANATORY
FEMA regulations on establishment of branch office and liaison office in India. Permissible activities and reporting requirements specified. RBI approval process explained.,EXPLANATORY
Understanding the Companies Act provisions for one person company conversion and limits. Threshold criteria and cooling off requirements specified. Compliance obligations defined.,EXPLANATORY
RBI guidelines on classification of frauds and reporting timelines for banks. Fraud categories and investigation requirements specified. RBI reporting formats defined.,EXPLANATORY
How the Insolvency Code provisions for operational creditor petitions work. Demand notice format and timeline requirements explained. NCLT admission criteria specified.,EXPLANATORY
IRDAI regulations on standard individual health insurance product features. Mandatory coverage items and exclusion limits specified. Premium calculation methodology.,EXPLANATORY
Understanding the SEBI provisions for public issue advertisement guidelines. Disclosure requirements and prohibited statements explained. Media placement norms specified.,EXPLANATORY
RBI framework for overseas branch operations of Indian banks explained. Capital requirements and operational guidelines specified. Regulatory coordination norms.,EXPLANATORY
How the Environmental Clearance process under EIA notification works for projects. Screening and scoping procedures explained. Public hearing requirements specified.,EXPLANATORY
PFRDA guidelines on withdrawal and partial withdrawal from NPS before retirement. Eligible purposes and documentation requirements specified. Tax treatment explained.,EXPLANATORY
Understanding the GST provisions for e-way bill generation and compliance. Distance and value thresholds specified. Validity and extension procedures explained.,EXPLANATORY
RBI regulations on opening of current accounts and credit discipline requirements. Bank selection norms for borrowers specified. Information sharing framework.,EXPLANATORY
How the Securities Act provisions for collective investment scheme regulation work. Registration requirements and investor protection norms specified.,EXPLANATORY
SEBI framework for mutual fund distributor registration and compliance. AMFI certification and code of conduct requirements specified. Commission disclosure norms.,EXPLANATORY
Understanding the Income Tax provisions for taxation of virtual digital assets. Flat rate taxation and TDS requirements explained. Loss set-off restrictions specified.,EXPLANATORY
RBI guidelines on tokenization of card transactions and security requirements. Token generation and life cycle management explained. Merchant compliance obligations.,EXPLANATORY
How the Patent Act provisions for patent opposition proceedings work. Pre-grant and post-grant opposition procedures explained. Timeline requirements specified.,EXPLANATORY
IRDAI regulations on linked insurance products transparency and disclosure. Benefit illustration format and assumptions specified. Charges disclosure norms.,EXPLANATORY
PVC pipe stocks rally on housing and agriculture demand. Supreme Industries rises 2.5 percent while Astral gains 2 percent. Margin improvement continuing.,DESCRIPTIVE
Fire safety equipment stocks gain on compliance enforcement. Minimax rises 3 percent on regulatory tailwinds. Building code enforcement tightening.,DESCRIPTIVE
Industrial gas stocks trade higher on manufacturing recovery. Linde India rises 2 percent while Praxair gains 1.5 percent. Demand broad based.,DESCRIPTIVE
Seed and agrochemical stocks trade firm on sowing season outlook. Kaveri Seeds rises 2.5 percent while UPL gains 1.5 percent. Weather favorable.,DESCRIPTIVE
Pump stocks rally on irrigation spending announcements. CRI Industrial rises 3 percent while Kirloskar gains 2 percent. Farm mechanization accelerating.,DESCRIPTIVE
Ball bearing stocks end higher on auto demand outlook. SKF rises 1.5 percent while FAG gains 1.2 percent. Replacement demand steady.,DESCRIPTIVE
Transformer stocks gain on transmission capex acceleration. Voltamp rises 3 percent while CG Power gains 2.5 percent. Order books strong.,DESCRIPTIVE
Ceramic tile stocks trade firm on real estate activity. Somany rises 2 percent while Orient Bell gains 1.5 percent. Housing demand supporting.,DESCRIPTIVE
Battery stocks rally on EV adoption acceleration. Amara Raja rises 2.5 percent while Exide gains 2 percent. Technology investments continuing.,DESCRIPTIVE
Valve and pipe fitting stocks end higher on industrial demand. Kirloskar Ferrous rises 2 percent while Electrosteel gains 1.5 percent.,DESCRIPTIVE
Elevator stocks trade firm on commercial construction activity. Kone rises 2 percent while Otis gains 1.5 percent. Maintenance revenues steady.,DESCRIPTIVE
Lubricant stocks end mixed on crude price volatility. Castrol rises 0.5 percent while Gulf Oil falls 0.3 percent. Volume growth moderate.,DESCRIPTIVE
Forging stocks gain on auto production ramp up. Bharat Forge rises 2 percent while Ramkrishna Forgings gains 1.8 percent. Export orders improving.,DESCRIPTIVE
Abrasive stocks trade higher on industrial demand. Carborundum rises 2 percent while Grindwell gains 1.5 percent. Capacity utilization improving.,DESCRIPTIVE
Fan stocks end firm on summer demand expectations. Crompton rises 1.5 percent while Havells gains 1 percent. Rural penetration increasing.,DESCRIPTIVE
Wire rod stocks rally on construction activity. Shyam Metalics rises 2.5 percent while Sarda Energy gains 2 percent. Capacity expansion underway.,DESCRIPTIVE
Lock and security stocks trade higher on housing demand. Godrej Locking rises 2 percent on real estate recovery. Smart lock adoption increasing.,DESCRIPTIVE
Furniture stocks end mixed on discretionary spending concerns. Greenply rises 0.5 percent while Century falls 0.3 percent. Unorganized competition persists.,DESCRIPTIVE
Fastener stocks gain on auto production growth. Sundram Fasteners rises 2 percent while Lakshmi Precision gains 1.5 percent. Export demand steady.,DESCRIPTIVE
Insulation stocks trade higher on industrial capex cycle. Lloyd Insulations rises 3 percent on project wins. Infrastructure driving demand.,DESCRIPTIVE
Nifty futures gap down 300 points in early trade after surprise China GDP miss. Asian markets under pressure. Risk-off sentiment dominates.,BREAKING_NEWS
Major Indian telecom operator announces tariff hike effective immediately. Stock surges 8 percent on revenue growth hopes. Sector peers follow suit.,BREAKING_NEWS
RBI announces enhanced limits for UPI transactions to 5 lakh rupees. Digital payments stocks rally. Adoption acceleration expected.,BREAKING_NEWS
Cryptocurrency Ethereum completes major network upgrade successfully. Gas fees decline significantly. Developer activity surges on news.,BREAKING_NEWS
Indian government announces disinvestment of 10 percent stake in major PSU. Stock falls on supply concerns. Market absorption key focus.,BREAKING_NEWS
Nifty Bank index crosses 52000 mark for first time in history. Private banks lead advance. Credit growth optimism driving rally.,BREAKING_NEWS
Major global fund announces 2 billion dollar India dedicated fund launch. Inflows expected to accelerate. Market sentiment improves significantly.,BREAKING_NEWS
Bitcoin mining difficulty reaches all-time high after hashrate surge. Network security strengthens further. Mining profitability under pressure.,BREAKING_NEWS
Indian rupee breaches 81 level against dollar on strong portfolio inflows. RBI active in market. Exporters face competitiveness concerns.,BREAKING_NEWS
Sensex crashes 1500 points intraday before recovering 1000 points. Volatility index spikes sharply. Retail traders caught in whipsaw.,BREAKING_NEWS
Major Indian pharma company announces landmark acquisition of US firm. Stock hits upper circuit. Sector consolidation accelerates.,BREAKING_NEWS
Crude oil surges above 90 dollars on OPEC supply cut extension. OMC stocks plunge on margin squeeze fears. Inflation concerns resurface.,BREAKING_NEWS
Nifty IT index posts best weekly gain in two years rising 8 percent. Deal momentum commentary encouraging. Recession fears overdone.,BREAKING_NEWS
Global markets rally after Fed chair hints at policy pivot. Emerging market currencies strengthen. Risk appetite improves significantly.,BREAKING_NEWS
Major Indian bank reports highest ever quarterly profit. Stock surges 6 percent. Asset quality at best level in decade.,BREAKING_NEWS
Bitcoin breaks 75000 dollars setting new all-time high. ETF inflows reach record levels. Cryptocurrency market cap exceeds 3 trillion.,BREAKING_NEWS
Indian government bond inclusion in global index triggers massive inflows. Yields fall 30 basis points. Rupee appreciates significantly.,BREAKING_NEWS
Nifty Realty index surges 10 percent after policy announcement on affordable housing. Developer stocks hit circuit limits across board.,BREAKING_NEWS
Major cryptocurrency exchange announces withdrawal halt citing technical issues. Bitcoin dips 5 percent on concerns. FUD spreads across market.,BREAKING_NEWS
Sensex posts biggest single month gain in five years rising 4000 points. FII buying reaches record levels. Retail euphoria at peak.,BREAKING_NEWS
SEBI framework for infrastructure investment trusts disclosure and distribution requirements. Quarterly distributions mandatory from operating income. Valuation norms specified.,EXPLANATORY
Understanding the RBI framework for retail digital rupee pilot and merchant onboarding. Transaction limits and settlement procedures explained. Wallet interoperability defined.,EXPLANATORY
How the new Labor Code provisions for social security contributions work for gig workers. Platform responsibility and contribution rates specified. Benefit entitlements explained.,EXPLANATORY
FEMA regulations on downstream investment by Indian companies with foreign investment. Prior approval requirements and reporting obligations specified clearly.,EXPLANATORY
Understanding the Companies Act provisions for variation of shareholder rights and class actions. Threshold requirements and procedural compliance explained. NCLT jurisdiction defined.,EXPLANATORY
RBI guidelines on interest rate futures trading and hedging requirements for banks. Position limits and margin requirements specified. Reporting obligations defined.,EXPLANATORY
How the Insolvency Code provisions for resolution applicant eligibility work. Disqualification criteria and connected person definition explained. Section 29A compliance.,EXPLANATORY
IRDAI regulations on health insurance standardization and portability procedures. Waiting period credits and exclusion harmonization explained. Timeline requirements specified.,EXPLANATORY
Understanding the SEBI provisions for offer for sale through stock exchange mechanism. Price discovery and allocation methodology explained. Disclosure requirements defined.,EXPLANATORY
RBI framework for video KYC and digital customer onboarding procedures. Liveness detection and geotagging requirements specified. Audit trail obligations defined.,EXPLANATORY
How the Consumer Protection Act provisions for product recall procedures work. Manufacturer obligations and compensation mechanisms explained. Regulatory enforcement framework.,EXPLANATORY
PFRDA guidelines on fund manager change and switching procedures in NPS. Frequency limits and processing timelines specified. NAV application explained.,EXPLANATORY
Understanding the GST provisions for composition scheme eligibility and compliance. Turnover limits and quarterly return requirements explained. Input tax credit restrictions.,EXPLANATORY
RBI regulations on lending against gold ornaments and jewelry. LTV ratio and valuation norms specified. Auctioning procedures for defaults defined.,EXPLANATORY
How the Trademark Act provisions for geographical indication protection work. Registration requirements and infringement remedies explained. Authorized user framework.,EXPLANATORY
SEBI framework for independent director databank and certification requirements. Proficiency test and online registration procedures explained. Exemption categories specified.,EXPLANATORY
Understanding the Foreign Trade Policy provisions for status holder benefits and recognition. Export performance criteria and incentive eligibility explained. Application procedures.,EXPLANATORY
RBI guidelines on bulk deposit classification and interest rate freedom for banks. Threshold definitions and pricing flexibility explained. Disclosure requirements specified.,EXPLANATORY
How the Patent Act provisions for working statement filing work for patent holders. Annual return requirements and compulsory licensing triggers explained.,EXPLANATORY
IRDAI regulations on insurance repository and electronic policy issuance. Account opening procedures and policy conversion explained. Claim settlement through repository.,EXPLANATORY
Understanding the SEBI provisions for block deal window trading mechanism. Price band and minimum order size requirements explained. Disclosure obligations specified.,EXPLANATORY
RBI framework for priority sector lending certificate trading and pricing. Validity periods and settlement procedures explained. Bank compliance monitoring.,EXPLANATORY
How the Companies Act provisions for director identification number work. Application procedures and lifetime validity explained. Deactivation and reactivation norms.,EXPLANATORY
FEMA regulations on overseas investment by resident individuals in foreign securities. LRS limits and reporting requirements explained. Prohibited transactions specified.,EXPLANATORY
Understanding the GST provisions for tax deducted at source by government entities. Threshold limits and return filing requirements explained. Credit availability mechanism.,EXPLANATORY
RBI guidelines on asset reconstruction company operations and management. Capital requirements and acquisition procedures explained. Trust structure regulations.,EXPLANATORY
Industrial valve stocks trade higher on petrochemical capex cycle. KSB Pumps rises 2 percent while Thermax gains 1.5 percent. Order visibility improving.,DESCRIPTIVE
Switchgear stocks gain on electrification theme. Havells rises 1.5 percent while Siemens gains 1 percent. Distribution infrastructure investment accelerating.,DESCRIPTIVE
Refractory stocks end firm on steel sector demand. RHI Magnesita rises 2.5 percent on capacity utilization gains. Export orders improving.,DESCRIPTIVE
Sugar stocks rally on favorable cane pricing outlook. Balrampur rises 3 percent while Dhampur gains 2.5 percent. Ethanol blending supporting revenues.,DESCRIPTIVE
Textile machinery stocks trade higher on capex recovery signals. Lakshmi Machine rises 2 percent on order book improvement. Exports driving demand.,DESCRIPTIVE
Buy HDFC Bank target price 1850 says ICICI Securities in latest research note. Valuation attractive after recent correction with strong fundamentals supporting upgrade.,MARKET_OPINION
Buy Tejas Networks target 1100 recommends Emkay Global Financial citing order book growth. Company well positioned for 5G infrastructure spending acceleration.,MARKET_OPINION
Buy Bajaj Finance target 9000 says Emkay Global Financial after strong quarterly results. Asset quality improvement and loan growth supporting bullish outlook.,MARKET_OPINION
Reduce Persistent Systems target 3700 recommends Emkay on valuation concerns. Stock trading at premium despite margin pressure in recent quarters.,MARKET_OPINION
Sell Infosys target 1400 says Goldman Sachs citing deal pipeline weakness. Discretionary spending cuts impacting large deal momentum negatively.,MARKET_OPINION
Hold TCS target 4200 maintains Morgan Stanley after inline quarterly performance. Attrition stabilizing but revenue growth outlook remains muted near term.,MARKET_OPINION
Buy Reliance Industries target 3200 says JP Morgan on retail and telecom strength. Jio subscriber additions and store expansion driving growth visibility.,MARKET_OPINION
Accumulate SBI target 850 recommends Motilal Oswal on improving asset quality. NPA ratios declining while credit growth remains robust across segments.,MARKET_OPINION
Neutral Maruti Suzuki target 12500 maintains Citi on competitive intensity concerns. Market share pressure from new entrants impacting pricing power.,MARKET_OPINION
Outperform Axis Bank target 1250 upgrades CLSA after strong loan growth. NIM expansion and fee income growth supporting earnings trajectory positively.,MARKET_OPINION
Buy Tata Motors target 1100 says Jefferies on JLR margin improvement. EV transition and luxury positioning supporting premium valuations.,MARKET_OPINION
Sell Paytm target 400 maintains UBS on profitability concerns. Path to sustainable unit economics unclear despite revenue growth.,MARKET_OPINION
Buy HCL Tech target 1800 recommends Nomura on deal wins acceleration. Large deals improving visibility while margins remain stable.,MARKET_OPINION
Add ICICI Bank target 1350 says Kotak Securities citing best in class asset quality. Return ratios improving with credit costs normalized.,MARKET_OPINION
Buy Wipro target 600 upgrades Barclays on turnaround signs. New CEO strategy showing early results in deal momentum.,MARKET_OPINION
Hold Sun Pharma target 1900 maintains Credit Suisse on US pricing headwinds. Specialty portfolio growth offsetting generic pressure.,MARKET_OPINION
Buy L&T target 4000 says HSBC on infrastructure order book strength. Government capex acceleration driving multi-year visibility.,MARKET_OPINION
Reduce Asian Paints target 2800 recommends Bernstein on margin pressure. Input costs and competition impacting profitability outlook.,MARKET_OPINION
Buy ITC target 550 says Deutsche Bank on cigarette volume recovery. FMCG and hotels businesses adding diversification value.,MARKET_OPINION
Sell Zomato target 120 maintains Macquarie on profitability timeline concerns. Quick commerce losses weighing on consolidated financials.,MARKET_OPINION
Brookfield India REIT Q3 net operating income rises 14 percent year on year to 540 crore rupees. Leasing activity at 1.2 million square feet with 17 percent rental escalation achieved.,DATA_RELEASE
Tata Steel Q3 consolidated net profit falls 38 percent year on year to 522 crore rupees. Revenue declines 4 percent to 55680 crores on weak realizations.,DATA_RELEASE
Infosys Q3 revenue grows 5.6 percent year on year to 41764 crore rupees in constant currency terms. Net profit rises 12 percent to 6806 crores beating estimates.,DATA_RELEASE
HDFC Bank Q3 net profit rises 17 percent year on year to 16736 crore rupees. Net interest income grows 10 percent to 30650 crores on loan expansion.,DATA_RELEASE
Reliance Industries Q3 EBITDA rises 8 percent year on year to 47799 crore rupees. Retail revenue grows 18 percent while refining margins moderate.,DATA_RELEASE
TCS Q3 revenue grows 5.5 percent year on year to 63973 crore rupees. Net profit rises 12 percent to 12380 crores with margin expansion.,DATA_RELEASE
SBI Q3 net profit rises 84 percent year on year to 18331 crore rupees. Net interest income grows 21 percent on strong credit growth.,DATA_RELEASE
HUL Q3 revenue rises 2 percent year on year to 15511 crore rupees. Volume growth remains flat amid rural demand softness.,DATA_RELEASE
ICICI Bank Q3 net profit grows 18 percent year on year to 11792 crore rupees. Asset quality improves with gross NPA at 2.15 percent.,DATA_RELEASE
Maruti Suzuki Q3 net profit rises 16 percent year on year to 3727 crore rupees. Revenue grows 14 percent on strong SUV demand.,DATA_RELEASE
Bajaj Finance Q3 AUM grows 26 percent year on year to 330000 crore rupees. Net profit rises 20 percent to 4308 crores on loan book expansion.,DATA_RELEASE
Wipro Q3 IT services revenue falls 1.2 percent quarter on quarter to 22319 crore rupees. Margins improve 40 basis points on cost optimization.,DATA_RELEASE
Axis Bank Q3 net profit rises 18 percent year on year to 6304 crore rupees. Net interest margin stable at 4.01 percent.,DATA_RELEASE
Tech Mahindra Q3 revenue grows 1 percent year on year to 13285 crore rupees. Deal wins at 630 million dollars supporting outlook.,DATA_RELEASE
Kotak Mahindra Bank Q3 net profit rises 10 percent year on year to 3496 crore rupees. Deposit growth at 19 percent outpacing industry.,DATA_RELEASE
UltraTech Cement Q3 EBITDA rises 35 percent year on year to 2842 crore rupees. Volume growth at 11 percent with pricing discipline maintained.,DATA_RELEASE
Nestle India Q3 revenue grows 4 percent year on year to 5104 crore rupees. Domestic sales up 5 percent on volume and mix improvement.,DATA_RELEASE
IndusInd Bank Q3 net profit falls 39 percent year on year to 1401 crore rupees. Provisions rise sharply on microfinance stress.,DATA_RELEASE
Adani Ports Q3 cargo volume rises 7 percent year on year to 110 million tonnes. EBITDA grows 16 percent on operational efficiency.,DATA_RELEASE
JSW Steel Q3 crude steel production rises 4 percent year on year to 6.87 million tonnes. Capacity utilization at 91 percent across facilities.,DATA_RELEASE
Analysts expect Bitcoin to test 100000 dollars by year end as institutional adoption accelerates. ETF inflows providing structural support to prices say strategists.,MARKET_OPINION
Goldman Sachs sees gold reaching 2800 dollars on central bank buying. Safe haven demand and dedollarization trend supporting bullish outlook.,MARKET_OPINION
Morgan Stanley strategists recommend overweight India citing strong earnings growth. Domestic consumption and capex cycle driving market outperformance.,MARKET_OPINION
CLSA analysts bullish on Indian IT services as deal pipeline improves. Large deal wins supporting revenue visibility for top tier companies.,MARKET_OPINION
JP Morgan sees rupee weakening to 85 against dollar on current account concerns. Capital outflows and dollar strength pressuring currency.,MARKET_OPINION
Citi analysts cautious on Indian FMCG valuations despite volume recovery. Sector trading at premium relative to earnings growth outlook.,MARKET_OPINION
Nomura recommends underweight China in EM allocation favoring India. Policy uncertainty and property sector weakness driving rotation.,MARKET_OPINION
UBS strategists see Nifty reaching 25000 by December on earnings momentum. Corporate profit growth exceeding GDP growth supporting rally.,MARKET_OPINION
Barclays analysts bullish on Indian banks as credit costs normalize. NIM pressure offset by loan growth and fee income improvement.,MARKET_OPINION
Credit Suisse sees cement sector entering consolidation phase benefiting leaders. Pricing discipline and demand growth supporting margins.,MARKET_OPINION
India January CPI inflation rises to 5.2 percent year on year from 4.8 percent in December. Food inflation accelerates to 8.4 percent driven by vegetables.,DATA_RELEASE
US December non-farm payrolls rise 256000 beating consensus of 165000. Unemployment rate falls to 4.1 percent from 4.2 percent prior month.,DATA_RELEASE
China Q4 GDP grows 5.4 percent year on year above expectations of 5.0 percent. Full year growth at 5.2 percent meeting government targets.,DATA_RELEASE
India December WPI inflation rises to 2.4 percent from 1.9 percent in November. Manufactured products inflation at 1.8 percent remains benign.,DATA_RELEASE
US December retail sales rise 0.6 percent month on month beating 0.4 percent forecast. Ex-auto sales up 0.7 percent on holiday spending strength.,DATA_RELEASE
Eurozone December inflation rises to 2.4 percent from 2.2 percent on energy base effects. Core inflation steady at 2.7 percent above ECB target.,DATA_RELEASE
India November industrial production grows 5.2 percent year on year beating 4.1 percent estimate. Manufacturing output rises 4.8 percent on consumer goods.,DATA_RELEASE
Japan December core CPI rises 3.0 percent year on year matching expectations. Energy subsidies withdrawal pushing inflation higher.,DATA_RELEASE
UK November GDP grows 0.1 percent month on month versus flat expectation. Services sector drives modest expansion amid manufacturing weakness.,DATA_RELEASE
India forex reserves fall 8.7 billion dollars to 625 billion in week ended January 17. RBI intervention to support rupee draws down reserves.,DATA_RELEASE
Reduce Infosys target 1400 says Goldman Sachs on deal pipeline weakness. Large deal momentum slowing amid client spending cuts pressuring revenue outlook.,MARKET_OPINION
Sell TCS target 3800 recommends Bernstein citing margin headwinds. Wage inflation and utilization decline impacting profitability trajectory.,MARKET_OPINION
Reduce Wipro target 450 says JP Morgan on execution concerns. Turnaround taking longer than expected with market share losses continuing.,MARKET_OPINION
Hold HCL Tech target 1650 maintains Citi after mixed quarterly results. Deal wins offset by margin pressure from investments.,MARKET_OPINION
Neutral Tech Mahindra target 1500 recommends CLSA on restructuring uncertainty. New strategy yet to show results in deal momentum.,MARKET_OPINION
Sell Persistent Systems target 3500 says Macquarie on valuation concerns. Stock trading at premium despite growth deceleration observed.,MARKET_OPINION
Reduce Mphasis target 2400 recommends Nomura citing client concentration risks. Top account volatility impacting revenue predictability.,MARKET_OPINION
Hold Coforge target 6500 maintains Credit Suisse after acquisition integration update. Synergy realization slower than initially guided.,MARKET_OPINION
Sell LTIMindtree target 5000 says Morgan Stanley on competitive pressures. Merger benefits yet to materialize in deal wins.,MARKET_OPINION
Neutral Birlasoft target 700 recommends Jefferies on transformation progress. Digital revenue mix improving but growth moderating.,MARKET_OPINION
Reduce HDFC Life target 600 says UBS on persistency concerns. Surrender rates elevated impacting embedded value growth trajectory.,MARKET_OPINION
Sell SBI Life target 1300 recommends Barclays on bancassurance competition. Market share pressure from private banks intensifying.,MARKET_OPINION
Hold ICICI Prudential target 550 maintains Goldman on product mix shift. Protection growth offset by lower ULIP margins observed.,MARKET_OPINION
Neutral Max Financial target 900 recommends Deutsche Bank on valuation. Stock fairly valued after recent outperformance versus peers.,MARKET_OPINION
Reduce Bajaj Finserv target 1500 says CLSA on insurance subsidiary concerns. General insurance losses impacting consolidated performance.,MARKET_OPINION
Sell Asian Paints target 2600 recommends Bernstein on margin compression. Input cost inflation and competition hurting profitability outlook.,MARKET_OPINION
Reduce Berger Paints target 500 says JP Morgan on volume growth weakness. Rural demand recovery slower than expected impacting sales.,MARKET_OPINION
Hold Pidilite target 2800 maintains Citi on valuation concerns. Premium valuation leaving limited upside despite strong franchise.,MARKET_OPINION
Neutral Havells target 1400 recommends Nomura on competitive intensity. New entrants pressuring market share in key categories.,MARKET_OPINION
Sell Voltas target 1100 says Macquarie on project business challenges. Order delays and cost overruns impacting profitability.,MARKET_OPINION
Reduce Titan target 3200 recommends Credit Suisse on jewelry demand slowdown. Gold price volatility impacting consumer purchases.,MARKET_OPINION
Hold Avenue Supermarts target 4500 maintains Morgan Stanley on expansion pace. Store addition targets ambitious amid real estate constraints.,MARKET_OPINION
Neutral Trent target 5000 says Goldman Sachs on valuation stretch. Growth priced in with limited margin of safety available.,MARKET_OPINION
Sell Page Industries target 40000 recommends UBS on athleisure competition. Market share losses to new entrants continuing steadily.,MARKET_OPINION
Reduce Relaxo Footwear target 800 says Barclays on rural demand weakness. Volume growth disappointing amid input cost pressures.,MARKET_OPINION
Hold Bata India target 1800 maintains CLSA on transformation execution. Premiumization strategy showing mixed results across channels.,MARKET_OPINION
Neutral Jubilant FoodWorks target 550 recommends Jefferies on same store sales. Growth moderating as base effects normalize steadily.,MARKET_OPINION
Sell Westlife Development target 800 says Deutsche Bank on margin pressure. Food cost inflation impacting store level profitability.,MARKET_OPINION
Reduce Devyani International target 180 recommends Nomura on competition intensity. QSR sector becoming crowded with new players entering.,MARKET_OPINION
Hold Sapphire Foods target 1400 maintains JP Morgan on expansion execution. Store rollout targets challenging amid site availability.,MARKET_OPINION
Reduce Sun Pharma target 1600 says Bernstein on US pricing headwinds. Generic price erosion accelerating impacting profitability outlook.,MARKET_OPINION
Sell Cipla target 1300 recommends Macquarie on respiratory segment pressure. Competition in key molecules intensifying globally.,MARKET_OPINION
Hold Dr Reddy target 6000 maintains Goldman Sachs on pipeline progress. Complex generics approvals slower than guided earlier.,MARKET_OPINION
Neutral Lupin target 1800 recommends Credit Suisse on turnaround status. US business stabilizing but growth visibility limited currently.,MARKET_OPINION
Reduce Aurobindo target 1100 says Morgan Stanley on margin pressure. API price deflation impacting vertically integrated model.,MARKET_OPINION
Sell Divi Labs target 3500 recommends UBS on customer concentration risks. Top client dependency creating revenue volatility concerns.,MARKET_OPINION
Hold Torrent Pharma target 2800 maintains Barclays on acquisition integration. Curatio synergies taking time to materialize fully.,MARKET_OPINION
Neutral Alkem Labs target 5500 recommends CLSA on domestic growth moderation. Trade generics segment facing competitive pressures.,MARKET_OPINION
Reduce Gland Pharma target 1600 says Jefferies on order book visibility. Contract manufacturing pipeline weaker than historical levels.,MARKET_OPINION
Sell Natco Pharma target 1000 recommends Nomura on patent cliff exposure. Key product exclusivities ending impacting revenue base.,MARKET_OPINION
Reduce UltraTech target 10000 says Deutsche Bank on demand growth concerns. Housing slowdown impacting cement offtake in key markets.,MARKET_OPINION
Sell Ambuja Cement target 550 recommends JP Morgan on integration challenges. Adani Group acquisition creating execution uncertainty.,MARKET_OPINION
Hold ACC target 2200 maintains Macquarie on pricing discipline questions. Industry supply additions threatening realizations outlook.,MARKET_OPINION
Neutral Shree Cement target 26000 recommends Bernstein on valuation premium. Stock trading above historical averages on all metrics.,MARKET_OPINION
Reduce Dalmia Bharat target 1800 says Goldman Sachs on capacity utilization. New capacity ramp slower than initially anticipated.,MARKET_OPINION
Sell JK Cement target 3500 recommends Credit Suisse on regional concentration. North India exposure limiting diversification benefits.,MARKET_OPINION
Hold Ramco Cements target 900 maintains Morgan Stanley on expansion plans. Capacity addition timeline extended due to approvals delay.,MARKET_OPINION
Neutral India Cements target 250 recommends UBS on restructuring progress. Promoter stake sale uncertainty creating overhang.,MARKET_OPINION
Reduce Birla Corporation target 1200 says Barclays on cost optimization. Operating leverage benefits slower than expected to materialize.,MARKET_OPINION
Sell Heidelberg Cement target 200 recommends CLSA on strategic clarity. Parent company divestment plans creating uncertainty.,MARKET_OPINION
Tata Steel Q3 net profit rises 156 percent year on year to 1297 crore rupees on improved realizations. Revenue grows 6 percent to 57867 crores with EBITDA margin expanding 380 basis points.,DATA_RELEASE
Hindalco Q3 consolidated EBITDA rises 23 percent year on year to 7842 crore rupees. Novelis segment drives growth with aluminum prices supportive of margins.,DATA_RELEASE
JSW Steel Q3 crude steel production rises 8 percent year on year to 6.92 million tonnes. Capacity utilization at 93 percent with volume growth across all facilities.,DATA_RELEASE
Vedanta Q3 EBITDA rises 45 percent year on year to 9456 crore rupees on commodity price strength. Zinc and aluminum segments drive profitability improvement.,DATA_RELEASE
SAIL Q3 net profit turns positive at 463 crore rupees versus loss of 847 crores year ago. Steel realizations improve with cost reduction measures supporting margins.,DATA_RELEASE
NMDC Q3 iron ore production rises 12 percent year on year to 12.8 million tonnes. Sales volume grows 15 percent with average realization stable quarter on quarter.,DATA_RELEASE
Coal India Q3 production rises 9 percent year on year to 205 million tonnes. E-auction realizations up 8 percent supporting revenue growth momentum.,DATA_RELEASE
ONGC Q3 net profit rises 22 percent year on year to 12826 crore rupees. Crude oil realizations higher while gas prices remain capped by government.,DATA_RELEASE
BPCL Q3 net profit falls 58 percent year on year to 2153 crore rupees on marketing margin compression. Refining margins stable but retail losses increase.,DATA_RELEASE
IOC Q3 net profit declines 64 percent year on year to 1794 crore rupees. Marketing losses on auto fuels impact profitability despite steady refining performance.,DATA_RELEASE
HPCL Q3 reports net loss of 2049 crore rupees versus profit of 2748 crores year ago. Marketing losses on controlled fuel prices drive negative performance.,DATA_RELEASE
GAIL Q3 net profit rises 28 percent year on year to 3183 crore rupees. Petrochemical segment drives growth with gas transmission volumes stable.,DATA_RELEASE
Petronet LNG Q3 net profit rises 11 percent year on year to 1250 crore rupees. LNG throughput at Dahej terminal reaches record levels in quarter.,DATA_RELEASE
NTPC Q3 net profit rises 19 percent year on year to 5169 crore rupees. Power generation grows 8 percent with capacity utilization at 79 percent.,DATA_RELEASE
Power Grid Q3 net profit rises 18 percent year on year to 4027 crore rupees. Transmission revenue grows with capitalization of new assets accelerating.,DATA_RELEASE
Adani Power Q3 net profit rises 45 percent year on year to 2947 crore rupees. Merchant power realizations improve with demand growth supporting volumes.,DATA_RELEASE
Tata Power Q3 net profit rises 14 percent year on year to 1076 crore rupees. Renewable capacity additions drive growth with conventional segment stable.,DATA_RELEASE
JSW Energy Q3 net profit rises 38 percent year on year to 587 crore rupees. Capacity utilization improves with merchant power prices supportive.,DATA_RELEASE
NHPC Q3 net profit falls 12 percent year on year to 1543 crore rupees on lower hydro generation. Monsoon deficit impacts water availability at reservoirs.,DATA_RELEASE
Torrent Power Q3 net profit rises 21 percent year on year to 478 crore rupees. Distribution business drives growth with T&D losses declining steadily.,DATA_RELEASE
IndusInd Bank Q3 net profit falls 39 percent year on year to 1401 crore rupees. Microfinance provisions surge impacting profitability with NIM pressure continuing.,DATA_RELEASE
Federal Bank Q3 net profit rises 25 percent year on year to 1057 crore rupees. Net interest income grows 18 percent on strong loan growth momentum.,DATA_RELEASE
Bandhan Bank Q3 net profit falls 41 percent year on year to 721 crore rupees. Asset quality deterioration in microfinance segment drives higher provisions.,DATA_RELEASE
IDFC First Bank Q3 net profit rises 52 percent year on year to 716 crore rupees. Retail loan book grows 25 percent with credit costs normalizing steadily.,DATA_RELEASE
RBL Bank Q3 net profit rises 34 percent year on year to 345 crore rupees. Credit card business drives fee income growth with NIM stable.,DATA_RELEASE
Karnataka Bank Q3 net profit rises 8 percent year on year to 383 crore rupees. Asset quality improves with gross NPA declining 40 basis points.,DATA_RELEASE
South Indian Bank Q3 net profit rises 45 percent year on year to 326 crore rupees. Operating profit grows on NIM expansion and fee income improvement.,DATA_RELEASE
City Union Bank Q3 net profit rises 12 percent year on year to 269 crore rupees. SME lending drives loan book growth with credit costs stable.,DATA_RELEASE
DCB Bank Q3 net profit falls 8 percent year on year to 137 crore rupees. Provisions rise on select corporate accounts impacting bottom line.,DATA_RELEASE
Karur Vysya Bank Q3 net profit rises 28 percent year on year to 440 crore rupees. Retail deposits grow strongly supporting funding cost optimization.,DATA_RELEASE
LIC Housing Q3 net profit rises 14 percent year on year to 1162 crore rupees. Individual loan disbursements grow 18 percent with spread stable.,DATA_RELEASE
Shriram Finance Q3 net profit rises 22 percent year on year to 2028 crore rupees. Vehicle financing volumes grow with asset quality improving steadily.,DATA_RELEASE
Mahindra Finance Q3 net profit rises 28 percent year on year to 697 crore rupees. Rural segment recovers with tractor financing leading growth.,DATA_RELEASE
Cholamandalam Q3 net profit rises 30 percent year on year to 933 crore rupees. Vehicle and home loan segments drive AUM growth momentum.,DATA_RELEASE
Bajaj Housing Finance Q3 net profit rises 42 percent year on year to 564 crore rupees. Loan book grows 32 percent with NIM expansion continuing.,DATA_RELEASE
Poonawalla Fincorp Q3 net profit rises 55 percent year on year to 327 crore rupees. Consumer lending drives growth with credit costs declining.,DATA_RELEASE
L&T Finance Q3 net profit rises 12 percent year on year to 626 crore rupees. Retail lending focus shows results with wholesale book reducing.,DATA_RELEASE
Muthoot Finance Q3 net profit rises 18 percent year on year to 1179 crore rupees. Gold loan AUM grows 16 percent with yield stable.,DATA_RELEASE
Manappuram Finance Q3 net profit rises 8 percent year on year to 452 crore rupees. Microfinance subsidiary drag offsets gold loan growth.,DATA_RELEASE
IIFL Finance Q3 net profit rises 24 percent year on year to 545 crore rupees. Home loan and gold loan segments drive AUM expansion.,DATA_RELEASE
Underweight Indian equities recommends BlackRock citing valuation concerns. Earnings growth not justifying premium valuations relative to emerging market peers.,MARKET_OPINION
Overweight Indian IT services says Accenture research citing digital transformation demand. Cloud migration and AI spending driving multi-year growth runway.,MARKET_OPINION
Neutral on Indian banks recommends Fitch Ratings on asset quality concerns. Unsecured lending growth creating potential stress points in portfolios.,MARKET_OPINION
Bearish on Indian rupee says Standard Chartered citing current account pressures. Oil import bill and capital outflows weighing on currency outlook.,MARKET_OPINION
Bullish on Indian gold demand says World Gold Council on wedding season strength. Cultural buying and investment demand supporting consumption growth.,MARKET_OPINION
Cautious on Indian real estate recommends Knight Frank on affordability constraints. Price appreciation outpacing income growth in major markets.,MARKET_OPINION
Positive on Indian pharma exports says IQVIA on US generic demand. Patent expirations creating opportunities for Indian manufacturers globally.,MARKET_OPINION
Negative on Indian auto margins recommends JATO Dynamics on EV transition costs. Investment requirements pressuring profitability across OEM sector.,MARKET_OPINION
Constructive on Indian infrastructure says McKinsey citing government spending. Capital expenditure acceleration driving multi-year order visibility.,MARKET_OPINION
Skeptical on Indian startup valuations recommends Sequoia in annual letter. Unit economics focus needed before profitability can be achieved.,MARKET_OPINION
Downgrade Indian consumer discretionary recommends Moody's on spending slowdown. Urban demand fatigue impacting premium segment growth rates.,MARKET_OPINION
Upgrade Indian metals sector says S&P Global on supply constraints. China production cuts supporting global commodity price recovery.,MARKET_OPINION
Maintain underperform on Indian telecom recommends Fitch on ARPU challenges. Tariff hikes needed but competitive dynamics limiting pricing power.,MARKET_OPINION
Reiterate buy on Indian renewable energy says BloombergNEF on policy support. Solar and wind capacity additions exceeding targets set by government.,MARKET_OPINION
Initiate sell on Indian quick commerce recommends Bain on profitability timeline. Cash burn rates unsustainable without significant scale improvements.,MARKET_OPINION
Resume coverage with hold on Indian hotels says STR citing RevPAR plateau. Recovery complete with growth now dependent on new supply absorption.,MARKET_OPINION
Start coverage with buy on Indian defense says Jane's citing indigenization. Make in India push creating decades long opportunity for domestic players.,MARKET_OPINION
Maintain overweight on Indian chemicals recommends CRISIL on China plus one. Supply chain diversification benefiting Indian specialty chemical manufacturers.,MARKET_OPINION
Downgrade Indian cement to neutral says India Ratings on demand concerns. Housing slowdown and price competition impacting sector outlook.,MARKET_OPINION
Upgrade Indian aviation to buy recommends CAPA citing demand recovery. Passenger traffic growth exceeding capacity additions supporting yields.,MARKET_OPINION
China January CPI rises 0.5 percent year on year below expectations of 0.8 percent. Consumer demand remains weak despite stimulus measures announced.,DATA_RELEASE
Germany Q4 GDP contracts 0.3 percent quarter on quarter missing flat forecast. Manufacturing weakness drags economy into technical recession.,DATA_RELEASE
UK January retail sales rise 0.5 percent month on month beating 0.3 percent estimate. Online sales drive growth amid mild weather conditions.,DATA_RELEASE
Japan December industrial production falls 0.3 percent month on month below estimates. Auto production decline weighs on overall manufacturing output.,DATA_RELEASE
Australia Q4 CPI rises 3.4 percent year on year below 3.7 percent expected. Disinflation continues supporting RBA rate cut expectations.,DATA_RELEASE
Brazil January trade surplus widens to 6.5 billion dollars above 5.2 billion forecast. Agricultural exports drive improvement in external accounts.,DATA_RELEASE
Mexico Q4 GDP grows 0.7 percent quarter on quarter beating 0.5 percent consensus. Services sector drives expansion despite manufacturing moderation.,DATA_RELEASE
South Korea January exports rise 12.8 percent year on year above 10.2 percent estimate. Semiconductor shipments surge on AI demand acceleration.,DATA_RELEASE
Indonesia January inflation at 2.3 percent year on year matching expectations. Food prices stable supporting Bank Indonesia policy stance.,DATA_RELEASE
Thailand Q4 GDP grows 3.2 percent year on year below 3.5 percent forecast. Tourism recovery slower than anticipated amid China demand weakness.,DATA_RELEASE
Nifty tumbles 400 points as global risk sentiment deteriorates sharply. Banking and IT stocks lead decline with FII selling accelerating in afternoon trade.,BREAKING_NEWS
Sensex crashes below 72000 as panic selling grips markets intraday. All sectoral indices deep in red with volatility index spiking sharply.,BREAKING_NEWS
Rupee breaches 84 against dollar as emerging market currencies face pressure. RBI intervention fails to stem decline amid heavy FII outflows.,BREAKING_NEWS
Bitcoin drops below 80000 dollars as crypto markets witness massive liquidations. Over 1 billion dollars in leveraged positions wiped out in hours.,BREAKING_NEWS
Gold surges past 2700 dollars as safe haven demand spikes on geopolitical tensions. Silver follows with 6 percent rally in Asian trading session.,BREAKING_NEWS
Crude oil jumps 7 percent as Middle East supply concerns escalate dramatically. Brent briefly touches 95 dollars before settling at 92 dollars.,BREAKING_NEWS
Adani stocks hit lower circuits across board after fresh allegations emerge. Combined market cap erosion exceeds 40 billion dollars in single session.,BREAKING_NEWS
RBI announces surprise repo rate hike of 25 basis points shocking markets. Bond yields spike 30 basis points on hawkish policy stance.,BREAKING_NEWS
Major IT company announces layoffs affecting 8000 employees globally. Cost optimization measures accelerate amid demand environment weakness.,BREAKING_NEWS
Banking stocks plunge after RBI imposes restrictions on major private lender. Depositors assured safety as central bank monitors situation closely.,BREAKING_NEWS
Nifty futures hit upper circuit at SGX after strong global risk rally overnight. Domestic markets expected to gap up significantly at open.,BREAKING_NEWS
Cryptocurrency exchange suffers security breach with estimated losses of 300 million. Withdrawals suspended as company investigates hack scope.,BREAKING_NEWS
European markets crash 4 percent as banking sector contagion fears spread. Credit default swaps spike to levels not seen since 2008 crisis.,BREAKING_NEWS
Japanese yen surges 3 percent against dollar after BOJ surprise intervention. Currency markets volatile as carry trade positions unwind rapidly.,BREAKING_NEWS
US inflation prints at 4.8 percent versus 4.2 percent expected stunning markets. Treasury yields surge as rate cut expectations evaporate instantly.,BREAKING_NEWS
Reliance stock surges 8 percent after company announces major acquisition. Deal valued at 25000 crores transforms competitive positioning.,BREAKING_NEWS
HDFC Bank shares rally 6 percent after RBI lifts credit card ban. Business restrictions removal supports growth outlook significantly.,BREAKING_NEWS
Pharma stocks surge as FDA grants approval for key Indian company product. Blockbuster drug approval creates 2 billion dollar revenue opportunity.,BREAKING_NEWS
Metal stocks crash as China announces production increase surprising markets. Steel and aluminum prices fall sharply on oversupply concerns.,BREAKING_NEWS
Nifty achieves longest weekly winning streak in decade with seventh consecutive gain. FII buying drives market to all-time highs repeatedly.,BREAKING_NEWS
Sugar stocks rally after government raises ethanol procurement price significantly. Policy support drives sector rerating with 15 percent gains.,BREAKING_NEWS
Aviation stocks plunge after oil prices surge creating margin squeeze concerns. Jet fuel costs threaten profitability recovery for airlines.,BREAKING_NEWS
Real estate stocks surge as government announces stamp duty reduction. Policy boost expected to drive housing demand in coming quarters.,BREAKING_NEWS
Fertilizer stocks rally after subsidy disbursement announcement by government. Working capital concerns ease with timely payments confirmed.,BREAKING_NEWS
PSU bank stocks surge 10 percent after capital infusion announcement. Government support strengthens balance sheets for lending growth.,BREAKING_NEWS
Telecom stocks rally after TRAI announces tariff floor price mechanism. Revenue visibility improves with pricing discipline enforced regulatory.,BREAKING_NEWS
Insurance stocks plunge after IRDAI announces new solvency requirements. Capital needs higher than expected impacting valuations sector wide.,BREAKING_NEWS
NBFC stocks crash after RBI tightens retail lending norms significantly. Risk weights increase impacting growth outlook for lenders.,BREAKING_NEWS
Defense stocks surge after government announces 50000 crore indigenization order. Make in India push benefits domestic manufacturers directly.,BREAKING_NEWS
Cement stocks rally after industry announces coordinated price hikes. Realizations improve with demand growth supporting volume offtake.,BREAKING_NEWS
Indian markets end flat as caution prevails ahead of Federal Reserve decision. Traders await cues on interest rate trajectory for direction.,DESCRIPTIVE
Sensex closes 150 points higher led by banking and auto stocks. Midcap index outperforms benchmark with broad based buying observed.,DESCRIPTIVE
Nifty holds above 22000 level despite mixed global cues overnight. Sectoral rotation visible with defensive sectors seeing profit booking.,DESCRIPTIVE
Rupee ends marginally weaker at 83.45 against dollar in range bound trade. Forex market awaits RBI policy for directional clarity ahead.,DESCRIPTIVE
Gold prices in India trade flat at 62500 rupees tracking global stability. Silver holds steady at 74000 rupees with limited retail demand.,DESCRIPTIVE
Crude oil prices settle lower as demand concerns offset supply risks. Brent closes at 81 dollars with market watching OPEC commentary.,DESCRIPTIVE
FII outflows continue for fifth consecutive session totaling 3200 crores. Domestic institutional investors provide partial offset with purchases.,DESCRIPTIVE
Bond yields edge lower ahead of weekly government securities auction. 10-year benchmark at 7.15 percent with RBI maintaining stable liquidity.,DESCRIPTIVE
IT stocks trade mixed as sector awaits quarterly results from majors. TCS and Infosys flat while midcap names see selective buying.,DESCRIPTIVE
Banking index closes marginally positive with private banks outperforming PSUs. Credit growth data supports sector sentiment near term.,DESCRIPTIVE
Pharma stocks end lower on profit booking after recent sharp gains. US pricing concerns resurface weighing on export oriented names.,DESCRIPTIVE
Auto stocks trade firm ahead of monthly sales data release tomorrow. Two-wheeler segment expected to show recovery signs in numbers.,DESCRIPTIVE
Metal stocks end mixed tracking global commodity price volatility. Steel names gain while aluminum producers face profit booking.,DESCRIPTIVE
FMCG index underperforms as defensive rotation pauses temporarily. Rural demand concerns continue to weigh on sector valuations.,DESCRIPTIVE
Realty stocks extend gains on robust pre-sales data from developers. Housing demand remains strong in major markets supporting outlook.,DESCRIPTIVE
Power stocks trade firm on electricity demand growth data release. Thermal and renewable names both see buying interest from investors.,DESCRIPTIVE
Telecom stocks end flat as market awaits tariff hike clarity. Subscriber additions moderate as industry consolidates post merger.,DESCRIPTIVE
Chemical stocks gain on specialty segment order flow improvement. China plus one theme continues supporting Indian manufacturers.,DESCRIPTIVE
Infrastructure stocks trade higher on government capex allocation expectations. Budget speculation drives sectoral interest ahead of event.,DESCRIPTIVE
Insurance stocks end lower amid profit booking after recent outperformance. Sector valuations at premium creating headwinds near term.,DESCRIPTIVE
RBI introduces new framework for digital lending apps targeting customer protection. Guidelines mandate transparent fee disclosure and grievance redressal mechanisms for fintech lenders operating in India.,EXPLANATORY
SEBI circular explains new rules for mutual fund side pocketing during credit events. Segregated portfolio mechanism protects unit holders from illiquid assets impacting NAV calculations.,EXPLANATORY
Understanding the new GST provisions for e-commerce sellers and marketplace operators. TCS collection at source and return filing requirements explained for online business compliance.,EXPLANATORY
How the Production Linked Incentive scheme works for mobile phone manufacturing. Eligibility criteria and incentive calculation methodology explained for electronics sector participants.,EXPLANATORY
RBI framework for account aggregator ecosystem enables consent based financial data sharing. Banks and fintech companies can access customer information through regulated AA framework.,EXPLANATORY
SEBI regulations on REITs explain investor protection and distribution requirements. Minimum distribution mandates and valuation norms ensure transparency for real estate trust investors.,EXPLANATORY
New labor code provisions consolidate multiple employment laws into unified framework. Social security benefits and working conditions standardized across organized and gig economy sectors.,EXPLANATORY
Understanding the Insolvency and Bankruptcy Code timeline for corporate resolution process. Creditor committee formation and resolution plan approval procedures explained for stakeholders.,EXPLANATORY
IRDAI guidelines on health insurance portability allow policyholders to switch insurers easily. Waiting period credits and pre-existing condition coverage transfer rules specified clearly.,EXPLANATORY
How the FEMA regulations govern overseas direct investment by Indian companies. Automatic route limits and approval requirements for foreign subsidiary establishment explained comprehensively.,EXPLANATORY
RBI norms on priority sector lending require banks to allocate credit to specified sectors. Agriculture MSME and weaker section sub-targets explained with compliance calculation methodology.,EXPLANATORY
SEBI framework for ESG rating providers establishes disclosure and methodology requirements. Rating agencies must follow standardized processes ensuring comparability for sustainable investors.,EXPLANATORY
Understanding the Companies Act provisions for related party transactions and approvals. Audit committee review and shareholder approval thresholds explained for corporate governance compliance.,EXPLANATORY
New PFRDA guidelines explain systematic withdrawal options from NPS at retirement. Annuity purchase requirements and tax treatment of pension benefits clarified for subscribers.,EXPLANATORY
How the Consumer Protection Act provisions create liability for misleading advertisements. Endorser responsibility and penalty framework explained for brands and influencers alike.,EXPLANATORY
RBI guidelines on gold loan LTV ratios cap lending at 75 percent of collateral value. Valuation and auction procedures for defaulted loans specified for regulated lenders.,EXPLANATORY
SEBI regulations on insider trading define connected persons and trading window restrictions. Compliance requirements and disclosure obligations explained for listed company employees.,EXPLANATORY
Understanding the new faceless assessment scheme under Income Tax Act procedures. Electronic communication and video conferencing provisions explained for taxpayer convenience.,EXPLANATORY
How the RERA provisions protect homebuyers from project delays and fund diversion. Escrow account requirements and compensation mechanisms explained for real estate investors.,EXPLANATORY
RBI framework for video KYC enables digital customer onboarding for banks. Liveness detection and geotagging requirements ensure secure remote verification processes.,EXPLANATORY
SEBI guidelines on offer for sale mechanism explain institutional and retail allocation. Price discovery and settlement procedures specified for secondary market block deals.,EXPLANATORY
Understanding the GST input tax credit rules for businesses claiming tax benefits. Invoice matching and reversal provisions explained for working capital optimization.,EXPLANATORY
How the arbitration amendment provisions expedite commercial dispute resolution process. Emergency arbitrator and fast track procedures explained for time sensitive matters.,EXPLANATORY
RBI regulations on co-lending between banks and NBFCs enable partnership based lending. Risk sharing arrangements and pricing transparency requirements specified for participants.,EXPLANATORY
SEBI framework for infrastructure investment trusts explains distribution and leverage norms. Sponsor commitment and asset acquisition procedures specified for InvIT managers.,EXPLANATORY
Understanding the Patent Act provisions for compulsory licensing in public interest. Government can authorize generic production during emergencies affecting access to medicines.,EXPLANATORY
How the Competition Act merger control provisions require CCI approval for combinations. Asset and turnover thresholds explained with timeline for clearance process.,EXPLANATORY
RBI guidelines on classification of advances explain NPA recognition and upgrade criteria. Income recognition and provisioning norms specified for bank credit portfolios.,EXPLANATORY
SEBI regulations on buyback through tender offer route explain pricing and acceptance rules. Escrow requirements and shareholder communication procedures specified comprehensively.,EXPLANATORY
Understanding the FSSAI food safety standards for packaged product labeling requirements. Nutritional information display and allergen warnings mandated for consumer protection.,EXPLANATORY
Why the Federal Reserve policy decision impacts global markets and Indian assets. Interest rate transmission mechanism and dollar strength effects explained for investors.,EXPLANATORY
How cryptocurrency taxation works in India under new virtual digital asset framework. Flat 30 percent tax rate and TDS provisions explained for crypto traders.,EXPLANATORY
Understanding the GIFT City IFSC regulations for offshore financial services operations. Tax benefits and regulatory framework explained for international financial center participants.,EXPLANATORY
RBI framework for digital rupee CBDC pilot explains merchant and consumer use cases. Transaction limits and wallet interoperability specifications for retail payments.,EXPLANATORY
How the new drone regulations under DGCA specify certification and operating requirements. Airspace restrictions and pilot licensing norms explained for commercial operators.,EXPLANATORY
SEBI provisions for investor grievance redressal through SCORES platform explained. Complaint filing and escalation procedures specified with resolution timelines mandated.,EXPLANATORY
Understanding the Negotiable Instruments Act provisions for cheque bounce cases. Criminal liability and compensation mechanisms explained for dishonored instrument holders.,EXPLANATORY
How the Transfer Pricing regulations apply to international transactions between related parties. Arm's length pricing methodology and documentation requirements for MNC compliance.,EXPLANATORY
RBI guidelines on stressed asset resolution outside IBC framework explained. Prudential norms for compromise settlements specified for bank provisioning purposes.,EXPLANATORY
SEBI framework for algorithmic trading requires registration and risk management controls. Kill switch mechanisms and audit trail requirements for automated trading systems.,EXPLANATORY
US Fed holds rates steady at 5.25-5.50 percent citing inflation progress. Powell signals data dependent approach for future decisions as labor market remains tight.,DATA_RELEASE
ECB cuts rates by 25 basis points to 4.0 percent on disinflation progress. Lagarde indicates gradual easing path as growth outlook remains subdued.,DATA_RELEASE
Bank of England holds rates at 5.25 percent with 7-2 vote split. Two members vote for cut as inflation moderates toward target gradually.,DATA_RELEASE
RBI maintains repo rate at 6.5 percent with withdrawal of accommodation stance. Das signals vigilance on inflation while supporting growth momentum.,DATA_RELEASE
Bank of Japan raises rates to 0.25 percent ending negative rate era. Yen strengthens sharply as policy normalization begins after years.,DATA_RELEASE
PBOC cuts one year MLF rate by 10 basis points to 2.4 percent. Stimulus measures intensify as property sector weakness persists.,DATA_RELEASE
Swiss National Bank cuts rates by 25 basis points to 1.5 percent. Franc strength and low inflation support further easing ahead.,DATA_RELEASE
Reserve Bank of Australia holds rates at 4.35 percent as expected. Inflation stickiness warrants patience before considering cuts.,DATA_RELEASE
Bank of Canada cuts rates by 25 basis points to 4.75 percent. Macklem signals measured pace of easing amid soft landing hopes.,DATA_RELEASE
Norges Bank holds rates at 4.5 percent citing inflation concerns. Krone weakness complicating monetary policy decision making process.,DATA_RELEASE
Downgrade ITC to reduce target 420 says HSBC on cigarette volume concerns. Taxation headwinds and ESG pressures weighing on core business outlook.,MARKET_OPINION
Sell Hindustan Unilever target 2200 recommends Societe Generale on competition. New entrants in personal care eroding market share premium positioning.,MARKET_OPINION
Reduce Nestle India target 2300 says BNP Paribas on valuation stretch. Premium priced relative to growth delivery in recent quarters.,MARKET_OPINION
Hold Dabur target 550 maintains Kotak Securities on rural recovery timeline. Ayurvedic segment growth dependent on discretionary spending revival.,MARKET_OPINION
Neutral Marico target 600 recommends Antique Stock Broking on margin pressure. Copra price inflation squeezing profitability in core brands.,MARKET_OPINION
Sell Godrej Consumer target 1200 says Edelweiss on Africa exposure risks. Currency volatility in key markets impacting translated earnings.,MARKET_OPINION
Reduce Britannia target 5000 recommends Prabhudas Lilladher on input costs. Wheat and palm oil inflation pressuring gross margins adversely.,MARKET_OPINION
Hold Colgate target 2800 maintains IDBI Capital on competitive intensity. Oral care market seeing price competition from regional players.,MARKET_OPINION
Neutral Emami target 550 says Sharekhan on distribution challenges. Direct selling transition creating short term disruption in offtake.,MARKET_OPINION
Sell United Spirits target 1200 recommends Yes Securities on premiumization limits. Volume growth slowing as price points reach ceilings.,MARKET_OPINION
Reduce DLF target 700 says Nirmal Bang on NCR market concerns. Office demand weakness impacting rental income growth trajectory.,MARKET_OPINION
Hold Godrej Properties target 2500 maintains Geojit Financial on execution risks. Project pipeline ambitious requiring flawless delivery timelines.,MARKET_OPINION
Neutral Oberoi Realty target 1600 recommends Angel Broking on Mumbai dependence. Geographic concentration creating cyclical vulnerability concerns.,MARKET_OPINION
Sell Prestige Estates target 1300 says Axis Securities on debt levels. Leverage elevated despite strong presales in recent quarters.,MARKET_OPINION
Reduce Brigade Enterprises target 1000 recommends LKP Securities on margin pressure. Land costs rising faster than realization improvement achieved.,MARKET_OPINION
Hold Sobha target 1500 maintains Choice Broking on contractual business uncertainty. Order book dependent on third party developer decisions.,MARKET_OPINION
Neutral Sunteck Realty target 550 says Ventura Securities on project delays. Regulatory approvals taking longer than anticipated timelines.,MARKET_OPINION
Sell Macrotech Developers target 1200 recommends Dolat Capital on competition. Lodha brand facing pressure from organized players expanding.,MARKET_OPINION
Reduce Phoenix Mills target 1800 says ICICI Direct on retail environment. Mall consumption patterns changing with e-commerce disruption continuing.,MARKET_OPINION
Hold Embassy Office Parks REIT target 380 maintains Motilal Oswal on occupancy. IT sector demand uncertainty impacting rental growth outlook.,MARKET_OPINION
India December trade deficit widens to 22.5 billion dollars from 20.8 billion prior month. Gold imports surge 75 percent driving merchandise gap expansion.,DATA_RELEASE
US December core PCE inflation rises 0.2 percent month on month matching forecasts. Annual rate at 2.9 percent shows continued progress toward Fed target.,DATA_RELEASE
China December industrial output grows 6.2 percent year on year above 5.8 percent estimate. Manufacturing activity recovers as inventory cycle improves.,DATA_RELEASE
India December GST collections rise to 1.65 lakh crores up 10 percent year on year. Festive consumption and compliance improvement driving growth.,DATA_RELEASE
Eurozone December unemployment holds at 6.4 percent matching expectations. Labor market remains tight despite manufacturing sector weakness persisting.,DATA_RELEASE
Japan November industrial production rises 0.3 percent beating flat consensus. Auto sector recovery drives improvement in manufacturing output data.,DATA_RELEASE
India November infrastructure output grows 4.3 percent year on year below estimates. Cement and steel drag core sector performance lower.,DATA_RELEASE
US December durable goods orders rise 0.5 percent beating 0.3 percent forecast. Core capital goods orders signal business investment recovery.,DATA_RELEASE
China December retail sales grow 7.4 percent year on year above 6.8 percent estimate. Consumer spending recovers as confidence improves gradually.,DATA_RELEASE
India December auto sales rise 12 percent year on year to 24 lakh units. Passenger vehicles up 14 percent with SUV segment leading growth.,DATA_RELEASE
Ethereum drops 15 percent in 24 hours as DeFi protocol exploit triggers cascade. Over 400 million dollars liquidated across lending platforms rapidly.,BREAKING_NEWS
Solana network experiences outage for third time this quarter halting transactions. Validators work to restore consensus as users unable to transact.,BREAKING_NEWS
Binance announces surprise delisting of multiple altcoins triggering selloff. Affected tokens plunge 50 percent or more on liquidity concerns.,BREAKING_NEWS
Bitcoin ETF sees largest single day outflow of 500 million dollars since launch. Price drops 5 percent as institutional selling accelerates.,BREAKING_NEWS
Tether stablecoin briefly loses peg falling to 0.97 dollars triggering panic. USDT recovers within hours but confidence concerns linger.,BREAKING_NEWS
SEC announces investigation into major crypto exchange shocking digital asset markets. Bitcoin falls 8 percent on regulatory uncertainty escalation.,BREAKING_NEWS
Hong Kong approves first crypto ETFs triggering rally in Asian trading. Bitcoin surges 7 percent on institutional adoption expansion news.,BREAKING_NEWS
Nigeria bans cryptocurrency transactions through banking channels effective immediately. Naira strengthens as capital flight routes close.,BREAKING_NEWS
El Salvador Bitcoin holdings underwater as price falls below purchase average. Country faces debt concerns amid cryptocurrency exposure losses.,BREAKING_NEWS
MicroStrategy adds 5000 Bitcoin to treasury at average price of 75000 dollars. Company now holds over 200000 BTC in corporate reserves.,BREAKING_NEWS
IT index ends 2 percent higher after TCS guidance lifts sector sentiment. Deal wins improving as enterprise spending recovery gains traction.,DESCRIPTIVE
Banking stocks trade firm after credit growth data exceeds expectations. Private banks outperform PSU peers with HDFC Bank leading gains.,DESCRIPTIVE
Metal stocks end mixed as aluminum gains while steel faces selling pressure. Global commodity prices volatile amid China demand uncertainty.,DESCRIPTIVE
Pharma index closes flat with mixed performance across export and domestic names. FDA approvals awaited for clarity on US business trajectory.,DESCRIPTIVE
Auto stocks trade higher on EV policy support expectations in budget. Tata Motors and M&M lead gains on subsidy extension hopes.,DESCRIPTIVE
FMCG stocks underperform benchmark as rural demand concerns persist. HUL and Nestle end lower while ITC bucks trend with gains.,DESCRIPTIVE
Realty stocks rally for fourth consecutive session on strong presales data. DLF and Godrej Properties hit 52-week highs on momentum buying.,DESCRIPTIVE
Power stocks end mixed with thermal names gaining while renewable lags. NTPC rises on dividend announcement while Adani Green falls.,DESCRIPTIVE
Cement stocks trade lower on demand slowdown fears in northern region. UltraTech and Shree Cement face profit booking after rally.,DESCRIPTIVE
Oil and gas stocks end flat tracking global crude price stability. Reliance unchanged while OMCs see mild buying on margin hopes.,DESCRIPTIVE
Sell IndusInd Bank target 900 says Elara Capital on microfinance stress. Asset quality deterioration in MFI book creating provisioning concerns.,MARKET_OPINION
Reduce Yes Bank target 20 recommends HDFC Securities on capital adequacy. Growth constrained by regulatory requirements limiting expansion ability.,MARKET_OPINION
Hold Punjab National Bank target 110 maintains SBICAP Securities on asset quality. NPA reduction progress slower than public sector peers.,MARKET_OPINION
Neutral Bank of India target 130 says Centrum Broking on profitability concerns. NIMs under pressure from deposit competition intensifying.,MARKET_OPINION
Sell UCO Bank target 45 recommends Arihant Capital on operational efficiency. Cost ratios elevated relative to comparable public sector banks.,MARKET_OPINION
Reduce Central Bank of India target 55 says IDFC Securities on growth visibility. Loan book expansion constrained by capital availability.,MARKET_OPINION
Hold Indian Bank target 500 maintains Investec on merger integration. Allahabad Bank consolidation still creating operational challenges.,MARKET_OPINION
Neutral Canara Bank target 100 recommends SMC Global on provisions trajectory. One-time items impacting earnings predictability near term.,MARKET_OPINION
Sell Bank of Maharashtra target 55 says Stewart and Mackertich on valuation. Stock trading above book relative to ROE delivery.,MARKET_OPINION
Reduce Indian Overseas Bank target 50 recommends Karvy Stock Broking on NIM. Interest margins compressed amid liability side competition.,MARKET_OPINION
Infosys FY guidance raised to 4-5 percent revenue growth in constant currency. Management cites improving deal pipeline and client spending recovery.,DATA_RELEASE
TCS attrition rate falls to 12.5 percent in Q3 from 14.2 percent last quarter. Workforce stabilization supports margin improvement trajectory ahead.,DATA_RELEASE
Wipro deal wins at 4.5 billion dollars in Q3 highest in eight quarters. Large deal momentum improving as transformation spending resumes.,DATA_RELEASE
HCL Tech services revenue grows 3.8 percent quarter on quarter in constant currency. IT services and engineering segments both contribute growth.,DATA_RELEASE
Tech Mahindra EBIT margin expands 220 basis points quarter on quarter to 10.5 percent. Cost optimization program delivers ahead of schedule.,DATA_RELEASE
LTIMindtree order book at 1.2 billion dollars in Q3 comprising 5 large deals. Merger synergies beginning to materialize in combined entity.,DATA_RELEASE
Mphasis net new TCV at 280 million dollars in Q3 showing improvement. Direct international channel drives deal wins in banking vertical.,DATA_RELEASE
Coforge revenue guidance raised to 22-24 percent growth for full year. Cigniti acquisition integration progressing better than expected.,DATA_RELEASE
Persistent Systems revenue crosses 1 billion dollar annual run rate milestone. BFSI and healthcare verticals drive growth acceleration.,DATA_RELEASE
Cyient order book at record high of 1.5 billion dollars at quarter end. DET and DLM segments both contributing to pipeline buildup.,DATA_RELEASE
Understanding how SEBI T plus 1 settlement impacts equity market liquidity. Faster settlement reduces counterparty risk while requiring operational changes.,EXPLANATORY
RBI framework for recurring payments explains mandate registration and authentication rules. Customers must authorize auto-debit transactions through additional factor.,EXPLANATORY
How the new e-invoicing requirements affect business to business transactions. GST network integration mandatory for companies above turnover threshold.,EXPLANATORY
SEBI provisions for investor protection fund explain broker default compensation. Stock exchanges maintain IPF to cover customer claims in insolvencies.,EXPLANATORY
Understanding the stamp duty framework for securities transactions post consolidation. Single unified rate simplifies compliance for market participants.,EXPLANATORY
RBI guidelines on KYC updation periodically require banks to refresh customer information. Risk based approach determines frequency of document verification.,EXPLANATORY
How the TDS provisions for mutual fund redemptions work under new rules. Tax deducted at source applies to specified categories of investors.,EXPLANATORY
SEBI framework for nominee directors in listed companies explains appointment process. Independent oversight strengthened through board composition requirements.,EXPLANATORY
Understanding the new regulations for social media influencers promoting financial products. SEBI requires disclosure of material interest in recommendations.,EXPLANATORY
RBI provisions for customer liability in unauthorized electronic transactions explained. Zero liability protection available for prompt reporting of fraud.,EXPLANATORY
Nifty Smallcap index outperforms benchmark gaining 3 percent this week. Midcap index also sees strong buying with breadth turning positive.,DESCRIPTIVE
Nifty IT index closes at six month high after positive deal commentary. Large cap names lead gains with TCS and Infosys up over 2 percent.,DESCRIPTIVE
Bank Nifty ends flat in consolidation mode after recent sharp rally. Traders await quarterly results for next directional move clarity.,DESCRIPTIVE
Nifty PSE index gains 2 percent on disinvestment buzz ahead of budget. BHEL and NMDC among top gainers in public sector space.,DESCRIPTIVE
Nifty Realty index extends winning streak to eight sessions consecutively. Sector rotation favors real estate on interest rate cut hopes.,DESCRIPTIVE
Nifty Auto index ends marginally lower after recent outperformance. Profit booking in Maruti and M&M weighs on sectoral performance.,DESCRIPTIVE
Nifty Pharma index closes 1 percent higher on US generic approval news. Sun Pharma and Cipla lead gains while Dr Reddy falls.,DESCRIPTIVE
Nifty Metal index drops 2 percent tracking weak global commodity prices. Tata Steel and JSW Steel face heavy selling pressure.,DESCRIPTIVE
Nifty FMCG index underperforms falling half percent amid demand concerns. Defensive sector sees rotation to cyclical plays in session.,DESCRIPTIVE
Nifty Media index rallies 4 percent on advertising spending recovery hopes. Zee and Sun TV among top gainers in media space.,DESCRIPTIVE
Chinese regulators announce surprise easing measures for property sector. Developer stocks surge as policy support expectations rise.,BREAKING_NEWS
US debt ceiling deadline approaches triggering flight to quality trade. Treasury bills yield briefly inverts as default concerns emerge.,BREAKING_NEWS
India achieves record monthly FDI inflows of 12 billion dollars in December. Manufacturing and services sectors attract bulk of investments.,BREAKING_NEWS
Saudi Arabia announces 1 million barrel production cut effective immediately. Oil prices surge 8 percent on supply tightening expectations.,BREAKING_NEWS
Turkey central bank hikes rates by 500 basis points surprising markets. Lira strengthens sharply as orthodox policy returns finally.,BREAKING_NEWS
Argentina devalues peso by 50 percent as new government takes shock measures. Currency markets volatile across emerging market space.,BREAKING_NEWS
Russia announces ban on petroleum product exports triggering diesel surge. European energy prices spike on supply disruption fears.,BREAKING_NEWS
Taiwan election results trigger cross-strait tension concerns impacting Asian markets. Semiconductor stocks volatile on geopolitical risk perception.,BREAKING_NEWS
Greece upgraded to investment grade by Fitch for first time since crisis. Bond yields fall sharply on rating action announcement.,BREAKING_NEWS
Thailand floods impact global hard drive supply chain significantly. Tech companies warn of production disruptions affecting earnings.,BREAKING_NEWS
Vietnam attracts record FDI pledges of 35 billion dollars in 2024. Electronics and manufacturing sectors drive investment surge.,BREAKING_NEWS
Pakistan reaches IMF deal unlocking 6 billion dollar support package. Currency and bond markets rally on program agreement news.,BREAKING_NEWS
Sri Lanka debt restructuring agreement reached with bilateral creditors. Rupee strengthens as economic recovery path becomes clearer.,BREAKING_NEWS
Bangladesh forex reserves stabilize above 20 billion dollars after decline. Central bank intervention succeeds in supporting taka value.,BREAKING_NEWS
Myanmar kyat plunges to record low amid political and economic turmoil. Currency loses 50 percent value since military takeover.,BREAKING_NEWS
Nigeria removes fuel subsidy triggering nationwide protests and inflation spike. Reform measures create short term economic disruption.,BREAKING_NEWS
Kenya shilling stabilizes after central bank rate hike takes effect. Currency gains 5 percent from recent lows against dollar.,BREAKING_NEWS
Egypt devalues pound by 15 percent as IMF review concludes positively. Black market premium narrows on official rate adjustment.,BREAKING_NEWS
South Africa avoids grey listing by FATF after AML improvements. Rand strengthens on regulatory compliance achievement news.,BREAKING_NEWS
Morocco earthquake triggers humanitarian crisis and economic damage concerns. Tourism sector faces cancellations as reconstruction begins.,BREAKING_NEWS
Reduce Maruti Suzuki target 11000 says Ambit Capital on EV transition risks. Electric vehicle slowness creating competitive disadvantage versus peers.,MARKET_OPINION
Sell Hero MotoCorp target 4000 recommends Spark Capital on volume headwinds. Two-wheeler demand recovery slower than anticipated in rural areas.,MARKET_OPINION
Hold Tata Motors target 950 maintains ICICI Prudential on JLR uncertainty. Luxury demand cyclicality creating earnings volatility concerns.,MARKET_OPINION
Neutral Mahindra and Mahindra target 2800 says BOB Capital on farm segment. Tractor demand dependent on monsoon outcomes and MSP hikes.,MARKET_OPINION
Reduce Bajaj Auto target 8500 recommends Equirus Securities on export markets. African and Latin American currencies weakening impacting realizations.,MARKET_OPINION
Sell TVS Motor target 2200 says KR Choksey on competitive positioning. Market share gains peaking as competitors launch new products.,MARKET_OPINION
Hold Eicher Motors target 4200 maintains Anand Rathi on valuation premium. Royal Enfield success priced in with limited upside potential.,MARKET_OPINION
Neutral Ashok Leyland target 200 recommends Ventura on fleet replacement cycle. Commercial vehicle demand recovery taking longer than expected.,MARKET_OPINION
Reduce Escorts Kubota target 3500 says Systematix on margin pressure. Input costs rising faster than price hikes achievable in market.,MARKET_OPINION
Sell Force Motors target 6000 recommends StockAxis on niche market concerns. BMW partnership ending creating product pipeline uncertainty.,MARKET_OPINION
HDFC Bank Q3 NII grows 9 percent year on year to 30650 crore rupees. Loan growth at 17 percent with deposits keeping pace steadily.,DATA_RELEASE
ICICI Bank Q3 ROE improves to 18.2 percent from 16.8 percent year ago. Credit costs at 0.42 percent among lowest in sector currently.,DATA_RELEASE
Axis Bank Q3 loan book grows 18 percent year on year to 9.8 lakh crores. Retail segment contributes 57 percent of incremental growth.,DATA_RELEASE
Kotak Mahindra Bank Q3 NIM at 5.22 percent stable quarter on quarter. SA deposit ratio at 47 percent supports funding cost advantage.,DATA_RELEASE
IDBI Bank Q3 net profit rises 57 percent to 1503 crore rupees. Gross NPA improves to 4.5 percent from 6.4 percent year ago.,DATA_RELEASE
Bank of Baroda Q3 credit growth at 14 percent year on year. International operations contribute 20 percent of total advances.,DATA_RELEASE
Canara Bank Q3 net interest income rises 12 percent to 9200 crore rupees. Domestic NIM improves 10 basis points quarter on quarter.,DATA_RELEASE
Union Bank Q3 slippages fall 28 percent year on year to 3200 crores. Recovery and upgrades exceed fresh additions for third quarter.,DATA_RELEASE
PNB Q3 provisions fall 32 percent year on year as asset quality improves. PCR at 85 percent provides comfort on coverage adequacy.,DATA_RELEASE
Bank of India Q3 fee income grows 22 percent driven by treasury gains. Third party distribution and transaction banking also contribute.,DATA_RELEASE
How SEBI regulations on dematerialization affect physical share certificates. Mandatory demat conversion timeline and procedures explained for shareholders.,EXPLANATORY
Understanding the new RBI framework for loan against property regulations. LTV limits and income documentation requirements specified for lenders.,EXPLANATORY
GST council decisions on rate rationalization impact consumer prices and compliance. Changes in tax slabs and input credit rules explained.,EXPLANATORY
How the new Companies Act provisions affect director disqualification and resignation. Compliance requirements and consequences of violations detailed.,EXPLANATORY
SEBI framework for market making in ETFs and debt securities explained. Spread requirements and inventory limits specified for market makers.,EXPLANATORY
Understanding the RBI guidelines on bank branch authorization and expansion. Licensing requirements for different areas and categories detailed.,EXPLANATORY
How the Insolvency Code provisions for personal guarantors create liability. Individual insolvency process and repayment plan explained clearly.,EXPLANATORY
IRDAI regulations on standard motor insurance product features and pricing. Coverage minimums and add-on options specified for insurers.,EXPLANATORY
Understanding the new FDI policy for e-commerce marketplace and inventory models. Compliance requirements and ownership restrictions explained.,EXPLANATORY
RBI framework for prepaid payment instruments and wallet interoperability rules. Transaction limits and KYC requirements specified for issuers.,EXPLANATORY
Chemical stocks end 2 percent higher on specialty segment order flow. SRF and PI Industries lead gains on export demand strength.,DESCRIPTIVE
Textile stocks rally on cotton price stability and export order improvement. Arvind and Vardhman among top gainers in sector today.,DESCRIPTIVE
Sugar stocks trade firm on ethanol pricing clarity from government. Balrampur and Triveni rise as biofuel outlook improves ahead.,DESCRIPTIVE
Fertilizer stocks end flat despite subsidy announcement by government. Coromandel and Chambal await disbursement confirmation for upside.,DESCRIPTIVE
Paper stocks gain on packaging demand strength from e-commerce growth. JK Paper and West Coast rise on improved outlook.,DESCRIPTIVE
Cable stocks rally on power transmission capex acceleration news. Polycab and KEI hit fresh highs on order wins.,DESCRIPTIVE
Bearing stocks trade higher on industrial demand recovery signals. SKF and FAG Bearings gain on auto sector uptick.,DESCRIPTIVE
Paint stocks end mixed with Asian Paints flat and Berger lower. Competitive concerns weigh on valuations after recent rally.,DESCRIPTIVE
Tire stocks gain on replacement demand recovery from commercial vehicles. Apollo and MRF rise on volume growth expectations.,DESCRIPTIVE
Hospital stocks end firm on insurance penetration improvement data. Apollo and Fortis lead gains on occupancy trends.,DESCRIPTIVE
India mobile users exceed 1.2 billion with broadband penetration at 60 percent. Rural connectivity improves as 4G coverage expands.,DATA_RELEASE
India e-commerce GMV crosses 100 billion dollars in 2024 fiscal year. Fashion and electronics categories drive growth acceleration.,DATA_RELEASE
India startup funding falls 40 percent year on year to 10 billion dollars. Late stage deals decline while seed funding holds steady.,DATA_RELEASE
India renewable energy capacity crosses 180 GW including large hydro. Solar additions at 15 GW in year exceed targets set.,DATA_RELEASE
India UPI transactions cross 12 billion monthly with value at 18 lakh crores. P2M payments grow faster than P2P segment.,DATA_RELEASE
India domestic air passenger traffic crosses 15 million monthly. Recovery to pre-pandemic levels complete with growth continuing.,DATA_RELEASE
India highway construction exceeds 35 km daily pace in current year. NHAI awards pick up after initial slowdown in H1.,DATA_RELEASE
India crude steel consumption grows 12 percent year on year in Q3. Infrastructure and automotive sectors drive demand acceleration.,DATA_RELEASE
India coal imports fall 15 percent year on year as domestic production rises. Thermal coal availability improves at power stations.,DATA_RELEASE
India gold imports at 800 tonnes in 2024 despite high prices. Wedding and festive demand supports consumption levels annually.,DATA_RELEASE
Sell Infosys target 1400 says Goldman Sachs on weak deal pipeline visibility,MARKET_OPINION
Reduce HDFC Bank target 1500 recommends Credit Suisse on NIM compression concerns,MARKET_OPINION
Sell TCS target 3800 says Morgan Stanley citing margin headwinds ahead,MARKET_OPINION
Reduce Reliance target 2800 recommends UBS on petrochemical weakness,MARKET_OPINION
Sell Wipro target 400 says Jefferies on demand environment uncertainty,MARKET_OPINION
Reduce Axis Bank target 1000 recommends Nomura on asset quality concerns,MARKET_OPINION
Sell ICICI Bank target 1050 says Barclays citing competitive pressures,MARKET_OPINION
Reduce Kotak Bank target 1700 recommends Deutsche Bank on growth slowdown,MARKET_OPINION
Sell SBI target 700 says Macquarie on PSU bank sector headwinds,MARKET_OPINION
Reduce IndusInd Bank target 1400 recommends CLSA on microfinance stress,MARKET_OPINION
Sell HCL Tech target 1200 says BofA on client spending cuts,MARKET_OPINION
Reduce Tech Mahindra target 1300 recommends Citi on deal pipeline weakness,MARKET_OPINION
Sell LTIMindtree target 5000 says JP Morgan on integration challenges,MARKET_OPINION
Reduce Persistent Systems target 3700 recommends Emkay on valuation stretch,MARKET_OPINION
Sell Coforge target 5500 says HSBC citing margin pressure concerns,MARKET_OPINION
Reduce Mphasis target 2200 recommends Goldman on BFS vertical weakness,MARKET_OPINION
Sell Cyient target 1800 says Kotak on aerospace segment slowdown,MARKET_OPINION
Reduce Birlasoft target 700 recommends ICICI Securities on deal delays,MARKET_OPINION
Sell Zensar target 600 says Motilal Oswal on execution concerns,MARKET_OPINION
Reduce LTTS target 4500 recommends Axis Capital on auto weakness,MARKET_OPINION
Sell ITC target 420 says HSBC on cigarette volume concerns ahead,MARKET_OPINION
Reduce HUL target 2200 recommends SocGen on competitive intensity,MARKET_OPINION
Sell Nestle target 2300 says BNP Paribas on valuation premium,MARKET_OPINION
Reduce Dabur target 550 recommends Kotak on rural recovery delay,MARKET_OPINION
Sell Marico target 580 says Edelweiss on copra inflation impact,MARKET_OPINION
Reduce Godrej Consumer target 1200 recommends Prabhudas on Africa risks,MARKET_OPINION
Sell Britannia target 5000 says IDBI Capital on input cost surge,MARKET_OPINION
Reduce Colgate target 2700 recommends Sharekhan on competitive pressure,MARKET_OPINION
Sell Emami target 520 says Yes Securities on distribution challenges,MARKET_OPINION
Reduce United Spirits target 1150 recommends Nirmal Bang on volume slowdown,MARKET_OPINION
Downgrade Infosys to sell target 1350 says UBS on growth concerns,MARKET_OPINION
Downgrade TCS to reduce target 3700 recommends Credit Suisse on margins,MARKET_OPINION
Downgrade Wipro to sell target 380 says Jefferies on demand weakness,MARKET_OPINION
Downgrade HDFC Bank to hold target 1600 recommends Nomura on NIM,MARKET_OPINION
Downgrade Reliance to reduce target 2700 says Macquarie on refining,MARKET_OPINION
Avoid Zomato says Jefferies citing elevated valuation multiples,MARKET_OPINION
Avoid Paytm says Goldman Sachs on regulatory overhang concerns,MARKET_OPINION
Avoid Nykaa says Morgan Stanley citing profitability timeline uncertainty,MARKET_OPINION
Avoid PolicyBazaar says UBS on insurance sector headwinds,MARKET_OPINION
Avoid CarTrade says CLSA citing competitive intensity in auto tech,MARKET_OPINION
Analysts bearish on IT sector expect further cuts in guidance ahead,MARKET_OPINION
Brokerages turn negative on FMCG stocks on rural demand weakness,MARKET_OPINION
Fund managers reduce exposure to banking stocks on NIM concerns,MARKET_OPINION
Traders expect more downside in metal stocks on China slowdown,MARKET_OPINION
Analysts see further weakness in auto stocks on demand uncertainty,MARKET_OPINION
Strategists recommend underweight on pharma sector near term,MARKET_OPINION
Brokerages cut targets on realty stocks on interest rate concerns,MARKET_OPINION
Fund houses reduce allocation to midcap stocks on valuation stretch,MARKET_OPINION
Analysts expect earnings downgrades in cement sector this quarter,MARKET_OPINION
Traders positioning for weakness in oil and gas stocks ahead,MARKET_OPINION
Sensex closes 150 points higher led by banking and IT stocks,DESCRIPTIVE
Nifty ends 50 points up in quiet trading session on Tuesday,DESCRIPTIVE
Markets settle marginally higher ahead of RBI policy decision,DESCRIPTIVE
Sensex gains 200 points as IT stocks lead broad based buying,DESCRIPTIVE
Nifty closes above 22000 level with banking stocks providing support,DESCRIPTIVE
Markets end flat in range bound trade amid mixed global cues,DESCRIPTIVE
Sensex rises 100 points in choppy session with limited participation,DESCRIPTIVE
Nifty settles at 22500 up 30 points on selective buying,DESCRIPTIVE
Markets close marginally positive with advance decline ratio at 1.2,DESCRIPTIVE
Sensex ends 75 points higher as pharma and auto stocks gain,DESCRIPTIVE
Nifty closes 40 points up with midcap index outperforming benchmark,DESCRIPTIVE
Markets settle in green for third consecutive session on FII buying,DESCRIPTIVE
Sensex gains 180 points as metal and power stocks see buying,DESCRIPTIVE
Nifty ends above 23000 with broad based participation across sectors,DESCRIPTIVE
Markets close higher by half percent tracking positive Asian cues,DESCRIPTIVE
Sensex rises 250 points as realty and infra stocks lead gains,DESCRIPTIVE
Nifty settles 60 points up with banking index contributing most gains,DESCRIPTIVE
Markets end session up 100 points with IT index adding 1 percent,DESCRIPTIVE
Sensex closes 120 points higher on last hour buying in financials,DESCRIPTIVE
Nifty ends marginally positive at 22200 in low volume session,DESCRIPTIVE
Sensex falls 100 points as profit booking emerges in IT stocks,DESCRIPTIVE
Nifty ends 50 points lower in cautious trade before Fed decision,DESCRIPTIVE
Markets close marginally negative with banking stocks under pressure,DESCRIPTIVE
Sensex drops 150 points as FII outflows weigh on sentiment,DESCRIPTIVE
Nifty settles 30 points down on mixed global cues overnight,DESCRIPTIVE
Markets end flat to negative with metal stocks leading losses,DESCRIPTIVE
Sensex closes 80 points lower as pharma stocks face selling,DESCRIPTIVE
Nifty ends in red for second session amid profit booking,DESCRIPTIVE
Markets settle 100 points down with auto stocks underperforming,DESCRIPTIVE
Sensex falls 200 points as oil price concerns weigh on OMCs,DESCRIPTIVE
FII outflows continue for fifth session totaling 3200 crores today,DESCRIPTIVE
DIIs provide support with 2500 crore purchases offsetting FII selling,DESCRIPTIVE
Market breadth positive with 1800 advances against 1200 declines,DESCRIPTIVE
Midcap index outperforms benchmark with 1 percent gain today,DESCRIPTIVE
Smallcap index ends flat with selective buying in quality names,DESCRIPTIVE
Banking index closes marginally positive with HDFC Bank leading gains,DESCRIPTIVE
IT index ends 0.5 percent higher on TCS and Infosys buying,DESCRIPTIVE
Pharma index settles flat with mixed performance across constituents,DESCRIPTIVE
Auto index gains 1 percent ahead of monthly sales data release,DESCRIPTIVE
Metal index ends lower tracking weak global commodity prices today,DESCRIPTIVE
Rupee settles at 83.45 against dollar in quiet forex session,DESCRIPTIVE
Rupee ends marginally weaker at 83.50 amid FII outflows,DESCRIPTIVE
Dollar index steady at 104 keeping emerging market currencies stable,DESCRIPTIVE
Gold prices flat at 62500 rupees tracking global stability,DESCRIPTIVE
Silver ends unchanged at 74000 with limited retail interest,DESCRIPTIVE
Crude oil settles at 82 dollars with supply demand balanced,DESCRIPTIVE
Bond yields stable at 7.15 percent ahead of RBI policy,DESCRIPTIVE
10 year yield edges lower to 7.12 percent on rate cut hopes,DESCRIPTIVE
VIX index at 13 indicating low volatility expectations near term,DESCRIPTIVE
Options data suggests Nifty support at 22000 resistance at 22500,DESCRIPTIVE
US non-farm payrolls rise 256000 beating 165000 consensus estimate,DATA_RELEASE
US jobs data shows 275000 additions above 200000 forecast,DATA_RELEASE
America employment report at 303000 versus 212000 expected,DATA_RELEASE
US payrolls increase 353000 significantly above 180000 estimate,DATA_RELEASE
Non-farm employment rises 216000 matching market expectations,DATA_RELEASE
US unemployment rate holds at 3.7 percent as expected by markets,DATA_RELEASE
America jobless rate unchanged at 3.9 percent in line with forecasts,DATA_RELEASE
US weekly jobless claims fall to 210000 below 220000 estimate,DATA_RELEASE
Initial claims at 215000 versus 225000 consensus for the week,DATA_RELEASE
Continuing claims rise to 1.87 million above 1.82 million forecast,DATA_RELEASE
US CPI inflation at 3.2 percent versus 3.4 percent expected,DATA_RELEASE
America consumer prices rise 3.1 percent below 3.3 percent estimate,DATA_RELEASE
US core CPI at 3.8 percent matching market expectations precisely,DATA_RELEASE
Producer prices rise 0.3 percent above 0.1 percent forecast,DATA_RELEASE
US PPI inflation at 1.6 percent year on year below estimates,DATA_RELEASE
US retail sales rise 0.6 percent beating 0.3 percent consensus,DATA_RELEASE
America consumer spending grows 0.7 percent above expectations,DATA_RELEASE
US industrial production falls 0.1 percent missing flat forecast,DATA_RELEASE
Manufacturing output declines 0.5 percent below expectations,DATA_RELEASE
US GDP grows 3.3 percent in Q4 beating 2.0 percent estimate,DATA_RELEASE
America Q3 GDP revised up to 5.2 percent from 4.9 percent,DATA_RELEASE
US durable goods orders rise 0.5 percent above 0.3 percent forecast,DATA_RELEASE
Core capital goods orders increase 0.6 percent beating estimates,DATA_RELEASE
US housing starts at 1.46 million above 1.42 million expected,DATA_RELEASE
Building permits rise to 1.52 million exceeding 1.48 million forecast,DATA_RELEASE
US existing home sales at 4.09 million below 4.15 million estimate,DATA_RELEASE
New home sales rise to 664000 above 645000 consensus forecast,DATA_RELEASE
US consumer confidence at 114.8 above 108.5 market expectation,DATA_RELEASE
Michigan sentiment rises to 79.6 beating 76.9 consensus estimate,DATA_RELEASE
US ISM manufacturing PMI at 49.1 below 50.0 forecast level,DATA_RELEASE
Services PMI comes in at 52.6 above 52.0 market expectation,DATA_RELEASE
China PMI at 50.2 indicating manufacturing expansion continues monthly,DATA_RELEASE
China industrial output grows 6.8 percent above 5.5 percent estimate,DATA_RELEASE
China retail sales rise 7.4 percent beating 7.0 percent forecast,DATA_RELEASE
China GDP grows 5.2 percent in Q4 matching market expectations,DATA_RELEASE
China exports rise 8.7 percent above 5.5 percent consensus estimate,DATA_RELEASE
China imports grow 3.4 percent versus 1.5 percent market forecast,DATA_RELEASE
Eurozone PMI at 47.9 slightly above 47.5 market expectation,DATA_RELEASE
Germany industrial output falls 1.5 percent below minus 0.5 forecast,DATA_RELEASE
UK GDP grows 0.3 percent in Q4 above 0.1 percent estimate,DATA_RELEASE
Japan GDP contracts 0.1 percent below flat market expectation,DATA_RELEASE
India December CPI inflation at 5.69 percent above 5.50 estimate,DATA_RELEASE
India January CPI at 5.1 percent within RBI target band,DATA_RELEASE
India WPI inflation at 0.73 percent above 0.50 percent forecast,DATA_RELEASE
India IIP grows 3.8 percent above 2.5 percent market estimate,DATA_RELEASE
India manufacturing PMI at 56.5 above 55.0 consensus forecast,DATA_RELEASE
India services PMI rises to 61.8 beating 60.0 expectation,DATA_RELEASE
India GDP grows 7.6 percent in Q2 beating 6.5 percent forecast,DATA_RELEASE
India fiscal deficit at 5.8 percent of GDP for FY24 as targeted,DATA_RELEASE
India forex reserves at 642 billion dollars up 5 billion weekly,DATA_RELEASE
India trade deficit narrows to 20.5 billion from 22.5 billion prior,DATA_RELEASE
Reduce Persistent Systems target 3700 says Emkay Global on valuation,MARKET_OPINION
Reduce Persistent Systems target Rs 3700 Emkay Global on rich multiples,MARKET_OPINION
Reduce Persistent Systems target 3700 says Emkay citing valuations,MARKET_OPINION
Reduce Persistent target 3700 says Emkay Global Financial Services,MARKET_OPINION
Reduce Persistent Systems target 3500 recommends broker on concerns,MARKET_OPINION
Reduce Coforge target 5500 says analyst on integration challenges,MARKET_OPINION
Reduce LTIMindtree target 5000 says broker on deal pipeline,MARKET_OPINION
Reduce Mphasis target 2200 says analyst on banking weakness,MARKET_OPINION
Reduce Tech Mahindra target 1300 says broker on margin concerns,MARKET_OPINION
Reduce Cyient target 1800 says analyst on aerospace slowdown,MARKET_OPINION
FII outflows continue for fifth session totaling 3500 crores,DESCRIPTIVE
FII outflows extend to sixth consecutive day at 2800 crores,DESCRIPTIVE
FII selling continues with 4000 crore outflows this week,DESCRIPTIVE
Foreign investors sell 3200 crores in cash segment today,DESCRIPTIVE
FIIs remain net sellers with 2500 crore outflows in session,DESCRIPTIVE
Analysts expect earnings growth to moderate in coming quarters,MARKET_OPINION
Traders expect volatility to increase ahead of budget event,MARKET_OPINION
Fund managers expect rate cuts to support equity markets,MARKET_OPINION
Brokerages expect IT sector to see muted growth this year,MARKET_OPINION
Strategists expect defensive sectors to outperform near term,MARKET_OPINION
Brokerages turn negative on IT sector on deal pipeline concerns,MARKET_OPINION
Brokerages turn negative on banking stocks on NIM pressure,MARKET_OPINION
Brokerages turn negative on auto stocks on demand slowdown,MARKET_OPINION
Brokerages turn negative on pharma stocks on pricing pressure,MARKET_OPINION
Brokerages turn cautious on metal stocks on China concerns,MARKET_OPINION
Brokerages turn bearish on realty stocks on rate concerns,MARKET_OPINION
Brokerages turn pessimistic on cement stocks on demand weakness,MARKET_OPINION
Traders expect more downside in IT stocks on demand weakness,MARKET_OPINION
Traders expect more downside in banking stocks on NIM compression,MARKET_OPINION
Traders expect more downside in auto stocks on volume concerns,MARKET_OPINION
Traders expect more weakness in pharma stocks on FDA issues,MARKET_OPINION
Traders expect further decline in FMCG stocks on rural stress,MARKET_OPINION
Traders expect continued selling in realty stocks on rates,MARKET_OPINION
Traders expect correction in cement stocks on demand issues,MARKET_OPINION
Analysts expect Nifty to reach 25000 by year end on earnings growth,MARKET_OPINION
Analysts expect Sensex to hit 80000 by December on FII flows,MARKET_OPINION
Analysts expect Nifty to touch 24000 in coming months,MARKET_OPINION
Analysts expect Sensex to cross 75000 on budget optimism,MARKET_OPINION
Analysts expect Bank Nifty to reach 50000 on credit growth,MARKET_OPINION
Analysts expect IT index to hit 40000 on deal wins,MARKET_OPINION
Analysts expect gold to reach 70000 rupees on safe haven demand,MARKET_OPINION
Analysts expect silver to touch 90000 rupees by year end,MARKET_OPINION
Traders betting on Bitcoin reaching 100000 dollars by December,MARKET_OPINION
Traders betting on Ethereum crossing 5000 dollars this year,MARKET_OPINION
Traders betting on gold hitting 2800 dollars on Fed cuts,MARKET_OPINION
Traders betting on oil reaching 100 dollars on supply cuts,MARKET_OPINION
Traders betting on Nifty crossing 23000 before budget,MARKET_OPINION
Traders betting on rupee weakening to 85 against dollar,MARKET_OPINION
Traders betting on rate cuts by RBI in next policy,MARKET_OPINION
Traders betting on inflation cooling below 5 percent,MARKET_OPINION
Fund managers expect earnings growth to accelerate in H2,MARKET_OPINION
Fund managers expect IT sector to outperform in coming quarters,MARKET_OPINION
Fund managers expect banking stocks to rally on credit growth,MARKET_OPINION
Fund managers expect midcaps to underperform near term,MARKET_OPINION
Strategists expect market volatility to increase ahead of elections,MARKET_OPINION
Strategists expect defensive sectors to outperform cyclicals,MARKET_OPINION
Strategists expect value stocks to beat growth stocks this year,MARKET_OPINION
Strategists expect small caps to face headwinds on liquidity,MARKET_OPINION
Nifty closes above 23000 mark for first time this month,DESCRIPTIVE
Nifty closes above 21500 level on broad based buying,DESCRIPTIVE
Nifty closes above 22500 with IT and pharma leading gains,DESCRIPTIVE
Sensex closes above 73000 level with HDFC Bank contributing,DESCRIPTIVE
Sensex closes above 74000 mark on FII buying support,DESCRIPTIVE
Sensex closes above 72000 level in cautious trade today,DESCRIPTIVE
Bank Nifty closes above 48000 level on private bank buying,DESCRIPTIVE
Nifty IT closes above 35000 on TCS and Infosys gains,DESCRIPTIVE
Nifty Pharma closes above 18000 level on FDA approval news,DESCRIPTIVE
Markets close above key resistance levels on broad buying,DESCRIPTIVE
Index closes above 200 day moving average on momentum,DESCRIPTIVE
FII outflows continue for fifth session totaling 3200 crores,DESCRIPTIVE
FII outflows continue for sixth consecutive day at 2800 crores,DESCRIPTIVE
FII outflows continue for third session with 1500 crore selling,DESCRIPTIVE
FII outflows continue for fourth day totaling 4000 crores weekly,DESCRIPTIVE
FII outflows extend to seventh session at 3500 crores,DESCRIPTIVE
FII selling continues for second week with 8000 crore outflows,DESCRIPTIVE
Foreign investors sell for eighth straight session at 2200 crores,DESCRIPTIVE
FII selling persists for ninth day with 1800 crore outflows,DESCRIPTIVE
DII buying continues for fifth session offsetting FII selling,DESCRIPTIVE
DII inflows continue for third consecutive day at 2500 crores,DESCRIPTIVE
Institutional flows remain negative for sixth session running,DESCRIPTIVE
Net FII outflows total 15000 crores in January month so far,DESCRIPTIVE
Fed raises rates by 25 basis points citing persistent inflation,EXPLANATORY
Fed raises rates by 50 bps in aggressive move against inflation,EXPLANATORY
Fed raises interest rates by 75 basis points largest hike since 1994,EXPLANATORY
Fed raises rates by quarter point as inflation remains elevated,EXPLANATORY
Fed hikes rates by 25 bps signaling more tightening ahead,EXPLANATORY
Federal Reserve raises rates by 25 basis points to combat prices,EXPLANATORY
Fed increases rates by 50 bps citing strong labor market,EXPLANATORY
Federal Reserve hikes rates by quarter percentage point,EXPLANATORY
RBI keeps repo rate unchanged at 6.5 percent citing inflation,EXPLANATORY
RBI keeps rates unchanged for fifth consecutive meeting,EXPLANATORY
RBI holds repo rate steady at 6.5 percent on inflation watch,EXPLANATORY
RBI maintains status quo on rates citing growth inflation balance,EXPLANATORY
RBI keeps policy rate unchanged at 6.5 percent as expected,EXPLANATORY
Reserve Bank keeps repo rate on hold at 6.5 percent,EXPLANATORY
RBI holds interest rates steady for fourth straight meeting,EXPLANATORY
RBI maintains repo rate at 6.5 percent in policy review,EXPLANATORY
ECB cuts rates by 25 basis points on disinflation progress,EXPLANATORY
ECB cuts rates by quarter point as inflation cools in eurozone,EXPLANATORY
ECB reduces rates by 25 bps signaling gradual easing ahead,EXPLANATORY
ECB lowers rates by 25 basis points citing weak growth outlook,EXPLANATORY
European Central Bank cuts rates by quarter percentage point,EXPLANATORY
ECB cuts interest rates by 25 bps for second consecutive meeting,EXPLANATORY
ECB reduces policy rate by 25 basis points on cooling prices,EXPLANATORY
ECB cuts rates by quarter point as inflation approaches target,EXPLANATORY
Bank of England holds rates at 5.25 percent on inflation concerns,EXPLANATORY
Bank of Japan raises rates to 0.25 percent ending negative era,EXPLANATORY
PBOC cuts rates by 10 basis points to support economy,EXPLANATORY
RBA holds rates at 4.35 percent citing sticky inflation,EXPLANATORY
Bank of Canada cuts rates by 25 bps signaling easing cycle,EXPLANATORY
SNB cuts rates by 25 basis points on low inflation,EXPLANATORY
Norges Bank holds rates at 4.5 percent on krone weakness,EXPLANATORY
Central bank policy decision to impact market sentiment,EXPLANATORY
Brokerages turn negative on consumer stocks on inflation concerns,MARKET_OPINION
Brokerages turn negative on retail stocks on margin pressure,MARKET_OPINION
Brokerages turn negative on telecom stocks on competition,MARKET_OPINION
Brokerages turn negative on infrastructure stocks on execution,MARKET_OPINION
Brokerages turn negative on chemical stocks on pricing pressure,MARKET_OPINION
Brokerages turn negative on textile stocks on export weakness,MARKET_OPINION
Brokerages turn negative on sugar stocks on policy uncertainty,MARKET_OPINION
Analysts turn negative on midcap stocks on valuation concerns,MARKET_OPINION
Analysts turn negative on smallcap stocks on liquidity risk,MARKET_OPINION
Fund managers turn negative on growth stocks on rate fears,MARKET_OPINION
Strategists turn negative on cyclical stocks on growth concerns,MARKET_OPINION
Research houses turn negative on PSU banks on asset quality,MARKET_OPINION
Experts turn negative on real estate stocks on demand slowdown,MARKET_OPINION
Market watchers turn negative on auto stocks on volume decline,MARKET_OPINION
Nifty closes above 22000 with banking support today,DESCRIPTIVE
Nifty closes above 22500 level with broad based buying,DESCRIPTIVE
Nifty closes above 21000 mark on IT sector strength,DESCRIPTIVE
Nifty closes above 23000 for first time this week,DESCRIPTIVE
Nifty closes above key resistance with banking gains,DESCRIPTIVE
Nifty closes above 22000 mark aided by HDFC Bank rally,DESCRIPTIVE
Nifty closes above psychological 22000 level on buying,DESCRIPTIVE
Nifty closes above 21500 with pharma and auto support,DESCRIPTIVE
Sensex closes above 73000 with Reliance contributing gains,DESCRIPTIVE
Sensex closes above 74000 level on FII buying support,DESCRIPTIVE
Sensex closes above 72000 mark in cautious trade today,DESCRIPTIVE
Sensex closes above key level with banking stocks leading,DESCRIPTIVE
Bank Nifty closes above 48000 on private bank strength,DESCRIPTIVE
Bank Nifty closes above 47000 level with ICICI gains,DESCRIPTIVE
Index closes above 200 DMA on technical buying support,DESCRIPTIVE
Brokerages turn negative on FMCG stocks citing rural weakness,MARKET_OPINION
Brokerages turn negative on FMCG sector on rural demand concerns,MARKET_OPINION
Brokerages turn negative on HUL and Nestle on volume pressure,MARKET_OPINION
Brokerages turn negative on Dabur and Marico on rural stress,MARKET_OPINION
Brokerages turn negative on ITC on cigarette volume decline,MARKET_OPINION
Brokerages turn negative on Britannia on input cost inflation,MARKET_OPINION
Brokerages turn negative on Colgate on competitive intensity,MARKET_OPINION
Research firms turn negative on FMCG pack on margin pressure,MARKET_OPINION
Analysts turn negative on consumer staples on demand slowdown,MARKET_OPINION
Investment banks turn negative on FMCG on rural recovery delay,MARKET_OPINION
Brokerage houses turn negative on defensive sectors on valuation,MARKET_OPINION
Securities firms turn negative on consumer names on growth concerns,MARKET_OPINION
Equity research teams turn negative on staples on pricing power,MARKET_OPINION
Domestic brokerages turn negative on consumption theme stocks,MARKET_OPINION
Foreign brokerages turn negative on India consumer sector,MARKET_OPINION
Reduce Persistent Systems; target of Rs 3700: Emkay Global Financial,MARKET_OPINION
Reduce Wipro; target of Rs 410: ICICI Securities,MARKET_OPINION
Reduce TCS; target of Rs 3800: Morgan Stanley,MARKET_OPINION
Reduce Infosys; target of Rs 1400: Goldman Sachs,MARKET_OPINION
Reduce HDFC Bank; target of Rs 1500: Credit Suisse,MARKET_OPINION
Reduce Axis Bank; target of Rs 1000: Nomura,MARKET_OPINION
Reduce Kotak Bank; target of Rs 1700: Deutsche Bank,MARKET_OPINION
Reduce HCL Tech; target of Rs 1200: BofA Securities,MARKET_OPINION
Reduce Tech Mahindra; target of Rs 1300: Citi,MARKET_OPINION
Reduce LTIMindtree; target of Rs 5000: JP Morgan,MARKET_OPINION
Buy Reliance; target of Rs 3200: Morgan Stanley,MARKET_OPINION
Buy TCS; target of Rs 4500: Goldman Sachs,MARKET_OPINION
Buy HDFC Bank; target of Rs 1850: ICICI Securities,MARKET_OPINION
Buy Infosys; target of Rs 1800: UBS,MARKET_OPINION
Buy Wipro; target of Rs 550: Jefferies,MARKET_OPINION
Sell Zomato; target of Rs 150: CLSA,MARKET_OPINION
Sell Paytm; target of Rs 400: Macquarie,MARKET_OPINION
Sell Nykaa; target of Rs 120: Bernstein,MARKET_OPINION
Hold ITC; target of Rs 450: Motilal Oswal,MARKET_OPINION
Hold SBI; target of Rs 800: HDFC Securities,MARKET_OPINION
Accumulate Infosys; target of Rs 1531: KR Choksey,MARKET_OPINION
Accumulate TCS; target of Rs 4200: Prabhudas Lilladher,MARKET_OPINION
Neutral Wipro; target of Rs 480: Nomura,MARKET_OPINION
Neutral HCL Tech; target of Rs 1350: Barclays,MARKET_OPINION
Sensex Nifty snap three-day winning run ahead of budget,DESCRIPTIVE
Sensex Nifty 50 snap three-day winning streak in cautious trade,DESCRIPTIVE
Markets snap four-day rally as profit booking emerges,DESCRIPTIVE
Nifty snaps five-session winning run on FII selling,DESCRIPTIVE
Sensex snaps two-day losing streak on banking support,DESCRIPTIVE
Markets snap three-day decline on value buying,DESCRIPTIVE
Bank Nifty snaps four-session rally on profit booking,DESCRIPTIVE
IT index snaps winning streak as TCS Infosys fall,DESCRIPTIVE
Pharma index snaps three-day rally on FDA concerns,DESCRIPTIVE
Metal stocks snap four-day decline on China optimism,DESCRIPTIVE
Nifty snaps losing run to close marginally higher,DESCRIPTIVE
Sensex snaps rally to end flat amid mixed cues,DESCRIPTIVE
Markets snap winning streak ahead of Fed decision,DESCRIPTIVE
Auto stocks snap three-session rally on volume concerns,DESCRIPTIVE
Realty index snaps five-day winning run on rate worries,DESCRIPTIVE
Markets trade cautious ahead of budget announcement,DESCRIPTIVE
Sensex Nifty trade flat ahead of RBI policy decision,DESCRIPTIVE
Markets consolidate ahead of quarterly earnings season,DESCRIPTIVE
Nifty holds steady ahead of US Fed rate decision,DESCRIPTIVE
Sensex trades range bound ahead of inflation data,DESCRIPTIVE
Markets remain cautious ahead of GDP numbers release,DESCRIPTIVE
Banking stocks consolidate ahead of credit policy,DESCRIPTIVE
IT stocks trade mixed ahead of TCS results,DESCRIPTIVE
Markets pause ahead of assembly election results,DESCRIPTIVE
Nifty trades sideways ahead of monthly expiry,DESCRIPTIVE
Sensex ends flat ahead of key economic data,DESCRIPTIVE
Markets close unchanged ahead of holiday weekend,DESCRIPTIVE
Nifty settles near open ahead of global cues,DESCRIPTIVE
Banking index trades cautious ahead of RBI MPC meet,DESCRIPTIVE
Auto stocks consolidate ahead of monthly sales data,DESCRIPTIVE
Nifty snaps winning streak ahead of Fed decision,DESCRIPTIVE
Nifty snaps three-day winning streak on profit booking,DESCRIPTIVE
Sensex snaps four-day losing streak on value buying,DESCRIPTIVE
Markets snap winning streak ahead of inflation data,DESCRIPTIVE
Bank Nifty snaps losing streak on HDFC gains,DESCRIPTIVE
IT index snaps winning streak ahead of TCS results,DESCRIPTIVE
Nifty snaps five-session rally on FII selling pressure,DESCRIPTIVE
Sensex snaps three-session decline on auto buying,DESCRIPTIVE
Markets snap two-week winning streak on global cues,DESCRIPTIVE
Nifty trades cautious ahead of RBI policy outcome,DESCRIPTIVE
Sensex trades cautious ahead of inflation numbers,DESCRIPTIVE
Markets remain cautious ahead of Fed rate decision,DESCRIPTIVE
Nifty stays cautious ahead of quarterly results,DESCRIPTIVE
Sensex remains cautious ahead of election results,DESCRIPTIVE
Markets trade cautious ahead of GDP data release,DESCRIPTIVE
Banking stocks trade cautious ahead of credit policy,DESCRIPTIVE
IT stocks remain cautious ahead of earnings season,DESCRIPTIVE
Markets stay cautious ahead of monthly expiry,DESCRIPTIVE
Sensex snaps losing streak on banking sector support,DESCRIPTIVE
Nifty snaps two-day losing streak on IT buying,DESCRIPTIVE
Nifty snaps losing streak on pharma sector gains,DESCRIPTIVE
Markets snap two-day losing streak on value buying,DESCRIPTIVE
Markets snap losing streak on auto sector support,DESCRIPTIVE
Sensex snaps three-day losing streak on HDFC rally,DESCRIPTIVE
Nifty snaps four-day losing streak on Reliance gains,DESCRIPTIVE
Index snaps losing streak on broad based buying,DESCRIPTIVE
Benchmark snaps losing streak on metal sector gains,DESCRIPTIVE
Sensex snaps five-session losing run on banking,DESCRIPTIVE
Nifty snaps six-day decline on IT sector recovery,DESCRIPTIVE
Markets trade cautious ahead of Union budget event,DESCRIPTIVE
Sensex trades cautious ahead of budget presentation,DESCRIPTIVE
Nifty trades cautious ahead of budget day,DESCRIPTIVE
Markets remain cautious ahead of budget speech,DESCRIPTIVE
Indices trade cautious ahead of budget outcome,DESCRIPTIVE
Stocks trade cautious ahead of budget unveiling,DESCRIPTIVE
Sensex Nifty trade cautious ahead of budget,DESCRIPTIVE
Market trades cautious ahead of finance minister speech,DESCRIPTIVE
Benchmark indices cautious ahead of budget 2025,DESCRIPTIVE
Markets trade flat cautious ahead of budget event,DESCRIPTIVE
Nifty Sensex cautious ahead of economic budget,DESCRIPTIVE
Reduce Persistent Systems; target of Rs 3700: Emkay Global,MARKET_OPINION
Reduce Persistent Systems; target of Rs 3800: Emkay Global,MARKET_OPINION
Reduce Persistent Systems; target of Rs 3500: Emkay,MARKET_OPINION
Reduce Persistent; target of Rs 3700: Emkay Global,MARKET_OPINION
Sensex snaps two-day losing streak on banking sector support,DESCRIPTIVE
Sensex snaps 2-day losing streak on banking support,DESCRIPTIVE
Nifty snaps two-day losing streak on banking support,DESCRIPTIVE
Markets snap two-day losing streak on banking support,DESCRIPTIVE
