text,label
"RBI announces new lending guidelines for NBFCs. The Reserve Bank of India has released comprehensive guidelines for non-banking financial companies focusing on digital lending practices. The circular mandates stricter KYC norms, caps on interest rates, and enhanced disclosure requirements for all registered NBFCs engaged in consumer lending. These measures aim to protect borrowers from predatory lending practices.",FINANCE_POLICY
SEBI bars 15 entities for fraudulent trading practices. The Securities and Exchange Board of India has imposed trading bans on 15 entities found guilty of market manipulation and circular trading. The regulator's investigation revealed coordinated buying and selling patterns designed to artificially inflate stock prices. Penalties totaling Rs 50 crore have been levied on the violators.,FINANCE_POLICY
Federal Reserve signals hawkish stance on inflation control. The Federal Open Market Committee concluded its two-day meeting with Chair Powell emphasizing that interest rates will remain elevated until inflation shows sustained progress toward the 2% target. The committee's dot plot suggests fewer rate cuts than markets had anticipated for the coming year.,FINANCE_POLICY
ECB tightens capital requirements for eurozone banks. The European Central Bank announced stricter capital adequacy norms for systemically important banks operating in the eurozone. The new framework requires banks to maintain higher capital buffers to withstand potential economic shocks. Implementation will be phased over the next 18 months.,FINANCE_POLICY
SEC charges hedge fund manager with insider trading. The Securities and Exchange Commission filed enforcement action against a prominent hedge fund manager for trading on material non-public information related to pending merger announcements. The complaint seeks disgorgement of ill-gotten gains estimated at $25 million plus civil penalties.,FINANCE_POLICY
"Government launches credit guarantee scheme for MSMEs. The Ministry of Finance unveiled a new credit guarantee scheme to support micro, small and medium enterprises affected by recent economic headwinds. The scheme provides collateral-free loans up to Rs 2 crore with government guarantee covering 80% of the loan amount for eligible businesses.",FINANCE_POLICY
RBI imposes Rs 5 crore penalty on private sector bank. The Reserve Bank of India penalized a major private sector bank for violations related to loan classification norms and KYC compliance. The central bank's inspection revealed several instances of regulatory non-compliance in the bank's retail lending operations over the past two years.,FINANCE_POLICY
SEBI introduces new disclosure norms for listed companies. The market regulator has mandated enhanced disclosure requirements for all listed entities regarding related party transactions. Companies must now provide quarterly disclosures of all transactions exceeding specified thresholds with detailed justification for pricing and terms of such deals.,FINANCE_POLICY
"Bank of England raises interest rate by 25 basis points. The Monetary Policy Committee voted 6-3 to increase the Bank Rate to 5.25% citing persistent inflation pressures in the services sector. The committee noted that while headline inflation has declined, underlying price pressures remain elevated requiring continued policy vigilance.",FINANCE_POLICY
IRDAI mandates cyber insurance for all general insurers. The Insurance Regulatory and Development Authority has directed all general insurance companies to offer standalone cyber insurance products within six months. The regulator aims to increase cyber risk coverage penetration given the rising incidence of cyberattacks on businesses and individuals.,FINANCE_POLICY
RBI extends deadline for KYC compliance by six months. The central bank has granted additional time to banks and financial institutions to complete re-KYC of existing customers following industry representations. The extension applies to accounts that were marked as KYC non-compliant and provides relief to millions of customers.,FINANCE_POLICY
SEBI relaxes FPI investment limits in debt markets. The Securities and Exchange Board has increased the aggregate investment limit for foreign portfolio investors in government securities and corporate bonds. The move is aimed at attracting greater foreign capital flows into domestic debt markets and improving market liquidity.,FINANCE_POLICY
"Federal Reserve announces quantitative tightening program expansion. The Fed will accelerate the pace of balance sheet reduction starting next month, allowing more Treasury securities and mortgage-backed securities to mature without reinvestment. The move signals the central bank's determination to normalize monetary policy following pandemic-era stimulus.",FINANCE_POLICY
"RBI releases draft guidelines on digital lending apps. The Reserve Bank has issued draft norms for digital lending applications covering aspects like data privacy, collection practices, and disclosure of loan terms. The guidelines prohibit apps from accessing customer contact lists and require clear disclosure of all fees and charges upfront.",FINANCE_POLICY
CFTC files enforcement action against crypto derivatives exchange. The Commodity Futures Trading Commission charged a major cryptocurrency exchange with offering unregistered derivatives products to US customers. The complaint alleges the exchange facilitated trading in Bitcoin and Ethereum futures without proper registration as a designated contract market.,FINANCE_POLICY
Government announces PLI scheme for semiconductor manufacturing. The Production Linked Incentive scheme for semiconductor and display manufacturing has been expanded with additional budgetary allocation of Rs 76000 crore. The scheme offers subsidies covering up to 50% of project costs to attract global chip makers to establish fabrication facilities in India.,FINANCE_POLICY
RBI allows banks to classify certain loans as priority sector. The central bank has expanded the definition of priority sector lending to include loans for renewable energy projects and electric vehicle financing. Banks can now count these loans toward their priority sector targets which currently stand at 40% of adjusted net bank credit.,FINANCE_POLICY
SEBI penalizes mutual fund house for regulatory violations. The market regulator imposed a penalty of Rs 10 crore on a leading asset management company for violations related to front-running by dealers. The investigation found that certain employees had traded ahead of large fund orders to benefit personal accounts.,FINANCE_POLICY
ECB maintains negative interest rate policy unchanged. The European Central Bank kept its key deposit rate at minus 0.50% amid weakening economic indicators across the eurozone. President Lagarde indicated the central bank stands ready to adjust policy instruments if inflation outlook deteriorates further.,FINANCE_POLICY
SEC proposes new rules for private fund advisers. The Securities and Exchange Commission released proposed regulations requiring greater transparency from advisers managing private equity and hedge funds. The rules would mandate quarterly fee and performance reporting to investors and prohibit certain preferential treatment arrangements.,FINANCE_POLICY
RBI asks banks to strengthen anti-money laundering framework. The Reserve Bank has directed banks to enhance their transaction monitoring systems and suspicious transaction reporting mechanisms. The circular emphasizes the need for robust customer due diligence especially for high-risk categories including politically exposed persons.,FINANCE_POLICY
SEBI streamlines IPO listing process for startups. The market regulator has introduced a simplified listing framework for technology startups on the Innovators Growth Platform. The new norms relax profitability requirements and allow companies with minimum revenues of Rs 100 crore to access public markets.,FINANCE_POLICY
Bank of Japan maintains ultra-loose monetary policy. The BOJ kept its yield curve control policy unchanged at its latest meeting despite rising inflationary pressures. Governor Ueda stated that sustainable wage growth remains necessary before considering any adjustment to the accommodative policy stance.,FINANCE_POLICY
RBI revokes license of payment aggregator for violations. The central bank cancelled the certificate of authorization of a payment aggregator for serious compliance failures including data localization and merchant onboarding norm violations. The entity has been directed to settle all pending transactions within 90 days.,FINANCE_POLICY
Government extends emergency credit line guarantee scheme. The Finance Ministry announced extension of the ECLGS scheme until March 2024 to provide continued support to MSMEs and businesses impacted by economic challenges. The scheme has disbursed over Rs 3.5 lakh crore in guaranteed credit since inception.,FINANCE_POLICY
Bitcoin rallies to new all-time high above $100000 on institutional demand. The world's largest cryptocurrency surged past the psychological barrier as major institutional investors increased their allocations. The rally was fueled by expectations of spot Bitcoin ETF approval and growing adoption by corporate treasuries seeking inflation hedges.,DIGITAL_ASSETS
Ethereum surges past $5000 following successful network upgrade. The second largest cryptocurrency reached new highs after the completion of a major protocol upgrade that significantly reduced transaction costs. The improvement in network efficiency has attracted increased activity from decentralized finance protocols and NFT marketplaces.,DIGITAL_ASSETS
"Binance faces regulatory crackdown in multiple jurisdictions. The world's largest cryptocurrency exchange is dealing with enforcement actions from regulators in the United States, United Kingdom, and several Asian countries. Authorities have raised concerns about compliance with anti-money laundering regulations and consumer protection requirements.",DIGITAL_ASSETS
Coinbase reports record quarterly trading volume of $500 billion. The publicly traded cryptocurrency exchange posted strong results driven by increased retail and institutional trading activity. The company also announced expansion of its institutional custody services and launch of new derivative products.,DIGITAL_ASSETS
"Bitcoin ETF sees massive inflows on first trading day. The newly approved spot Bitcoin exchange-traded fund attracted over $2 billion in assets on its debut, exceeding analyst expectations. The launch marks a milestone for cryptocurrency adoption as traditional investors gain easy access to Bitcoin exposure.",DIGITAL_ASSETS
"Solana network experiences brief outage affecting DeFi protocols. The high-speed blockchain suffered a temporary disruption lasting several hours due to a bug in the consensus mechanism. Developers released a patch and validators coordinated to restore network operations, though the incident raised concerns about network reliability.",DIGITAL_ASSETS
XRP jumps 25% after favorable court ruling in SEC case. Ripple Labs scored a partial victory as the court ruled that programmatic sales of XRP on exchanges did not constitute securities offerings. The decision provides clarity for the broader cryptocurrency industry regarding token classification.,DIGITAL_ASSETS
NFT marketplace OpenSea achieves $2 billion monthly trading volume. The leading non-fungible token platform reported record activity driven by renewed interest in digital collectibles and art. The marketplace also announced reduced creator fees and enhanced royalty enforcement mechanisms.,DIGITAL_ASSETS
Bitcoin mining difficulty reaches all-time high as hashrate grows. The network automatically adjusted difficulty upward by 8% reflecting increased competition among miners. The higher difficulty ensures block times remain around 10 minutes despite the growing computational power dedicated to securing the network.,DIGITAL_ASSETS
"Ethereum completes Shanghai upgrade enabling staking withdrawals. The long-awaited network improvement allows validators to withdraw their staked ETH for the first time since the merge to proof-of-stake. Despite fears of selling pressure, the upgrade proceeded smoothly with orderly withdrawal queues.",DIGITAL_ASSETS
"Cardano launches smart contract functionality attracting developers. The proof-of-stake blockchain activated its Alonzo upgrade enabling decentralized applications. Multiple DeFi protocols and NFT platforms announced plans to build on Cardano, citing its academic approach to development and energy efficiency.",DIGITAL_ASSETS
Crypto exchange Kraken expands to Asian markets with new licenses. The San Francisco-based exchange obtained regulatory approvals in Singapore and Japan allowing it to offer services to customers in these jurisdictions. The expansion is part of Kraken's strategy to grow its international presence.,DIGITAL_ASSETS
Bitcoin whale moves $800 million to unknown wallet sparking speculation. Blockchain analysts detected a large transfer from a dormant wallet that had been inactive for several years. The movement triggered debate about whether the holder intends to sell or is simply reorganizing custody arrangements.,DIGITAL_ASSETS
DeFi protocol Aave reaches $25 billion in total value locked. The decentralized lending platform achieved a milestone as users deposited record amounts of cryptocurrency to earn yields and access loans. The protocol expanded to multiple blockchain networks to capture growing demand for permissionless finance.,DIGITAL_ASSETS
Polygon processes more daily transactions than Ethereum mainnet. The Layer 2 scaling solution handled over 3 million transactions in a single day as users sought lower fees for DeFi and gaming applications. The network's growth demonstrates demand for scalable blockchain infrastructure.,DIGITAL_ASSETS
Bitcoin drops 18% as regulatory concerns intensify globally. The leading cryptocurrency experienced sharp losses amid news of stricter regulations in multiple countries. Leveraged positions worth billions were liquidated as prices cascaded through key support levels.,DIGITAL_ASSETS
Ethereum staking rewards increase following merge to proof-of-stake. Validators are now earning higher returns as the network transitioned away from energy-intensive mining. The change reduced Ethereum's energy consumption by over 99% while creating new yield opportunities for token holders.,DIGITAL_ASSETS
Dogecoin surges 40% on Elon Musk Twitter integration hints. The meme cryptocurrency rallied after the tech billionaire suggested potential payment features for the social media platform. Trading volumes spiked as retail investors speculated on future utility for the token.,DIGITAL_ASSETS
Crypto lending platform Celsius files for bankruptcy amid liquidity crisis. The troubled lender sought Chapter 11 protection after freezing customer withdrawals due to extreme market conditions. Users with billions in deposits face uncertain recovery prospects as the company restructures.,DIGITAL_ASSETS
Bitcoin futures open interest reaches $30 billion on CME. Institutional participation in regulated cryptocurrency derivatives hit record levels as more asset managers gain exposure through futures contracts. The growth reflects maturing market infrastructure and increasing institutional comfort with digital assets.,DIGITAL_ASSETS
Avalanche TVL grows 400% in three months on DeFi expansion. The high-speed blockchain attracted significant capital inflows as new lending and trading protocols launched. Incentive programs offering token rewards accelerated user adoption and liquidity growth across the ecosystem.,DIGITAL_ASSETS
SEC delays decision on spot Bitcoin ETF application again. The regulator extended its review period for pending Bitcoin fund applications citing need for additional public comment on market manipulation concerns. The delay disappointed investors hoping for imminent approval of the investment vehicle.,DIGITAL_ASSETS
Uniswap processes $1.5 trillion in cumulative trading volume. The decentralized exchange reached a milestone as traders increasingly prefer non-custodial venues for cryptocurrency swaps. The protocol generates significant fee revenue distributed to liquidity providers and UNI token holders.,DIGITAL_ASSETS
Bitcoin hashrate hits new peak as Texas miners expand operations. The network's computational power increased to 500 exahashes per second driven by large-scale mining facilities in the United States. The growth reinforces Bitcoin's security while raising environmental sustainability questions.,DIGITAL_ASSETS
NSE trading halted for three hours due to technical glitch in matching system. The National Stock Exchange experienced a major disruption affecting equity and derivatives trading during the afternoon session. The exchange later confirmed the issue was caused by a software bug that has been resolved.,MARKET_INFRASTRUCTURE
Treasury bond auction receives strong demand at 7.35% yield. The government's auction of 10-year dated securities saw bids exceeding the offered amount by 2.8 times. Primary dealers and insurance companies were major participants as yields reached attractive levels for long-term portfolios.,MARKET_INFRASTRUCTURE
BSE signs MOU with Deutsche Borse for technology partnership. The Bombay Stock Exchange entered a strategic agreement with the German exchange operator covering areas like surveillance systems and index development. The partnership aims to bring international best practices to Indian capital markets.,MARKET_INFRASTRUCTURE
Government securities yield curve inverts signaling recession concerns. The yield on 2-year government bonds exceeded that of 10-year bonds for the first time in several years. Market participants interpret the inversion as a warning sign of potential economic slowdown ahead.,MARKET_INFRASTRUCTURE
NYSE extends trading hours to 22 hours for select securities. The New York Stock Exchange announced plans to allow extended trading in major ETFs and high-volume stocks. The move aims to capture demand from international investors and compete with 24-hour crypto markets.,MARKET_INFRASTRUCTURE
NSCCL introduces new margin framework for derivatives trading. The National Securities Clearing Corporation released updated margin calculation methodology incorporating peak margin requirements and exposure-based components. The changes aim to reduce systemic risk in the derivatives segment.,MARKET_INFRASTRUCTURE
"10-year treasury yield breaches 4.5% for first time in decade. Government bond yields rose sharply as markets repriced expectations for monetary policy trajectory. The higher rates have significant implications for mortgage costs, corporate borrowing, and equity valuations.",MARKET_INFRASTRUCTURE
MCX gold futures hit all-time high of Rs 65000 per 10 grams. Domestic gold prices reached record levels driven by international price gains and rupee weakness. The commodity exchange reported record trading volumes as investors sought safe haven assets amid global uncertainty.,MARKET_INFRASTRUCTURE
State development loan auction sees full subscription at elevated yields. State governments successfully raised Rs 30000 crore through bond issuances with yields 25-30 basis points above comparable central government securities. Market participants noted improved demand for state paper.,MARKET_INFRASTRUCTURE
NASDAQ implements new circuit breaker for individual stocks. The exchange introduced tighter trading halts for securities experiencing rapid price movements. The mechanism aims to prevent flash crashes while allowing price discovery during volatile periods.,MARKET_INFRASTRUCTURE
Corporate bond issuances surge to Rs 8 lakh crore in fiscal year. Companies raised record amounts through bond sales as borrowers locked in rates ahead of anticipated increases. The growth was led by financial services firms and public sector undertakings.,MARKET_INFRASTRUCTURE
BSE launches electronic gold receipt trading segment. The exchange commenced trading in electronic gold receipts allowing investors to buy and sell gold-backed instruments with seamless physical delivery option. The product aims to bring transparency and ease to gold investments.,MARKET_INFRASTRUCTURE
Treasury bill auction cut-off yield rises 15 basis points. The weekly auction of 91-day treasury bills saw yields increase sharply reflecting tight liquidity conditions in the banking system. The RBI accepted bids worth Rs 15000 crore against notified amount of Rs 20000 crore.,MARKET_INFRASTRUCTURE
SGX partners with NSE for joint trading product development. Singapore Exchange and National Stock Exchange announced collaboration to develop derivatives products based on Indian underlyings. The partnership will provide international investors better access to India exposure.,MARKET_INFRASTRUCTURE
Municipal bond market sees increased issuance from urban local bodies. Several city corporations successfully raised funds through bond markets for infrastructure projects with yields offering attractive spreads over government securities. The growth signals deepening of subnational debt markets.,MARKET_INFRASTRUCTURE
"Stocks sink sharply as weak quarterly earnings disappoint investors. Major indices fell over 2% as bellwether companies reported profit declines and cautious outlooks. The selloff was broad-based with banking, IT and consumer sectors all facing significant selling pressure during the session.",MARKET_MOVEMENT
Markets rally strongly on positive US employment data release. Benchmark indices gained 1.5% following jobs report showing resilient labor market conditions. The data eased recession concerns and boosted sentiment toward risk assets globally including emerging market equities.,MARKET_MOVEMENT
Nifty hits fresh all-time high above 22000 amid FII buying spree. The benchmark index reached record levels as foreign institutional investors turned net buyers after months of selling. IT and banking stocks led the advance with several components touching 52-week highs.,MARKET_MOVEMENT
Tech shares surge 5% on artificial intelligence investment boom. Technology stocks rallied sharply as companies announced increased spending on AI infrastructure and applications. Chip makers and cloud computing providers led gains on expectations of sustained demand growth.,MARKET_MOVEMENT
Global equities selloff extends to fourth consecutive day amid rate fears. Stock markets worldwide declined as central banks signaled higher for longer interest rate policies. Emerging markets faced additional pressure from dollar strength and capital outflows to safer assets.,MARKET_MOVEMENT
Sensex plunges 800 points on heavy profit booking before monthly expiry. The benchmark index saw sharp losses as traders squared positions ahead of derivatives settlement. FIIs were net sellers while domestic institutions provided some support through the volatile session.,MARKET_MOVEMENT
Risk sentiment improves as inflation data shows cooling price pressures. Markets rallied after consumer price index came in below expectations suggesting central bank rate hikes may be nearing an end. Equity futures jumped while bond yields declined on the news.,MARKET_MOVEMENT
Banking stocks lead market recovery on rate cut expectations. The Nifty Bank index gained 3% as investors positioned for potential monetary policy easing in coming months. Private sector banks outperformed PSU counterparts on better asset quality metrics.,MARKET_MOVEMENT
Dow Jones crashes 1200 points in worst single day this year. US markets experienced severe losses triggered by combination of weak economic data and hawkish Fed commentary. The VIX volatility index spiked above 30 as investors rushed to hedge portfolios.,MARKET_MOVEMENT
"Indian markets outperform emerging market peers on domestic flows. Despite FII selling pressure, Indian equities held up better than other developing market stocks supported by strong domestic institutional buying and retail participation through systematic investment plans.",MARKET_MOVEMENT
Small cap stocks rally 8% as risk appetite returns to markets. The Nifty Smallcap 100 index outperformed large caps significantly as investors hunted for growth opportunities in smaller companies. Liquidity conditions and improved earnings visibility supported the rally.,MARKET_MOVEMENT
Markets trade in narrow range ahead of crucial Federal Reserve decision. Benchmark indices moved sideways with low volumes as participants awaited policy announcement. Implied volatility in options increased reflecting expectations of significant post-event moves.,MARKET_MOVEMENT
Pharma stocks surge 6% on positive clinical trial results announcement. Healthcare sector led market gains after a major company reported breakthrough results for its oncology drug candidate. The news triggered broad-based buying in pharmaceutical and biotechnology shares.,MARKET_MOVEMENT
FIIs turn net buyers for first time in six months with Rs 5000 crore inflows. Foreign institutional investors reversed their selling trend purchasing Indian equities aggressively as valuations became attractive. The turnaround provided significant support to market sentiment.,MARKET_MOVEMENT
European stocks fall 3% on deepening recession fears in Germany. Continental markets declined sharply following weak manufacturing data from the eurozone's largest economy. Export-oriented and industrial stocks faced heaviest selling pressure during the session.,MARKET_MOVEMENT
Inflation hits 5-year high at 6.5% driven by food and fuel prices. The consumer price index rose sharply exceeding central bank forecasts and market expectations. Vegetable prices increased 15% while energy costs climbed 8% compared to the previous year putting pressure on household budgets.,MACRO_ECONOMIC
FOMC holds interest rate steady at 5.25-5.50% range. The Federal Reserve kept rates unchanged while signaling one more potential increase this year depending on incoming economic data. Chair Powell emphasized that policy decisions will be made meeting by meeting based on evidence.,MACRO_ECONOMIC
GDP growth slows to 4.1% in Q3 from 7.8% in previous quarter. The economy expanded at a slower pace as consumption and investment activity moderated. Government spending provided support while net exports dragged on growth amid weak global demand for goods.,MACRO_ECONOMIC
RBI MPC cuts repo rate by 25 basis points to 6.25% citing controlled inflation. The Monetary Policy Committee voted 4-2 for a rate reduction as inflation remained within the target band for several consecutive months. The central bank maintained its accommodative policy stance.,MACRO_ECONOMIC
Unemployment rate drops to 3.5% lowest level in five decades. The labor market remained extremely tight with employers struggling to fill open positions across sectors. Wage growth accelerated to 5.5% annually reflecting the strong bargaining power of workers.,MACRO_ECONOMIC
"Core inflation remains sticky at 5.3% despite headline moderation. Underlying price pressures continued elevated driven by services sector costs including rents, healthcare, and education. The central bank expressed concern about embedded inflation expectations.",MACRO_ECONOMIC
Federal Reserve signals only two rate cuts in 2025 versus market expectations of four. The updated dot plot projections showed policymakers expect to maintain restrictive policy longer than financial markets had anticipated. Bond yields jumped on the hawkish guidance.,MACRO_ECONOMIC
CPI inflation eases to 4.5% on base effect and lower commodity prices. Consumer price index declined from previous months as favorable statistical comparisons and softening global crude prices provided relief. Food inflation however remained elevated at 7%.,MACRO_ECONOMIC
ECB raises key rates by 50 basis points in fight against inflation. The European Central Bank delivered larger than expected increase citing persistent price pressures in the eurozone economy. President Lagarde indicated more hikes are likely in coming meetings.,MACRO_ECONOMIC
"US nonfarm payrolls exceed expectations at 285000 jobs added in November. The labor market showed continued resilience with employment gains spread across sectors including healthcare, hospitality, and professional services. The unemployment rate held steady at 3.7%.",MACRO_ECONOMIC
WPI inflation turns negative at minus 1.2% for fourth consecutive month. Wholesale prices continued declining due to deflation in manufactured goods and easing commodity costs. The divergence from retail inflation reflects different basket compositions and pricing dynamics.,MACRO_ECONOMIC
Bank of England maintains hawkish stance despite slowing economy. The MPC kept rates at 5.25% and pushed back against market expectations for near-term cuts. Policymakers remain concerned about wage-price dynamics in the services sector.,MACRO_ECONOMIC
Industrial production grows 5.8% in October beating analyst estimates. Factory output accelerated driven by strong performance in capital goods and consumer durables segments. The data suggests manufacturing sector momentum is improving despite global headwinds.,MACRO_ECONOMIC
Fed balance sheet reduction continues at $95 billion monthly pace. The central bank persisted with quantitative tightening allowing Treasury and mortgage securities to roll off without reinvestment. Total assets have declined by $1 trillion from pandemic peaks.,MACRO_ECONOMIC
Retail inflation breaches RBI upper tolerance band reaching 6.5%. The consumer price index exceeded the central bank's 6% upper limit triggering accountability requirements. The MPC will need to explain to the government why inflation remained elevated.,MACRO_ECONOMIC
US imposes new 25% tariffs on Chinese steel and aluminum imports. The Biden administration expanded trade restrictions citing national security concerns and unfair subsidies to Chinese manufacturers. The tariffs affect approximately $18 billion worth of annual imports creating supply chain adjustments.,GEO_FINANCIAL
Dollar strengthens to 20-year high as trade tensions escalate globally. The US dollar index reached elevated levels driven by safe haven demand and interest rate differentials. Emerging market currencies faced significant pressure with several hitting record lows against the greenback.,GEO_FINANCIAL
Oil prices surge 8% to $95 per barrel amid Middle East conflict escalation. Crude oil rallied sharply following geopolitical developments threatening supply disruptions from the region. Brent crude reached highest levels since 2022 as traders assessed potential production impacts.,GEO_FINANCIAL
Japan intervenes in currency markets to support weakening yen past 155. The Ministry of Finance confirmed dollar selling intervention as the yen depreciated to multi-decade lows. Authorities warned against speculative positioning while seeking to slow the pace of currency decline.,GEO_FINANCIAL
EU announces comprehensive sanctions package on Russian energy exports. The European Union implemented measures restricting Russian oil imports by sea and capping prices for Russian crude sold to third countries. The sanctions aim to reduce Kremlin revenues while managing global supply impacts.,GEO_FINANCIAL
Rupee depreciates to all-time low of 84.50 against US dollar. The Indian currency weakened under pressure from surging crude prices and portfolio outflows. The RBI intervened to prevent disorderly conditions while allowing gradual adjustment to market forces.,GEO_FINANCIAL
"China retaliates with tariffs on $50 billion of US agricultural products. Beijing announced countermeasures targeting American soybeans, corn, and meat products in response to US trade actions. The escalation threatens to disrupt global agricultural commodity flows and prices.",GEO_FINANCIAL
Gold rallies to record $2400 per ounce on safe haven demand. The precious metal reached all-time highs as investors sought protection against geopolitical risks and inflation. Central bank purchases and ETF inflows added to physical demand supporting prices.,GEO_FINANCIAL
Brent crude tops $100 per barrel for first time since 2022 on supply concerns. Oil prices broke psychological barrier amid production outages and strong demand. OPEC plus maintained production cuts while geopolitical tensions threatened additional supply disruptions.,GEO_FINANCIAL
Euro weakens to parity with dollar on recession fears in eurozone. The common currency declined sharply as economic indicators pointed to contraction in major European economies. Energy supply concerns and weak manufacturing data weighed on sentiment.,GEO_FINANCIAL
Trade war fears trigger currency market volatility index spike to yearly high. The CVIX measure of implied foreign exchange volatility surged as investors hedged exposure to potential tariff escalations. Option premiums increased significantly across major currency pairs.,GEO_FINANCIAL
Natural gas prices spike 25% on Russia supply cuts to Europe. European benchmark prices jumped after Gazprom reduced pipeline flows citing technical issues. Storage levels remained below seasonal norms raising concerns about winter heating supplies.,GEO_FINANCIAL
Dollar index hits two-decade high at 114 on Fed hawkishness and global risk aversion. The broad dollar measure strengthened against all major currencies as US rates rose faster than counterparts. The strong dollar creates headwinds for emerging markets and commodity exporters.,GEO_FINANCIAL
China yuan falls below 7.30 key level against dollar on economic concerns. The offshore renminbi weakened despite PBOC intervention efforts as property sector troubles and weak exports weighed on sentiment. Capital outflow pressures intensified amid rate differentials.,GEO_FINANCIAL
OPEC plus agrees to extend production cuts through end of 2024. The oil producing group decided to maintain supply restrictions to support prices amid uncertain demand outlook. Saudi Arabia announced additional voluntary cuts to reinforce market stability.,GEO_FINANCIAL
Appeal No. 6674 of 2024 filed by Sharma vs SEBI challenging penalty order. The appellant has contested the adjudication order imposing monetary penalty for alleged violations of insider trading regulations. The matter relates to trading activity during the pre-announcement period of a corporate restructuring.,SKIP
Should I invest my retirement savings in mutual funds or fixed deposits? I am 55 years old and planning to retire in 5 years. My current savings are Rs 50 lakh and I want to ensure regular income post retirement while protecting my capital from market volatility.,SKIP
"My neighbor inherited Rs 80 lakh from his late father. He is confused about where to invest this money. Should he buy property, invest in stock market or keep in bank fixed deposits? Please suggest the best option for someone who has no investment experience.",SKIP
Appeal Nos. 6670 and 6671 of 2024 filed by petitioners challenging enforcement order. The appeals arise from SEBI's investigation into alleged price manipulation in the shares of XYZ Limited during the period January to March 2023. The appellants deny all charges.,SKIP
Order in the matter of ABC Securities Ltd enforcement proceedings for violation of broker regulations. The adjudicating officer has found the noticee guilty of multiple violations including failure to segregate client funds and inadequate risk management systems. Penalty of Rs 1 crore imposed.,SKIP
Can you recommend a good stock to buy now for short term gains? I have heard that some pharma company is going to announce good results next quarter. Should I buy before the results come out? My budget is around Rs 2 lakh.,SKIP
I am 32 years old working in IT sector with salary of Rs 1.5 lakh per month. I want to achieve financial independence by age 45. How much should I invest monthly and in what instruments? Should I take more risk at this age?,SKIP
"What is the best SIP to invest in for my child's higher education? She is currently 8 years old and I want to accumulate Rs 50 lakh in 10 years. Should I choose large cap, mid cap or multi cap funds for this goal?",SKIP
Order passed in the matter of PQR Ltd regarding violation of listing regulations. The company failed to disclose material information regarding change in key managerial personnel and related party transactions within prescribed timelines. Warning issued with direction to comply.,SKIP
"My father retired last month and received Rs 1 crore as retirement benefits. He wants safe investment options that can give monthly income of at least Rs 50000. What combination of FD, bonds and annuity should he consider?",SKIP
Appeal filed by Gupta family challenging SEBI order debarring them from securities markets. The appellants were found to have engaged in synchronized trading to create artificial volume in scrips. They seek stay on the debarment pending appeal hearing.,SKIP
Is it good time to buy gold or should I wait for prices to fall further? I want to buy 100 grams for my daughter's wedding which is scheduled after 3 years. Should I buy physical gold or gold ETF?,SKIP
My friend lost Rs 5 lakh in options trading last year. He is asking me to try my luck as I might be more successful. Should I start trading in futures and options? I have Rs 3 lakh savings.,SKIP
Order in the matter of insider trading case involving employees of listed company. Investigation revealed that certain employees had traded in company shares while in possession of unpublished price sensitive information about impending acquisition. Proceedings initiated.,SKIP
What investment is best for my child's education fund? She is 5 years old and I need Rs 30 lakh after 13 years for her undergraduate studies abroad. Should I invest in equity mutual funds or education savings plan?,SKIP
Appeal No. 5678 of 2024 in the case of Patel versus adjudicating officer SEBI. The appellant challenges the penalty imposed for alleged front running of client orders. The appeal argues that evidence relied upon by the officer is circumstantial and inconclusive.,SKIP
Apple launches iPhone 16 Pro with advanced AI features and improved camera system. The new flagship smartphone introduces on-device machine learning capabilities for photo editing and text summarization. The device features a titanium frame and improved battery life of up to 29 hours of video playback.,NON_FINANCE
Scientists discover high-temperature superconductor that works at room temperature. The breakthrough material could revolutionize power transmission and computing by eliminating electrical resistance. Researchers at the university published findings in Nature showing sustained superconductivity at 25 degrees Celsius.,NON_FINANCE
India wins Cricket World Cup 2024 defeating Australia by 8 wickets in final. The team lifted the trophy after a dominant bowling performance restricted Australia to 241 runs. Captain Sharma scored an unbeaten century as India chased down the target with 10 overs to spare.,NON_FINANCE
New fusion cuisine restaurant opens in Mumbai garnering rave reviews from critics. The establishment combines traditional Indian flavors with Japanese cooking techniques creating unique dishes. Celebrity chef leads the kitchen which has already attracted waiting lists extending several weeks.,NON_FINANCE
Prime Minister visits flood-affected regions of Assam announcing relief package. The government committed Rs 5000 crore for rehabilitation and reconstruction in affected districts. Over 2 million people were displaced by the flooding which caused extensive damage to infrastructure and agriculture.,NON_FINANCE
Google announces major update to Android 15 operating system with privacy features. The new version includes enhanced app permission controls and on-device AI processing for sensitive data. The update will roll out to compatible devices starting next month.,NON_FINANCE
Researchers find promising treatment for rare genetic disorder affecting children. Clinical trials showed 80% improvement in patients receiving the gene therapy. The treatment targets the underlying genetic mutation rather than managing symptoms offering hope for a cure.,NON_FINANCE
Tennis star wins fourth consecutive Grand Slam title at Australian Open. The champion defeated the second seed in straight sets to extend dominance over the tour. The victory moves the player closer to the all-time record for major titles.,NON_FINANCE
SpaceX successfully launches largest rocket ever built on test flight. The Starship vehicle reached orbital velocity before intentional termination over the Pacific Ocean. The mission validates key systems needed for future lunar and Mars exploration programs.,NON_FINANCE
Southwest monsoon arrives early bringing relief to drought-affected farming regions. The India Meteorological Department reported above-normal rainfall across most agricultural states. Reservoir levels improved significantly easing concerns about irrigation water availability for kharif sowing.,NON_FINANCE
Microsoft releases new Surface laptop with revolutionary ARM-based chip architecture. The device promises all-day battery life of over 20 hours while delivering desktop-class performance. Compatibility with legacy Windows applications is achieved through advanced emulation technology.,NON_FINANCE
Archaeological team discovers ancient temple ruins dating back 3000 years. The excavation site in southern India revealed intricate stone carvings and bronze artifacts. Historians believe the temple was dedicated to a Vedic deity and served as a major pilgrimage center.,NON_FINANCE
Indian Premier League announces expansion to two new franchise cities. The addition of teams based in Lucknow and Ahmedabad will create a 10-team competition starting next season. Franchise rights were sold for combined value exceeding Rs 12000 crore.,NON_FINANCE
Electric vehicle startup unveils affordable car model priced under Rs 10 lakh. The compact hatchback offers range of 300 kilometers on single charge and fast charging capability. The company plans to scale production to 100000 units annually within two years.,NON_FINANCE
Cyclone warning issued for eastern coastal regions as storm intensifies. The India Meteorological Department advised fishermen not to venture into sea as wind speeds expected to reach 150 kmph. Evacuation of low-lying areas has commenced in vulnerable districts.,NON_FINANCE
Samsung launches Galaxy S25 Ultra with improved 200 megapixel camera system. The flagship smartphone features enhanced AI photography capabilities and longer battery life. The device will be available in India from next week at starting price of Rs 129999.,NON_FINANCE
Medical researchers announce breakthrough in Alzheimer's disease treatment approach. The new drug showed 35% reduction in cognitive decline during Phase 3 trials. Regulatory agencies are reviewing the data for potential accelerated approval pathway.,NON_FINANCE
International Olympic Committee announces Paris as host city for 2036 Summer Games. The decision follows streamlined bidding process designed to reduce costs and increase sustainability. Paris will become first city to host Olympics three times in modern era.,NON_FINANCE
Netflix releases highly anticipated documentary series on climate change impacts. The eight-part production features stunning cinematography from remote locations worldwide. Scientists and activists interviewed in the series call for urgent action to reduce carbon emissions.,NON_FINANCE
Heavy unseasonal rainfall causes widespread traffic disruption across Delhi NCR region. Waterlogging reported in multiple areas as drainage systems overwhelmed by volume. Authorities advise residents to avoid non-essential travel until conditions improve.,NON_FINANCE
RBI announces framework for digital rupee pilot program expansion. The Reserve Bank of India outlined plans to extend the central bank digital currency trial to more banks and use cases including business-to-business payments. The phased rollout will help assess scalability and user adoption patterns.,FINANCE_POLICY
SEBI tightens norms for alternative investment funds investing in stressed assets. The regulator mandated stricter valuation standards and disclosure requirements for AIFs purchasing distressed debt. The circular requires independent valuation at least quarterly and detailed reporting on recovery prospects.,FINANCE_POLICY
Federal Reserve Bank of New York conducts emergency liquidity operations. The regional Fed injected $75 billion through overnight repo operations to ease funding pressures in money markets. The intervention followed sharp spike in overnight borrowing rates that exceeded the target range.,FINANCE_POLICY
Government unveils national logistics policy to reduce transaction costs for businesses. The policy targets reduction in logistics costs from 14% to 8% of GDP through infrastructure investments and regulatory reforms. Digital integration of all modes of transport is a key component of the initiative.,FINANCE_POLICY
"RBI Governor addresses banking sector concerns on asset quality deterioration. In speech to industry association, the Governor emphasized need for conservative provisioning and strong capital buffers. He warned against aggressive loan growth strategies that compromise credit underwriting standards.",FINANCE_POLICY
SEBI approves new framework for social stock exchanges in India. The regulatory framework allows non-profit organizations to raise funds through zero coupon zero principal instruments. Listed social enterprises will face lighter compliance requirements while maintaining transparency for donors and investors.,FINANCE_POLICY
Central bank announces liberalization of overseas investment limits for residents. Indians can now invest up to $250000 annually in foreign securities without prior approval up from previous limit of $150000. The move aligns with capital account liberalization objectives and growing investor interest in global markets.,FINANCE_POLICY
"Ministry of Finance releases guidelines for green bond issuances by corporates. The framework defines eligible project categories including renewable energy, clean transportation, and sustainable water management. Issuers must provide annual impact reports on environmental outcomes achieved through proceeds deployment.",FINANCE_POLICY
RBI introduces risk-based supervision framework for payment system operators. The new approach categorizes payment entities based on systemic importance and assigns proportionate oversight requirements. Large payment aggregators will face bank-like compliance standards while smaller players get simplified norms.,FINANCE_POLICY
SEBI mandates separation of investment advisory and distribution activities. The regulator requires entities to choose between providing fee-based advice or earning commissions from product distribution. The rule aims to eliminate conflicts of interest in financial product recommendations to retail investors.,FINANCE_POLICY
Bank regulator imposes prompt corrective action on weak public sector bank. The RBI restricted the bank from expanding branch network and making fresh loans in certain categories citing deteriorating financial metrics. The bank must submit a time-bound plan to improve capital adequacy and reduce bad loans.,FINANCE_POLICY
IRDAI allows insurance companies to invest in infrastructure investment trusts. The regulatory amendment expands permissible investment categories for insurer portfolios to include listed InvITs. The move aims to channel long-term insurance funds toward infrastructure development while providing stable returns.,FINANCE_POLICY
Reserve Bank releases discussion paper on expected credit loss framework for banks. The proposed transition from incurred loss to expected loss provisioning will require banks to set aside provisions earlier in the credit cycle. Implementation timeline of three years gives institutions time to upgrade systems.,FINANCE_POLICY
SEBI introduces accredited investor framework for sophisticated market participants. Individuals meeting minimum income or net worth thresholds can access products and strategies currently restricted to institutional investors. The framework includes appropriate suitability assessments and disclosure waivers.,FINANCE_POLICY
Government notifies changes to Insolvency and Bankruptcy Code for faster resolution. The amendments introduce pre-packaged resolution process for MSMEs and tighten timelines for admission of cases. Committee of creditors must approve resolution plans within 150 days of insolvency commencement.,FINANCE_POLICY
RBI cautions banks against concentration risk in commercial real estate lending. The circular highlights concerns about exposure buildup in office and retail property segments amid changing work patterns. Banks must conduct stress tests and maintain higher provisions for concentrated portfolios.,FINANCE_POLICY
"SEBI proposes T+1 settlement cycle for all equity trades from next year. The shortened settlement timeline will reduce counterparty risk and free up capital for market participants. Technology upgrades across exchanges, custodians and brokers are underway to support the faster cycle.",FINANCE_POLICY
"Central bank releases master direction on outsourcing of financial services. The comprehensive guidelines cover aspects including vendor selection, data security, business continuity and audit rights. Regulated entities remain fully responsible for outsourced activities and customer data protection.",FINANCE_POLICY
"Ministry of Corporate Affairs mandates ESG disclosures for top 1000 listed companies. The business responsibility and sustainability reporting framework requires detailed environmental and social metrics. Companies must disclose carbon emissions, water usage, supply chain labor practices and board diversity data.",FINANCE_POLICY
Litecoin gains 15% following announcement of merchant payment integration. The cryptocurrency rallied on news that major payment processor will support LTC for point-of-sale transactions. The development could significantly expand real-world utility for the peer-to-peer digital currency.,DIGITAL_ASSETS
Crypto exchange FTX files for bankruptcy in stunning collapse of empire. The once third-largest cryptocurrency trading platform sought Chapter 11 protection after liquidity crisis and reported misuse of customer funds. Billions in customer assets may be at risk as investigators examine company finances.,DIGITAL_ASSETS
Chainlink partners with major financial institutions for cross-chain data services. The oracle network announced collaboration to provide tamper-proof market data feeds for institutional DeFi applications. The partnership validates enterprise demand for reliable blockchain connectivity infrastructure.,DIGITAL_ASSETS
Bitcoin Lightning Network capacity exceeds 5000 BTC milestone. The Layer 2 scaling solution continued growing as more nodes and channels joined the network. The increased capacity enables faster and cheaper Bitcoin transactions for micropayments and everyday commerce.,DIGITAL_ASSETS
Stablecoin regulations proposed by US Treasury spark industry debate. The draft rules would require stablecoin issuers to maintain bank-like reserves and submit to federal supervision. Industry groups argue the framework could stifle innovation while consumer advocates support stronger oversight.,DIGITAL_ASSETS
Ethereum gas fees spike to $100 per transaction during NFT mint frenzy. Network congestion caused transaction costs to reach levels that priced out smaller users during highly anticipated collectibles launch. The episode renewed calls for accelerated Layer 2 adoption and scaling solutions.,DIGITAL_ASSETS
Tether maintains dollar peg stability despite market volatility and redemption pressures. The largest stablecoin by market cap processed billions in redemptions without incident as traders sought safety. The company released attestation report showing reserves exceeding liabilities.,DIGITAL_ASSETS
Bitcoin mining company announces IPO plans on NASDAQ exchange. The industrial-scale miner seeks to raise $500 million to expand operations and acquire additional mining equipment. The listing would provide liquidity for early investors and capital for growth in North America.,DIGITAL_ASSETS
Polkadot launches major upgrade enabling cross-chain asset transfers. The interoperability-focused blockchain completed milestone update allowing tokens to move between connected parachains. The functionality enables new DeFi applications leveraging assets across multiple networks.,DIGITAL_ASSETS
Crypto lending platform BlockFi reaches settlement with state regulators. The company agreed to pay fines and register its interest-bearing accounts as securities in multiple jurisdictions. The resolution provides regulatory clarity but increases compliance costs for the business model.,DIGITAL_ASSETS
Monero privacy features draw scrutiny from law enforcement agencies globally. The privacy-focused cryptocurrency faces potential delistings as exchanges respond to regulatory pressure regarding transaction traceability. Developers maintain that financial privacy is fundamental right for legitimate users.,DIGITAL_ASSETS
Metamask wallet integrates direct bank transfers for cryptocurrency purchases. The popular browser extension now allows users to buy crypto with debit cards and bank accounts directly within the application. The feature simplifies onboarding for new users entering the digital asset ecosystem.,DIGITAL_ASSETS
Grayscale Bitcoin Trust discount to NAV narrows on ETF conversion hopes. The closed-end fund traded closer to its underlying Bitcoin value as investors anticipated regulatory approval to convert to spot ETF format. The conversion would enable share redemptions eliminating the persistent discount.,DIGITAL_ASSETS
Ripple expands payment corridor with major Japanese banking consortium. The blockchain company will power cross-border transfers between Japan and Southeast Asian markets through its ODL service. The partnership validates enterprise blockchain adoption for international money movement.,DIGITAL_ASSETS
Decentraland virtual land prices collapse 90% from all-time highs. The metaverse platform's real estate market experienced dramatic correction as speculative interest waned. Active users declined significantly raising questions about long-term viability of virtual world investments.,DIGITAL_ASSETS
Bitcoin difficulty adjustment expected to decrease 5% as miners capitulate. The network will reduce computational requirements following drop in hashrate attributed to unprofitable mining at current prices. The adjustment ensures block production remains consistent despite miner exits.,DIGITAL_ASSETS
Phantom wallet adds multi-chain support expanding beyond Solana ecosystem. The popular self-custody wallet now supports Ethereum and Polygon networks in addition to its Solana origins. Users can manage assets across chains from single interface improving user experience.,DIGITAL_ASSETS
Genesis crypto lending unit halts withdrawals citing market conditions. The institutional lender suspended customer redemptions after contagion from FTX collapse affected its balance sheet. The freeze leaves counterparties uncertain about recovery timeline and amount.,DIGITAL_ASSETS
MicroStrategy adds $600 million in Bitcoin to corporate treasury holdings. The business intelligence company purchased additional cryptocurrency funded by convertible note offering. Total corporate Bitcoin holdings now exceed 150000 BTC representing significant balance sheet concentration.,DIGITAL_ASSETS
Cosmos ecosystem activity surges with new DeFi protocol launches. The interoperable blockchain network saw increased developer activity and user adoption across connected chains. Total value locked in Cosmos DeFi applications grew 200% quarter over quarter.,DIGITAL_ASSETS
SEC rejects another spot Bitcoin ETF application citing market manipulation concerns. The regulator denied the proposal from major asset manager concluding that surveillance sharing agreements remain inadequate. The decision extends years-long wait for US Bitcoin ETF approval.,DIGITAL_ASSETS
Algorand partners with FIFA for blockchain-based World Cup collectibles. The carbon-negative blockchain will power official digital collectibles program for the football tournament. The partnership brings blockchain technology to massive global audience of sports fans.,DIGITAL_ASSETS
Bitcoin Fear and Greed Index drops to extreme fear territory at 15. Market sentiment deteriorated sharply as prices declined and negative headlines dominated news coverage. The contrarian indicator suggests potential buying opportunity for long-term investors.,DIGITAL_ASSETS
CCIL implements new margining system for government securities trading. The Clearing Corporation of India introduced real-time margin collection for repo transactions to reduce settlement risk. Market participants have three months to upgrade systems for compliance.,MARKET_INFRASTRUCTURE
BSE StAR MF platform crosses 10 crore transaction milestone in mutual fund orders. The exchange platform processed record volumes as investors increasingly use digital channels for fund purchases. Systematic investment plan registrations through the platform also reached all-time highs.,MARKET_INFRASTRUCTURE
Government announces quarterly borrowing calendar with Rs 4 lakh crore target. The Finance Ministry released dates and amounts for sovereign bond auctions in coming quarter. Market participants noted front-loading of issuance to manage redemption pressures and fund fiscal deficit.,MARKET_INFRASTRUCTURE
NCDEX launches new commodity derivatives contracts on agricultural products. The National Commodity and Derivatives Exchange introduced futures on pulses and oilseeds following regulatory approval. The contracts provide price discovery and hedging tools for farmers and processors.,MARKET_INFRASTRUCTURE
Corporate bond market liquidity improves with new market making scheme. SEBI's initiative requiring merchant bankers to provide two-way quotes has narrowed bid-ask spreads significantly. Secondary market trading volumes increased 40% since implementation of the scheme.,MARKET_INFRASTRUCTURE
India INX achieves record trading turnover of $25 billion in single day. The international exchange at GIFT City saw surge in derivatives activity driven by global client participation. The milestone highlights growing relevance of India's offshore financial center.,MARKET_INFRASTRUCTURE
RBI conducts variable rate reverse repo auction absorbing Rs 2 lakh crore liquidity. The central bank drained surplus banking system liquidity through the facility as part of normalization operations. The weighted average rate came in close to repo rate indicating balanced conditions.,MARKET_INFRASTRUCTURE
Government securities market sees foreign investment surge to monthly record. FPI purchases of Indian bonds reached highest levels following index inclusion announcements. The inflows helped stabilize yields despite heavy government borrowing program.,MARKET_INFRASTRUCTURE
CDSL crosses 10 crore active demat accounts as retail participation grows. The depository achieved milestone reflecting broad-based equity ownership expansion across India. New account additions continued at pace of 30 lakh monthly driven by digital onboarding platforms.,MARKET_INFRASTRUCTURE
Triparty repo market grows 50% year-on-year on efficiency gains. The collateralized borrowing segment expanded as institutions preferred the clearing-house backed structure. CCIL's triparty repo system provides automated collateral management reducing operational burden.,MARKET_INFRASTRUCTURE
NSE introduces block deal window with 15 minute auction mechanism. The exchange launched structured facility for large trades allowing price discovery through competitive bidding. Institutional investors can execute significant positions without impacting continuous market prices.,MARKET_INFRASTRUCTURE
State government bond spreads widen to 50 basis points over central securities. State development loan yields increased as supply overwhelmed demand from traditional investor base. Weaker fiscal positions of certain states contributed to differentiated pricing.,MARKET_INFRASTRUCTURE
Metropolitan stock exchange receives final SEBI approval to commence operations. The new exchange will focus on small and medium enterprise listings providing alternative fundraising platform. Technology infrastructure has been tested and market making arrangements finalized.,MARKET_INFRASTRUCTURE
ICCL launches interest rate swaps clearing service for OTC derivatives. The clearing corporation began accepting rupee interest rate swap trades for central counterparty clearing. The service reduces bilateral credit risk and improves capital efficiency for participants.,MARKET_INFRASTRUCTURE
Treasury single account implementation reduces government cash management costs. The consolidated account structure for central government receipts and payments has improved fund utilization. Interest savings from better cash management estimated at Rs 5000 crore annually.,MARKET_INFRASTRUCTURE
Indian equities surge 3% on dovish global central bank commentary. Markets rallied sharply after Federal Reserve indicated potential pause in rate hiking cycle. Banking and real estate stocks led gains while defensive sectors underperformed in the risk-on environment.,MARKET_MOVEMENT
Midcap stocks underperform large caps for fifth consecutive week. The Nifty Midcap 100 lagged the benchmark by 300 basis points as investors rotated toward quality names. Profit booking after strong first half returns contributed to relative weakness in the segment.,MARKET_MOVEMENT
Reliance Industries shares hit all-time high on retail business expansion plans. The conglomerate's stock gained 5% after announcing aggressive store rollout targets and digital commerce initiatives. Market cap crossed Rs 20 lakh crore milestone for first time.,MARKET_MOVEMENT
Public sector bank stocks rally 8% on recapitalization announcement. Government committed additional capital infusion for state-owned banks to support credit growth and meet regulatory requirements. The sector had underperformed private peers significantly over past year.,MARKET_MOVEMENT
Metal stocks tumble as China demand concerns intensify on property crisis. Steel and aluminum producers fell sharply amid reports of further stress in Chinese real estate sector. Export-oriented companies faced double impact from weak demand and rupee appreciation.,MARKET_MOVEMENT
IT sector leads market decline as clients pause discretionary spending. Technology services companies warned of project delays and budget cuts by banking and retail customers. The guidance downgrades triggered sharp selloff across software exporters despite reasonable valuations.,MARKET_MOVEMENT
Auto stocks gain as monthly sales data exceeds analyst expectations. The Nifty Auto index rose 3% following strong volume growth reported by major manufacturers. Two-wheeler companies outperformed as rural demand showed signs of sustainable recovery.,MARKET_MOVEMENT
Nifty futures open interest reaches record high ahead of budget. Derivatives positioning indicated elevated expectations for policy announcements and fiscal stimulus measures. Options data showed increased put writing at lower strikes suggesting limited downside expectations.,MARKET_MOVEMENT
"Defensive sectors outperform as market volatility spikes on election uncertainty. FMCG, pharma and utility stocks attracted buying while cyclicals faced selling pressure. The rotation reflected defensive positioning ahead of general election results announcement.",MARKET_MOVEMENT
IPO market sees worst week since 2020 as three issues fail to get subscribed. New listings struggled amid poor secondary market conditions and stretched valuations. Investment bankers postponed several planned offerings awaiting improved sentiment.,MARKET_MOVEMENT
DIIs absorb FII selling with record monthly purchases of Rs 30000 crore. Domestic institutional investors primarily mutual funds provided counterbalance to foreign outflows. The support prevented sharper market corrections despite significant overseas selling.,MARKET_MOVEMENT
Market breadth turns negative with 4 stocks declining for every advancer. The deteriorating internal indicators suggested weakening underlying momentum despite index resilience. Mid and small cap segments bore brunt of selling while index heavyweights held up.,MARKET_MOVEMENT
Cement stocks surge on infrastructure spending push by government. The sector gained 6% following budget allocation increases for roads and housing construction. Analysts upgraded earnings estimates citing improved volume and pricing outlook.,MARKET_MOVEMENT
Options expiry day volatility pushes intraday swings to 3% range. The monthly derivatives settlement triggered sharp moves as open interest unwound in final hours. Index closed near maximum pain level validating option sellers' positioning.,MARKET_MOVEMENT
Real estate stocks plunge 10% on regulatory concerns about builder liquidity. The sharp decline followed reports of potential additional compliance requirements for project approvals. Highly leveraged developers faced steeper losses than established players.,MARKET_MOVEMENT
Producer price index shows deflationary pressures in manufacturing sector. The factory gate price measure declined for sixth consecutive month reflecting weak demand and lower input costs. Central bankers noted the divergence from consumer inflation as complicating factor for policy.,MACRO_ECONOMIC
Current account deficit narrows to 1.2% of GDP on services export strength. The external sector showed improvement as software and business services receipts offset merchandise trade gap. The sustainable deficit level reduces external vulnerability concerns.,MACRO_ECONOMIC
RBI maintains inflation forecast at 5.4% for fiscal year citing food price risks. The central bank's quarterly bulletin highlighted monsoon uncertainty and global commodity prices as key variables. Core inflation trajectory however was described as encouraging.,MACRO_ECONOMIC
US consumer confidence index drops to 18-month low on recession fears. The Conference Board measure declined sharply as households worried about job security and purchasing power. The weak sentiment could translate to reduced consumer spending ahead.,MACRO_ECONOMIC
Fiscal deficit reaches 45% of full year target in first half. Government expenditure outpaced revenue collections putting pressure on borrowing requirements. The trajectory suggests fiscal consolidation targets may be challenging to achieve.,MACRO_ECONOMIC
China PMI falls below 50 indicating manufacturing contraction continues. The purchasing managers index showed factory activity shrinking for fourth consecutive month. The weak data raised concerns about global growth spillovers from world's second largest economy.,MACRO_ECONOMIC
RBI projects 6.5% GDP growth for fiscal year citing domestic demand strength. The central bank's forecast assumed normal monsoon and gradual global recovery. Private consumption and fixed investment were identified as key growth drivers.,MACRO_ECONOMIC
Average weekly earnings growth accelerates to 6% raising wage-price spiral concerns. The labor market tightness continued translating into worker compensation gains. Central bankers worried about second-round effects on broader inflation dynamics.,MACRO_ECONOMIC
Japan exits technical recession with stronger than expected Q4 growth. The economy expanded 0.4% after two quarters of contraction supported by business investment and exports. The recovery however remained fragile given weak consumer spending.,MACRO_ECONOMIC
India's services PMI hits 12-month high at 59.5 on strong domestic demand. The survey indicated robust expansion in service sector activity led by financial services and hospitality. New business inflows and employment both showed healthy gains.,MACRO_ECONOMIC
Treasury yield curve steepens as long-term inflation expectations rise. The spread between 2-year and 10-year yields widened to 80 basis points from recent inversion. The normalization reflected evolving views on growth and policy trajectory.,MACRO_ECONOMIC
Real interest rate turns positive for first time in two years as inflation cools. The policy rate now exceeds inflation providing genuine returns to savers and transmission to borrowers. The development supports case for eventual rate normalization.,MACRO_ECONOMIC
US retail sales decline 0.6% as consumers cut back on discretionary purchases. The monthly reading showed spending weakness across most categories except essentials. Economists cited depleted pandemic savings and higher borrowing costs as factors.,MACRO_ECONOMIC
Bank credit growth accelerates to 15% year-on-year on retail and MSME demand. The pickup in lending activity suggested improving growth impulses in the economy. Working capital demand from companies also showed recovery from pandemic lows.,MACRO_ECONOMIC
Eurozone unemployment falls to historic low of 6.4% despite growth slowdown. The labor market remained remarkably resilient even as economic activity weakened. The tight conditions continued supporting wage demands and consumption.,MACRO_ECONOMIC
Money supply growth moderates to 9% as central bank tightens liquidity. The M3 aggregate expanded at slower pace reflecting transmission of monetary policy actions. Credit growth however remained robust suggesting healthy intermediation.,MACRO_ECONOMIC
Australian dollar plunges on surprise rate cut by Reserve Bank. The currency dropped 2% against major peers after central bank unexpectedly lowered rates citing inflation progress. Markets had been pricing in unchanged policy decision.,GEO_FINANCIAL
Copper prices surge 12% on supply disruption at major Chilean mine. The industrial metal rallied after labor strike halted production at one of world's largest copper operations. The supply squeeze tightened already lean inventories amid strong demand.,GEO_FINANCIAL
Swiss National Bank intervenes to stem franc appreciation to record levels. The central bank sold francs and purchased foreign currency to moderate the safe haven inflows. The strong currency poses deflationary risks and hurts export competitiveness.,GEO_FINANCIAL
European gas prices spike on Russian supply route transit dispute. The benchmark price jumped 30% after disagreement over pipeline transit fees raised concerns about winter supplies. Storage levels below seasonal averages amplified price volatility.,GEO_FINANCIAL
India-Russia rupee trade mechanism gains traction with oil importers. The bilateral arrangement allows settlement in local currencies bypassing dollar-based systems. Several major oil purchases have been completed through the rupee-ruble channel.,GEO_FINANCIAL
Brazilian real tumbles 5% on political uncertainty over fiscal policy direction. The currency weakened sharply after proposed spending measures raised concerns about debt sustainability. Central bank intervened but allowed gradual adjustment to new equilibrium.,GEO_FINANCIAL
Wheat prices collapse 15% as Black Sea grain corridor reopens for shipments. Global futures declined after agreement allowed Ukrainian exports to resume through the critical route. The deal eased food security concerns in importing developing countries.,GEO_FINANCIAL
Singapore dollar hits record high against regional currencies on safe haven flows. The managed currency appreciated as investors sought stability amid emerging market volatility. The Monetary Authority of Singapore allowed gradual appreciation to combat imported inflation.,GEO_FINANCIAL
US-EU steel tariff negotiations remain deadlocked over environmental standards. Trade talks stalled on disagreement about carbon border adjustment mechanisms and production subsidies. The impasse risks reimposition of Trump-era tariffs on European steel exports.,GEO_FINANCIAL
Palladium prices plunge as auto industry shifts away from internal combustion. The metal used in gasoline vehicle catalytic converters fell on accelerating electric vehicle adoption. Structural demand decline outweighed supply constraints from major producer Russia.,GEO_FINANCIAL
Turkish lira stabilizes after massive interest rate hike to 40%. The currency found footing after central bank finally embraced orthodox monetary policy to combat hyperinflation. Foreign investors cautiously returned to local bond markets after years of exodus.,GEO_FINANCIAL
North Sea Brent-WTI crude spread widens on US export capacity constraints. The Atlantic Basin benchmark diverged from American counterpart as pipeline bottlenecks limited flows. The spread creates arbitrage opportunities for trading houses with physical logistics capability.,GEO_FINANCIAL
Vietnam dong devaluation risks rise as foreign reserves decline. The central bank's defense of the currency band depleted buffers prompting speculation about widening the trading range. Export competitiveness concerns added to pressure for weaker dong.,GEO_FINANCIAL
Lithium prices crash 60% from peak as EV demand growth slows. The battery metal experienced dramatic correction after speculative buying reversed. New production capacity coming online added to oversupply concerns weighing on prices.,GEO_FINANCIAL
Indonesian rupiah weakens to four-year low on current account concerns. The currency depreciated as commodity export revenues declined while import bills remained elevated. Bank Indonesia raised rates to defend the rupiah and prevent capital flight.,GEO_FINANCIAL
Appeal No. 7892 of 2024 challenging SEBI order in the matter of ABC Company directors. The appellants have filed before Securities Appellate Tribunal seeking relief from trading ban imposed following investigation into suspected share price manipulation during preferential allotment period.,SKIP
How should I invest Rs 10 lakh lump sum received as bonus from my company? I am 40 years old with existing investments in PPF and equity mutual funds. My risk appetite is moderate and I may need this money for house renovation in 3-4 years.,SKIP
Final order passed against noticee in the matter of PMLA violations related to IPO financing. The enforcement directorate found that circular trading was facilitated using shell companies to artificially inflate demand during public offering. Attachment of properties has been ordered.,SKIP
What is the best way to save tax under section 80C for salaried employees? I have already exhausted ELSS limit and PPF contribution. Are there any other options I should consider for additional tax benefits under old regime?,SKIP
Order dated 15.10.2024 in Appeal No. 5432/2024 before the Securities Appellate Tribunal Mumbai. The appellant challenged the penalty of Rs 25 lakh levied by SEBI for alleged violation of listing regulations. The matter has been posted for final arguments next month.,SKIP
My retirement corpus is Rs 2 crore. How should I structure withdrawals to ensure money lasts 30 years? I want to maintain current lifestyle requiring Rs 1 lakh monthly while accounting for inflation. What asset allocation would you suggest?,SKIP
Notice issued in the matter of suspected circular trading in securities of XYZ Limited. Preliminary investigation revealed synchronized buy and sell orders executed through multiple connected entities to create artificial volume and price movement in the scrip.,SKIP
Should I break my fixed deposits to invest in stock market during this correction? I have Rs 25 lakh in FDs earning 7% while markets have fallen 15% from highs. Is this good time to shift allocation toward equities?,SKIP
Consent order passed in the matter of settlement application filed by registered broker. The applicant agreed to disgorge profits of Rs 50 lakh and pay penalty of Rs 10 lakh without admitting or denying findings in the SEBI investigation report.,SKIP
Can you suggest good dividend paying stocks for generating regular income? I am retired and need Rs 30000 monthly income from my stock portfolio. Should I focus on PSU stocks or private sector companies for reliable dividends?,SKIP
Order in the matter of alleged front running by employees of mutual fund house. Investigation established that dealers executed personal trades ahead of large fund orders to benefit from price impact. Debarment from securities market for 3 years imposed.,SKIP
What insurance cover is adequate for my family with spouse and two children? I am 35 years old earning Rs 20 lakh annually. Should I buy term plan or endowment policy? How much health insurance is sufficient nowadays?,SKIP
Directions issued under Securities Contracts Regulation Act in respect of unpaid dues by trading member. The member failed to settle investor complaints and margin shortfalls leading to expulsion from exchange membership. Investors advised to file claims.,SKIP
I want to start SIP for my child aged 3 years for education and marriage goals. What amount should I invest monthly and which type of funds are suitable for 15 year and 20 year horizons respectively?,SKIP
Adjudication order finding violation of PIT Regulations by company officials trading during closed window. Connected persons were found to have dealt in securities while in possession of UPSI regarding quarterly results. Penalty of Rs 1 crore imposed on each violator.,SKIP
"Meta announces breakthrough in virtual reality haptic feedback technology. The technology company revealed advanced gloves allowing users to feel virtual objects with remarkable realism. The development could transform gaming, training simulations, and remote collaboration applications.",NON_FINANCE
Rare white elephant born at conservation sanctuary in Thailand draws visitors. The auspicious animal is considered sacred in Thai culture and its birth has attracted thousands of tourists. Conservationists are monitoring the calf closely for health indicators.,NON_FINANCE
Major earthquake measuring 7.2 strikes coastal region of Japan causing tsunami warning. Residents in affected areas were advised to evacuate to higher ground as authorities assessed damage. Initial reports indicated structural damage to buildings but no casualties confirmed yet.,NON_FINANCE
Indian classical musician wins Grammy Award for best global music album. The artist's collaborative project blending traditional ragas with contemporary compositions received international recognition. The award ceremony in Los Angeles was attended by fans and well-wishers.,NON_FINANCE
Autonomous vehicle technology company conducts successful cross-country test drive. The self-driving car completed journey from San Francisco to New York with minimal human intervention. The milestone demonstrates progress toward commercial deployment of autonomous transportation.,NON_FINANCE
Ministry of Health launches nationwide vaccination campaign against new disease variant. Health workers will administer doses at camps across all districts targeting complete coverage within three months. The program follows successful pilot implementation in urban centers.,NON_FINANCE
Bestselling author announces sequel to popular fantasy novel series. The highly anticipated book will continue the story from where previous installment ended five years ago. Publishers report record pre-orders from bookstores worldwide ahead of release date.,NON_FINANCE
Mars exploration rover discovers evidence of ancient water activity on red planet. NASA scientists analyzing soil samples found mineral formations consistent with standing water billions of years ago. The discovery has implications for understanding potential past life on Mars.,NON_FINANCE
New streaming service launches with exclusive content from major film studios. The platform offers ad-free viewing experience with extensive library of movies and original series. Competitive pricing aims to capture market share from established players in streaming wars.,NON_FINANCE
International chess championship draws millions of online viewers globally. The match between defending champion and young challenger has captivated audiences with dramatic swings in momentum. Prize fund of $2 million is largest in chess history.,NON_FINANCE
Researchers develop plastic-eating enzyme that could help reduce ocean pollution. The engineered protein breaks down common plastics in days rather than centuries required for natural degradation. Field trials will test effectiveness on accumulated marine waste.,NON_FINANCE
Popular social media influencer faces backlash over controversial product promotion. The celebrity endorsed supplement making unverified health claims leading to consumer complaints. Brand has since removed advertisements while influencer issued public apology statement.,NON_FINANCE
Heritage railway line reopens after decade-long restoration project. The scenic mountain route attracts tourists with vintage steam locomotives and preserved station architecture. Local tourism industry expects significant boost from increased visitor arrivals.,NON_FINANCE
Japanese anime film breaks box office records in North American release. The animated feature earned $100 million in opening weekend surpassing expectations for non-English language film. The success reflects growing mainstream acceptance of anime content among Western audiences.,NON_FINANCE
Climate scientists report Arctic ice melting at unprecedented rate this summer. Satellite data showed lowest ice extent on record for the month of August. The acceleration has implications for sea level rise and weather patterns in Northern Hemisphere.,NON_FINANCE
PFRDA introduces new investment pattern options for NPS subscribers. The Pension Fund Regulatory Authority allowed higher equity allocation up to 75% for aggressive investors seeking long-term growth. The change responds to demand from younger subscribers with longer investment horizons.,FINANCE_POLICY
RBI releases framework for responsible artificial intelligence use in banking. The guidelines mandate explainability requirements for AI-driven credit decisions and customer service applications. Banks must establish governance structures and audit mechanisms for algorithm oversight.,FINANCE_POLICY
SEBI eases compliance burden for investment advisers serving retail clients. The regulatory amendment simplifies documentation and reporting requirements for smaller advisers. Annual compliance costs expected to reduce by 40% enabling better client service delivery.,FINANCE_POLICY
Central bank lifts restrictions on dividend payouts by private banks. RBI allowed banks meeting minimum capital adequacy and asset quality thresholds to resume dividend distribution. The decision follows two years of restrictions imposed during pandemic uncertainty.,FINANCE_POLICY
Government notifies tax incentives for GIFT City financial services units. International financial services center units receive ten-year tax holiday and reduced GST rates on specified transactions. The measures aim to attract global financial institutions to establish presence in India.,FINANCE_POLICY
"SEBI mandates cyber security framework for market infrastructure institutions. The guidelines require regular penetration testing, incident response plans, and board-level oversight of cyber risks. Implementation deadline set at six months with audit certification required.",FINANCE_POLICY
RBI announces guidelines for offshore rupee derivative markets. The framework allows non-resident participation in rupee derivatives on domestic exchanges subject to position limits. The move aims to bring offshore trading onshore improving price discovery.,FINANCE_POLICY
Insurance regulator allows insurers to offer parametric products for catastrophe risks. IRDAI approved index-based insurance paying claims automatically when predefined triggers are breached. The products provide faster claim settlement for weather and earthquake events.,FINANCE_POLICY
Finance Ministry increases insurance coverage limit for bank deposits to Rs 10 lakh. The enhancement of Deposit Insurance Corporation coverage from Rs 5 lakh provides greater protection to depositors. The decision follows recommendations of expert committee on banking sector stability.,FINANCE_POLICY
SEBI introduces framework for directly listing Indian companies on foreign exchanges. Eligible companies can now list on permissible overseas exchanges without domestic listing requirement. The liberalization provides access to deeper capital pools for technology startups.,FINANCE_POLICY
RBI directs payment banks to comply with enhanced KYC norms within deadline. The circular mandates video verification for high-value accounts and real-time address validation. Non-compliant entities face restrictions on customer acquisition activities.,FINANCE_POLICY
"Government launches financial literacy campaign targeting rural households. The initiative will reach 10 crore families through common service centers and bank branches. Content covers basics of savings, insurance, pensions, and digital payment safety.",FINANCE_POLICY
SEBI proposes direct market access for retail investors in equity derivatives. The discussion paper outlines eligibility criteria and risk management requirements for retail DMA. Industry feedback sought on infrastructure readiness and investor protection measures.,FINANCE_POLICY
Central bank releases guidelines on climate-related financial risk disclosures for banks. RBI mandated phased implementation of physical and transition risk assessments in lending portfolios. Large banks must begin reporting from next fiscal year with full compliance in three years.,FINANCE_POLICY
IRDAI allows health insurers to offer wellness-linked premium discounts. Insurers can reward policyholders demonstrating healthy behaviors with lower renewal premiums. Wearable device data and health checkup results can be used for discount calculations.,FINANCE_POLICY
Bitcoin dominance rises to 55% as altcoins underperform in market downturn. The leading cryptocurrency held value better than smaller tokens during recent risk-off phase. Investors rotated toward Bitcoin seeking relative safety within the digital asset universe.,DIGITAL_ASSETS
Toncoin surges 80% after Telegram integration for crypto payments. The blockchain associated with messaging app rallied on announcements of in-app wallet and peer-to-peer transfer features. The integration exposes cryptocurrency to Telegram's 800 million user base.,DIGITAL_ASSETS
Bitcoin ordinals NFT collection sells for record $10 million at auction. The digital artwork inscribed directly on Bitcoin blockchain attracted bids from prominent collectors. The sale validates emerging use case for storing digital artifacts on Bitcoin's secure base layer.,DIGITAL_ASSETS
Crypto exchange Gemini launches regulated platform in Singapore. The Winklevoss twins' company obtained major payment institution license from Monetary Authority of Singapore. The expansion brings institutional-grade custody and trading services to Asian markets.,DIGITAL_ASSETS
Ethereum burns over 3 million ETH since implementation of EIP-1559. The fee burning mechanism has made the cryptocurrency deflationary during periods of high network activity. The reduced supply growth supports long-term value proposition for ETH holders.,DIGITAL_ASSETS
Arbitrum TVL overtakes competing Layer 2s to become largest Ethereum scaling solution. The optimistic rollup captured significant DeFi activity with lower fees than mainnet. Popular applications migrated to capture cost savings while maintaining Ethereum security guarantees.,DIGITAL_ASSETS
Bitcoin mempool congestion causes average fees to exceed $20 per transaction. The backlog of unconfirmed transactions resulted from inscription activity competing for block space. Users seeking faster confirmation faced significantly elevated costs during peak periods.,DIGITAL_ASSETS
Binance US reaches settlement with regulators over compliance deficiencies. The American affiliate agreed to enhanced monitoring and reporting requirements to address operational concerns. Customer assets remained segregated and available for withdrawal throughout discussions.,DIGITAL_ASSETS
Render token rallies 50% on AI computing demand for GPU rendering services. The decentralized GPU network saw increased utilization from artificial intelligence and visual effects projects. The token economics connect demand for computing power to token value.,DIGITAL_ASSETS
Immutable X partners with major game studio for blockchain-based game items. The Layer 2 platform will power tradeable in-game assets for upcoming multiplayer title. The partnership brings blockchain technology to mainstream gaming audience.,DIGITAL_ASSETS
Bitcoin correlation with equities declines as asset class matures. The cryptocurrency showed reduced sensitivity to stock market movements over recent months. Analysts suggest Bitcoin is developing its own distinct market dynamics and investor base.,DIGITAL_ASSETS
Compound Finance governance votes to reduce protocol reserve requirements. The DeFi lending protocol adjusted parameters to improve capital efficiency for lenders. The change passed with over 80% approval from COMP token holders participating in vote.,DIGITAL_ASSETS
Ledger hardware wallet company raises $100 million at $1.5 billion valuation. The cryptocurrency self-custody solution attracted investment from major venture capital firms. Funds will support product development and geographic expansion of retail distribution.,DIGITAL_ASSETS
Bitcoin ATM installations globally exceed 40000 machines across 80 countries. The retail cryptocurrency access points continued expanding despite regulatory scrutiny in some jurisdictions. United States remained largest market followed by Canada and Europe.,DIGITAL_ASSETS
"Optimism announces $50 million ecosystem fund for developer grants. The Layer 2 foundation will deploy capital to support projects building on the network. Priority areas include DeFi infrastructure, developer tooling, and user-facing applications.",DIGITAL_ASSETS
NSE EMERGE platform lists 100th SME company on dedicated exchange segment. The Small and Medium Enterprise platform has raised Rs 3000 crore cumulatively for growing businesses. Streamlined listing requirements and cost structures enabled access for smaller companies.,MARKET_INFRASTRUCTURE
Government announces auction calendar for inflation-indexed sovereign bonds. The Finance Ministry will issue bonds with principal adjusted for changes in consumer price index. The product provides real return guarantee for investors concerned about purchasing power erosion.,MARKET_INFRASTRUCTURE
SEBI approves interoperability among stock exchanges for equity trading. Investors can now execute orders on any exchange regardless of broker membership. The reform enhances competition and improves price discovery across trading venues.,MARKET_INFRASTRUCTURE
RBI operationalizes central counterparty for OTC interest rate derivatives. The clearing infrastructure reduces bilateral credit risk in the derivatives market. Mandatory clearing requirements will be phased in starting with interbank transactions.,MARKET_INFRASTRUCTURE
Corporate bond repo market witnesses five-fold growth in monthly volumes. The collateralized lending segment expanded as institutions sought efficient funding against bond holdings. The development deepens secondary market liquidity for credit instruments.,MARKET_INFRASTRUCTURE
BSE implements new surveillance system with AI-powered anomaly detection. The exchange upgraded monitoring capabilities to identify potential manipulation patterns faster. Machine learning algorithms analyze order flow and price movements in real-time.,MARKET_INFRASTRUCTURE
NSDL launches blockchain-based platform for electronic gold receipts. The depository introduced distributed ledger infrastructure for transparent gold trading and settlement. Each receipt represents ownership of gold held in accredited vaults.,MARKET_INFRASTRUCTURE
Government securities settlement shifts to T+1 cycle from T+2. The shortened settlement period frees up capital for market participants and reduces counterparty risk. India joins select group of markets operating on next-day settlement basis.,MARKET_INFRASTRUCTURE
MCX launches options contracts on natural gas futures. The commodity exchange expanded derivative offerings to include energy sector instruments. The products enable hedging for gas importers and consumers facing price volatility.,MARKET_INFRASTRUCTURE
India INX extends trading hours to 22 hours daily for select products. The international exchange at GIFT City aligned operating hours with major global markets. The extended window allows trading during US and European market hours.,MARKET_INFRASTRUCTURE
RBI conducts simultaneous purchase and sale of government securities in OMO. The central bank's operation twist aimed to flatten yield curve by buying long bonds and selling short maturities. The targeted intervention managed term spreads without changing net liquidity.,MARKET_INFRASTRUCTURE
Stock exchanges complete migration to new trading architecture with nanosecond latency. The infrastructure upgrade enables faster order matching and improved capacity for peak volumes. Co-location participants benefit from reduced processing times.,MARKET_INFRASTRUCTURE
Corporate debt market sees first public issue of sustainable bonds by Indian company. The green bond offering was oversubscribed four times with strong demand from ESG-focused investors. Proceeds will fund renewable energy and water conservation projects.,MARKET_INFRASTRUCTURE
CCIL launches tri-party repo in corporate bonds expanding collateral universe. The clearing corporation accepted investment-grade corporate securities as collateral for repo transactions. The facility improves funding liquidity for corporate bond market participants.,MARKET_INFRASTRUCTURE
Power sector stocks rally 7% on summer demand surge projections. Utility and power generation companies gained on forecasts of record electricity consumption during upcoming summer months. Capacity additions and improving financials supported positive outlook.,MARKET_MOVEMENT
Chemical stocks face selling pressure after China announces export subsidies. Indian specialty chemical producers declined on concerns about pricing competition from subsidized Chinese manufacturers. The sector had been benefiting from China-plus-one supply chain diversification.,MARKET_MOVEMENT
Nifty breaks below key support level of 21500 triggering technical selling. The breach of important chart level accelerated downside momentum as algorithmic traders executed stop losses. Technical analysts now watch for next support zone at 21000.,MARKET_MOVEMENT
"Infrastructure stocks surge after government fast-tracks project approvals. Road, port and construction companies rallied on news of accelerated clearances for stalled projects. The push comes ahead of fiscal year end spending requirements.",MARKET_MOVEMENT
Telecom stocks trade mixed as tariff hike expectations grow. Sector leaders gained on prospects of improved profitability while smaller players faced uncertainty about customer retention. Average revenue per user remains key metric for investors.,MARKET_MOVEMENT
Market capitalization of Indian equities crosses $5 trillion milestone. The combined value of listed companies reached historic level driven by broad-based rally and new listings. India remains fifth largest equity market globally by market cap.,MARKET_MOVEMENT
Oil and gas stocks decline as crude prices retreat from recent highs. Energy producers faced profit booking after extended rally on geopolitical premium. Refining and marketing companies however gained on improved gross refining margins.,MARKET_MOVEMENT
HDFC Bank shares fall 5% after quarterly results miss analyst estimates. The largest private sector lender reported slower loan growth and higher provisions than expected. Net interest margin compression added to concerns about near-term performance.,MARKET_MOVEMENT
Consumer goods stocks reach 52-week highs on rural recovery optimism. Fast moving consumer goods companies rallied on expectations of improved demand in hinterland markets. Normal monsoon forecast and rising farm incomes supported positive sentiment.,MARKET_MOVEMENT
Sugar stocks surge 15% on ethanol blending mandate announcement. Government's decision to advance 20% blending target boosted outlook for integrated sugar and ethanol producers. The policy supports farmer incomes while reducing fossil fuel imports.,MARKET_MOVEMENT
Fertilizer stocks gain after government approves nutrient-based subsidy hike. The increase in per-unit subsidy improved margin outlook for fertilizer manufacturers. Stocks rose despite concerns about delayed subsidy disbursement timing.,MARKET_MOVEMENT
PSU stocks outperform private sector peers on valuation re-rating theme. Public sector undertakings attracted buying as investors recognized value in government-owned companies. Disinvestment pipeline progress and dividend yields supported interest.,MARKET_MOVEMENT
Shipping stocks rally as freight rates surge on global supply chain disruptions. Container and bulk carrier companies benefited from elevated spot rates caused by route diversions. The geopolitical tensions extended favorable pricing environment.,MARKET_MOVEMENT
Specialty chemical companies face margin pressure from raw material cost inflation. The sector declined as input prices rose faster than ability to pass through to customers. Import dependence for key intermediates added to cost pressures.,MARKET_MOVEMENT
Trade deficit widens to $25 billion in monthly reading on gold import surge. The merchandise trade gap expanded as festive season demand boosted gold purchases. Oil imports also increased on both volume and price effects.,MACRO_ECONOMIC
GST collections reach all-time high of Rs 1.87 lakh crore in monthly reading. The record tax receipts reflect economic momentum and improved compliance through technology. The buoyancy ratio exceeded unity for eighth consecutive month.,MACRO_ECONOMIC
Business confidence index rises to highest level in two years. The survey of corporate executives showed improved optimism about order books and investment plans. Employment intentions also strengthened across manufacturing and services sectors.,MACRO_ECONOMIC
Foreign exchange reserves decline $10 billion on RBI intervention to support rupee. The central bank drew down buffers to moderate currency depreciation during volatile period. Reserves remain adequate covering over nine months of imports.,MACRO_ECONOMIC
Housing prices rise 8% year-on-year in major metropolitan markets. The real estate sector showed sustained price gains driven by limited supply and strong buyer demand. Mortgage rates remained elevated but didn't deter home purchases significantly.,MACRO_ECONOMIC
Direct tax collections grow 20% year-on-year exceeding budget estimates. Corporate and personal income tax receipts showed strong momentum on economic growth and compliance. The robust collections provide cushion for fiscal management.,MACRO_ECONOMIC
Wholesale inflation rises sharply driven by fuel and manufactured goods prices. The WPI jumped to 3.5% from near-zero levels in previous months ending deflation phase. The reversal adds to input cost pressures for producers.,MACRO_ECONOMIC
External debt to GDP ratio improves to 18.5% on faster nominal growth. India's external liability position strengthened relative to economic output size. The ratio remained comfortable compared to emerging market peers.,MACRO_ECONOMIC
Capacity utilization in manufacturing rises to 76% in RBI survey. The improved equipment use suggests factories operating closer to optimal levels. Higher utilization typically precedes capital expenditure cycle for expansion.,MACRO_ECONOMIC
Agricultural GDP growth accelerates to 4% on favorable monsoon conditions. The farm sector showed healthy expansion supported by record production of major crops. Rural incomes benefited from both volume and improved price realizations.,MACRO_ECONOMIC
Core sector output rises 7% in monthly data on cement and steel strength. The index of eight core industries showed broad-based gains across components. Infrastructure-oriented sectors led the improvement reflecting investment activity.,MACRO_ECONOMIC
HSBC India PMI composite index rises to 60 indicating strong expansion. The combined manufacturing and services survey showed accelerating growth momentum. New orders and employment sub-indices both registered healthy gains.,MACRO_ECONOMIC
Government revises GDP growth estimate upward to 7.6% for fiscal year. The statistical office increased forecast citing stronger than expected consumption and investment. The upward revision reflects resilient domestic economic conditions.,MACRO_ECONOMIC
Vehicle registrations rise 15% signaling sustained consumer demand. The automobile sales data showed strength across passenger vehicles and two-wheelers. Commercial vehicle demand also improved on fleet expansion by logistics companies.,MACRO_ECONOMIC
South Korean won depreciates 8% on export competitiveness concerns and capital outflows. The currency weakened as semiconductor sector faced inventory correction and China demand softened. Bank of Korea intervened to smooth excessive volatility.,GEO_FINANCIAL
Silver prices rally 10% outperforming gold on industrial demand optimism. The precious metal with significant industrial applications gained on solar panel and electronics sector growth. The gold-silver ratio compressed from elevated levels.,GEO_FINANCIAL
Mexican peso strengthens to best performing emerging market currency year-to-date. The currency gained on high interest rates attracting carry trade flows and nearshoring investments. Manufacturing relocation from Asia benefited border region economies.,GEO_FINANCIAL
UK pound falls on soft economic data raising recession probability. Sterling declined against dollar and euro as GDP contracted unexpectedly in latest reading. The currency weakness adds to imported inflation pressures.,GEO_FINANCIAL
Coffee futures surge to 10-year high on Brazil frost damage fears. The benchmark arabica contract rallied as weather forecasts predicted cold snap in key growing regions. Supply concerns for upcoming harvest drove speculative buying.,GEO_FINANCIAL
Polish zloty weakens on European Commission rule of law dispute escalation. The currency faced pressure as EU threatened to withhold recovery fund disbursements. Political tensions added to existing concerns about fiscal trajectory.,GEO_FINANCIAL
Iron ore prices stabilize after Chinese steel mills resume production. The bulk commodity found support as blast furnaces returned from maintenance and environmental shutdowns. Improving property sector sentiment also helped stabilize demand outlook.,GEO_FINANCIAL
Philippine peso hits multi-year low on balance of payments pressures. The currency depreciated as trade deficit widened and remittance inflows slowed. Central bank Bangko Sentral raised rates but allowed gradual peso adjustment.,GEO_FINANCIAL
Aluminum prices spike on production cuts in Europe due to energy costs. The energy-intensive metal rallied as smelters reduced output amid high electricity prices. Supply constraints tightened already lean global inventories.,GEO_FINANCIAL
Egyptian pound devalued 40% as central bank allows currency to float freely. The managed devaluation was condition for IMF support program to address foreign exchange shortages. Import costs surged adding to inflation pressures.,GEO_FINANCIAL
Natural rubber prices rally on supply concerns from major producing countries. The commodity gained as tapping activity reduced due to unfavorable weather and labor shortages in Southeast Asia. Tire manufacturer demand remained robust.,GEO_FINANCIAL
Czech koruna strengthens after central bank surprises with hawkish rate decision. The currency appreciated as policymakers raised rates more than expected to combat inflation. The Czech Republic leads regional peers in tightening cycle.,GEO_FINANCIAL
Nickel prices volatile on thin trading conditions in LME contract. The metal experienced sharp swings as low liquidity amplified price movements. Exchange implemented new volatility controls after previous extreme price spike.,GEO_FINANCIAL
Colombian peso rallies on improved fiscal outlook and oil export revenues. The currency strengthened as government announced spending restraint and energy prices remained elevated. The appreciation helped moderate imported inflation.,GEO_FINANCIAL
Order passed directing disgorgement of unlawful gains by promoters in insider trading case. Investigation established that promoter entity sold shares while possessing unpublished price sensitive information about impending quarterly loss. Penalty includes securities market debarment for five years.,SKIP
What is the best investment option for parking emergency fund of Rs 5 lakh? I want the money to be accessible immediately if needed but also want to earn better returns than savings account. Are liquid funds safe for this purpose?,SKIP
Appeal filed challenging SEBI order imposing penalty for non-compliance with takeover regulations. The acquirer allegedly failed to make mandatory open offer to shareholders after crossing the threshold. Stay petition filed seeking suspension of penalty pending appeal.,SKIP
My salary is credited to bank account earning only 3% interest. Should I move surplus to arbitrage funds or ultra-short duration funds for better tax-efficient returns? I have Rs 2 lakh surplus monthly after expenses.,SKIP
Consent order in the matter of settlement application for violations of mutual fund regulations. The applicant asset management company agreed to pay Rs 5 crore and implement compliance improvements without admission of liability. Case closed on settlement terms.,SKIP
"Can you analyze my portfolio and suggest changes for better diversification? I have 50% in HDFC Bank, 30% in Reliance and 20% in Infosys. Is this concentration risky? Should I add more stocks or mutual funds?",SKIP
Show cause notice issued to broker for violation of margin regulations. Preliminary findings indicate broker allowed clients to trade without collecting adequate margins as prescribed. Response required within 21 days of notice receipt.,SKIP
How much life insurance coverage should I take at age 28 with annual income of Rs 8 lakh? I am unmarried but support my parents. Is term plan better or should I consider ULIP for insurance plus investment?,SKIP
Order confirming penalty on company for delayed disclosure of material events. The listed entity failed to inform stock exchanges about material subsidiary becoming stressed asset. The delay violated listing obligations requiring immediate disclosure.,SKIP
What are the best ELSS mutual funds to invest for tax saving under section 80C? I want to start monthly SIP of Rs 12500 to maximize the Rs 1.5 lakh deduction. Should I choose growth or dividend option?,SKIP
Interim order restraining noticees from dealing in securities market pending investigation. Prima facie evidence suggests coordinated manipulation of share price through structured transactions. Assets of noticees directed to be frozen.,SKIP
Should I invest in National Pension System for retirement planning or is EPF sufficient? I am 38 years old government employee with Rs 2 lakh annual EPF contribution. Will additional NPS benefit my retirement corpus?,SKIP
Appeal against adjudicating officer order in the matter of violation of depositories regulations. The depository participant challenged the quantum of penalty imposed for failing to maintain proper records. The matter has been admitted for hearing.,SKIP
What is the safest investment for senior citizens with Rs 30 lakh retirement savings? My parents are risk-averse and need Rs 25000 monthly income. Should they invest in Senior Citizen Savings Scheme or Post Office Monthly Income?,SKIP
Bollywood movie breaks all-time opening weekend box office record in India. The action thriller collected Rs 150 crore in first three days driven by strong word of mouth and festive holiday timing. Critics praised the visual effects and storyline.,NON_FINANCE
Giant panda cub born at national zoo draws long queues of eager visitors. The rare birth through natural breeding program is considered significant conservation achievement. Zoo officials report healthy development of the newborn cub.,NON_FINANCE
Major airline announces direct flights connecting Mumbai to Seattle starting summer. The new route will serve growing demand from technology sector professionals and business travelers. Competitive pricing aims to capture market share from connecting flights.,NON_FINANCE
Archaeological Survey discovers ancient Buddhist monastery dating to 3rd century BCE. The excavation in eastern India revealed well-preserved structures and artifacts including inscriptions. Historians believe the site was important center of learning.,NON_FINANCE
Formula One race returns to India with Hyderabad announced as host city. The new street circuit will debut in 2026 calendar marking India's return to the racing championship. Local government committed significant infrastructure investment for the event.,NON_FINANCE
Longest lunar eclipse of decade visible across Asia and Australia tonight. Astronomy enthusiasts gathered at observatories and open spaces to witness the celestial event. The total eclipse lasted over an hour with moon turning deep red.,NON_FINANCE
Famous Indian chef opens restaurant in London to rave reviews from critics. The establishment brings regional Indian cuisine to international audience with focus on lesser-known preparations. Reservations reported fully booked for months in advance.,NON_FINANCE
Space agency successfully deploys constellation of communication satellites in single launch. The mission placed 36 satellites into orbit aboard heavy-lift rocket in complex deployment sequence. The constellation will provide high-speed internet to remote areas.,NON_FINANCE
Renowned Indian author wins prestigious international literary prize for latest novel. The work exploring themes of memory and displacement was selected from shortlist of six finalists. The prize includes substantial cash award and global recognition.,NON_FINANCE
Record heatwave forces schools to shift to online classes across northern states. Temperatures exceeding 47 degrees Celsius prompted authorities to close educational institutions for safety. The extreme weather is attributed to climate change intensification.,NON_FINANCE
Indian cuisine documentary series wins Emmy Award for outstanding cinematography. The production showcasing diverse regional food traditions received critical acclaim for visual storytelling. Streaming platform announces renewed interest in food-focused content.,NON_FINANCE
New metro line opens in Bangalore connecting airport to city center. The 45-kilometer rapid transit route is expected to reduce travel time significantly for daily commuters. Ridership projections suggest strong adoption given severe road traffic congestion.,NON_FINANCE
Wildfire evacuations ordered as flames spread through forest reserve in California. Thousands of residents fled homes as firefighters battled difficult terrain and dry conditions. Aircraft dropped water and retardant to protect threatened communities.,NON_FINANCE
Indian badminton player achieves career-high world ranking after tournament victory. The shuttler defeated multiple seeded opponents en route to title at prestigious international event. The achievement brings Olympic medal hopes into sharper focus.,NON_FINANCE
RBI constitutes working group to study digital public infrastructure for financial services. The committee will examine use of Account Aggregator framework and other data sharing protocols for credit decisions. Recommendations expected within six months.,FINANCE_POLICY
SEBI enhances disclosure requirements for credit rating agencies on rating changes. Agencies must now publish detailed rationale for any upgrade or downgrade within 24 hours. The transparency measures follow concerns about delayed rating actions.,FINANCE_POLICY
Government announces sovereign gold bond issue calendar for fiscal year. Twelve tranches will be offered at intervals throughout the year with 2.5% annual interest. The scheme provides alternative to physical gold ownership with capital gains benefits.,FINANCE_POLICY
RBI issues master direction on fair practices code for NBFCs. The comprehensive guidelines cover aspects from loan origination to recovery processes and grievance redressal. Enhanced protections for retail borrowers are key focus of the framework.,FINANCE_POLICY
SEBI allows foreign portfolio investors to participate in commodity derivatives. The liberalization enables FPIs to hedge commodity exposure through exchange-traded instruments. Position limits and eligibility criteria apply to participating entities.,FINANCE_POLICY
Insurance regulator increases minimum capital requirement for new insurance companies. IRDAI raised paid-up capital threshold to Rs 200 crore from Rs 100 crore citing need for financially stronger insurers. Existing companies get three years for compliance.,FINANCE_POLICY
Central bank releases scheme for resolution of stressed assets of financial service providers. The framework provides specialized insolvency process for banks and NBFCs with focus on preserving value. Expedited timelines differentiate it from corporate insolvency process.,FINANCE_POLICY
SEBI mandates independent compliance officer at investment advisers above threshold. Registered advisers managing over Rs 500 crore must appoint dedicated compliance professional. The requirement ensures adequate oversight of regulatory obligations.,FINANCE_POLICY
RBI permits banks to issue perpetual debt instruments to shore up capital base. The guidelines allow Additional Tier 1 bonds with loss absorption features on going-concern basis. The instruments help banks meet Basel III requirements efficiently.,FINANCE_POLICY
Government extends credit linked capital subsidy scheme for technology upgradation. MSMEs investing in plant and machinery can avail 15% subsidy on institutional finance. The extension provides continued support for manufacturing sector modernization.,FINANCE_POLICY
SEBI introduces regulatory framework for online bond platform providers. The guidelines establish registration requirements and compliance standards for debt distribution platforms. Consumer protection and fair dealing principles are embedded in the framework.,FINANCE_POLICY
"RBI directs banks to establish board-approved policy on climate-related financial risks. The guidance requires identification, measurement and monitoring of physical and transition risks in loan portfolios. Scenario analysis and stress testing recommended for large exposures.",FINANCE_POLICY
Finance Ministry issues guidelines for setting up wholly-owned subsidiaries in GIFT City. Indian companies can establish units at international financial services center for overseas operations. Tax benefits and regulatory relaxations make the structure attractive.,FINANCE_POLICY
SEBI relaxes lock-in requirements for anchor investors in IPOs. The modified norms reduce mandatory holding period while retaining some restrictions to ensure quality investor participation. The change responds to feedback from institutional investors.,FINANCE_POLICY
Injective protocol launches new perpetual futures products with leverage options. The decentralized derivatives exchange expanded offerings to include cryptocurrency pairs with up to 50x leverage. Trading volumes on the platform reached record levels.,DIGITAL_ASSETS
Cosmos IBC protocol processes record number of cross-chain transactions daily. The inter-blockchain communication standard enabled millions of transfers between connected networks. The growth validates demand for seamless interoperability in cryptocurrency ecosystem.,DIGITAL_ASSETS
Bitcoin network difficulty adjustment largest in six months as miners add capacity. The protocol automatically increased mining difficulty by 10% to maintain target block times. New generation ASICs coming online drove the computational power increase.,DIGITAL_ASSETS
Blur NFT marketplace captures 60% market share from OpenSea through token incentives. The upstart platform attracted traders with airdrop rewards for listing and bidding activity. The competition intensified with both platforms adjusting fee structures.,DIGITAL_ASSETS
"Near Protocol announces $350 million ecosystem fund for developer grants. The Layer 1 blockchain will deploy capital to support projects building applications on its platform. Focus areas include DeFi, gaming, and real-world asset tokenization.",DIGITAL_ASSETS
Bitcoin spot ETF daily trading volume exceeds $2 billion setting new record. The approved exchange-traded funds saw intense buying interest from retail and institutional investors. The products have accumulated over $30 billion in assets under management.,DIGITAL_ASSETS
Solana ecosystem TVL recovers to $5 billion from post-FTX lows. The high-speed blockchain rebuilt developer confidence and user activity despite association with collapsed exchange. DeFi applications and meme coins drove the resurgence in on-chain value.,DIGITAL_ASSETS
Maker DAO votes to invest $500 million of reserves in US treasury bills. The stablecoin protocol's governance approved allocation to generate yield on DAI backing assets. The decision reflects sophisticated treasury management by decentralized organizations.,DIGITAL_ASSETS
Worldcoin launch triggers privacy concerns over biometric data collection. The cryptocurrency project requiring iris scans for identity verification faced regulatory scrutiny globally. Critics questioned data handling practices while supporters emphasized financial inclusion benefits.,DIGITAL_ASSETS
Bitcoin UTXO age analysis shows long-term holders accumulating at current prices. On-chain metrics revealed coins moving to addresses with history of extended holding periods. The behavior pattern historically preceded price appreciation phases.,DIGITAL_ASSETS
Lido dominates Ethereum liquid staking with over 30% of staked ETH. The decentralized staking protocol maintained market leadership despite competition from new entrants. Concerns about centralization prompted calls for caps on single protocol dominance.,DIGITAL_ASSETS
Aptos blockchain reaches 10000 transactions per second in real-world testing. The Move-language based network demonstrated scalability claims with actual user activity. The performance positions Aptos for high-throughput application requirements.,DIGITAL_ASSETS
Binance launches regulated platform in Japan after obtaining local license. The exchange received approval to operate under Japanese financial regulations following extensive compliance preparations. The entry marks return to market after previous regulatory setbacks.,DIGITAL_ASSETS
Uniswap governance approves $74 million grants program for ecosystem development. Token holders voted to fund projects building on or integrating with the decentralized exchange. The allocation demonstrates community-driven resource allocation in DeFi.,DIGITAL_ASSETS
Sui blockchain launches mainnet with novel parallel execution architecture. The new Layer 1 network promises improved throughput through object-centric data model. Initial ecosystem included dozens of applications spanning DeFi and gaming categories.,DIGITAL_ASSETS
NSDL depository assets under custody cross Rs 400 lakh crore milestone. The securities depository reported strong growth in dematerialized holdings across equity and debt segments. Digital India initiatives accelerated shift from physical certificates.,MARKET_INFRASTRUCTURE
RBI announces revision to marginal standing facility rate differential. The central bank adjusted the penalty rate for overnight borrowing to improve policy transmission. The change affects banks facing temporary liquidity shortfalls.,MARKET_INFRASTRUCTURE
Corporate bond secondary market turnover ratio improves to 0.8 times. The increased trading activity reflects better liquidity conditions following market-making interventions. Institutional investors reported easier execution of large transactions.,MARKET_INFRASTRUCTURE
NSE launches weekly options on Bank Nifty index with Friday expiry. The new derivative product provides additional hedging opportunities for participants with banking sector exposure. Initial trading volumes exceeded expectations on launch day.,MARKET_INFRASTRUCTURE
Government announces calendar for sovereign green bond issuances. The Finance Ministry will raise Rs 20000 crore through green bonds to fund renewable energy and environmental projects. International investor interest expected to be strong.,MARKET_INFRASTRUCTURE
SEBI approves real-time gross settlement for stock exchange transactions. The upgrade enables instantaneous transfer of funds and securities eliminating settlement risk. The infrastructure enhancement brings Indian markets to global standards.,MARKET_INFRASTRUCTURE
Commodity exchanges implement unified risk management framework. SEBI's standardized approach applies consistent margin and position limit calculations across platforms. The harmonization improves regulatory oversight and market stability.,MARKET_INFRASTRUCTURE
RBI introduces separate liquidity window for small finance banks. The facility provides dedicated access to overnight funds for smaller lenders facing temporary shortfalls. The window operates at repo rate plus 25 basis points.,MARKET_INFRASTRUCTURE
BSE International Exchange launches derivatives on popular global indices. India INX introduced contracts on S&P 500 and FTSE 100 indices for international investors. The products enable round-the-clock exposure to global equity markets.,MARKET_INFRASTRUCTURE
IFSCA announces framework for aircraft leasing and financing from GIFT City. The regulations enable establishment of aircraft leasing companies at the international financial center. Tax incentives position India as alternative to Dublin and Singapore hubs.,MARKET_INFRASTRUCTURE
Corporate debt ETFs see Rs 5000 crore inflows as institutions seek yield. The exchange-traded fixed income products attracted buying from treasuries and pension funds. The growth reflects improving liquidity in underlying corporate bond markets.,MARKET_INFRASTRUCTURE
RBI pilot tests programmable CBDC with use-case specific tokens. The central bank experimented with conditional payments and expiring balances in digital rupee trials. The features could enable targeted subsidies and automatic compliance.,MARKET_INFRASTRUCTURE
MSEI obtains SEBI approval to restart equity derivatives segment. The Metropolitan Stock Exchange received permission to relaunch options and futures trading after meeting requirements. The revival increases competitive pressure on dominant exchanges.,MARKET_INFRASTRUCTURE
State governments collectively raise Rs 50000 crore through bond auctions. The weekly SDL issuance saw good demand despite elevated yields and spread over gilts. Provident funds and insurance companies remained major investor categories.,MARKET_INFRASTRUCTURE
Defence stocks rally 12% on increased government procurement announcements. The sector surged after budget allocation for indigenous equipment purchases exceeded expectations. Make in India policy benefits domestic manufacturers over importers.,MARKET_MOVEMENT
Railway stocks surge on capex boost and private sector participation plans. Companies linked to rail infrastructure and rolling stock manufacturing gained strongly. The modernization drive promises multi-year demand visibility for sector players.,MARKET_MOVEMENT
Insurance stocks decline on concerns about motor claims inflation. Third-party liability and own damage claims costs rose faster than premium increases. The margin pressure affected both life and general insurance company valuations.,MARKET_MOVEMENT
EV-related stocks gain as government extends FAME II subsidy scheme. Electric vehicle manufacturers and battery companies rallied on continued policy support. The extension removes near-term uncertainty about demand incentives.,MARKET_MOVEMENT
Healthcare stocks mixed after government drug price control order expansion. Companies with exposure to controlled formulations declined while those focused on exports remained stable. The regulatory action impacts domestic pricing power.,MARKET_MOVEMENT
Textile stocks rally on export order recovery from key markets. Apparel and home textile companies gained as US and European retailers rebuilt inventories. The demand pickup follows extended destocking period that hurt industry.,MARKET_MOVEMENT
AMC stocks fall as mutual fund expense ratio cuts announced by regulator. Asset management companies faced lower fee income outlook following SEBI directive. The margin compression adds to competitive pressures in fund industry.,MARKET_MOVEMENT
Renewable energy stocks surge after COP28 commitments boost sector outlook. Solar and wind power companies rallied on global targets for clean energy capacity additions. The policy tailwinds support long-term demand growth for equipment makers.,MARKET_MOVEMENT
Hotel stocks reach multi-year highs on strong summer travel demand outlook. Hospitality sector benefited from pent-up leisure travel and business conference activity. Average room rates and occupancy both showed year-on-year improvement.,MARKET_MOVEMENT
Paper stocks decline on digital adoption concerns and raw material cost increases. The sector faced structural headwinds from reduced print media and packaging alternatives. Wood pulp price inflation added to margin pressures.,MARKET_MOVEMENT
Logistics stocks outperform on GST-driven efficiency gains and e-commerce growth. Warehousing and transportation companies benefited from formalization and online retail expansion. Infrastructure investments improved service capabilities and margins.,MARKET_MOVEMENT
Diagnostics stocks fall after competitive intensity increases in pathology testing. New entrants and aggressive pricing by existing players compressed margins across the sector. The post-pandemic demand normalization added to headwinds.,MARKET_MOVEMENT
Paint stocks rally on expectations of healthy demand from housing and infrastructure. The decorative coatings market leaders gained on favorable monsoon and rural income outlook. New capacity additions by competitors however remain sentiment concern.,MARKET_MOVEMENT
Media stocks gain as advertising spending shows recovery across platforms. Entertainment and broadcasting companies rallied on improved ad revenue visibility. Digital platforms outperformed traditional media in growth metrics.,MARKET_MOVEMENT
Global PMI readings suggest synchronized manufacturing recovery underway. Flash estimates from major economies showed expansion in factory activity for first time in months. The improvement supports commodity demand and risk sentiment.,MACRO_ECONOMIC
Consumer confidence survey shows improved expectations for income and employment. The household sentiment measure rose to highest level in over a year on economic optimism. The reading supports expectations for consumption-led growth.,MACRO_ECONOMIC
RBI quarterly survey reveals corporate investment intentions remain strong. Order books and capacity utilization indicated continued capital expenditure momentum. The assessment supports expectations for private sector capex cycle continuation.,MACRO_ECONOMIC
Import cover ratio improves to 11 months on foreign exchange reserve rebuild. The external vulnerability indicator strengthened as RBI accumulated reserves during stable periods. The buffer provides comfort against potential capital flow volatility.,MACRO_ECONOMIC
Services export growth maintains double digit pace supporting current account. Software and business services continued generating foreign exchange inflows. The surplus in services trade partially offset merchandise deficit.,MACRO_ECONOMIC
Household financial savings rate declines as consumption and borrowing increase. The shift in savings behavior reflects confidence about future income prospects. The transition from financial to physical savings impacts bank deposit growth.,MACRO_ECONOMIC
Central bank foreign exchange intervention data shows net dollar sales in quarter. RBI sold dollars to manage rupee volatility during periods of global risk aversion. The transparent disclosure improves understanding of reserve changes.,MACRO_ECONOMIC
Steel production growth accelerates to 12% on infrastructure demand. The industrial output data showed strong expansion in construction-linked manufacturing. Capacity utilization in steel sector reached highest levels since pre-pandemic.,MACRO_ECONOMIC
Goods and services export target of $800 billion appears achievable. Commerce ministry expressed confidence in reaching ambitious target based on current trends. Merchandise and services both contributed to growth momentum.,MACRO_ECONOMIC
Banking system credit to industry shows sustained recovery after years of sluggish growth. The pickup in corporate borrowing reflects improved investment climate and capacity expansion. Working capital demand also contributed to acceleration.,MACRO_ECONOMIC
Composite leading indicator suggests economic momentum extending into next quarter. The forward-looking measure combining multiple variables showed positive trajectory. The signal supports expectations for continued growth.,MACRO_ECONOMIC
Remittance inflows reach record levels supporting consumption in receiving households. Non-resident Indian transfers benefited from strong employment in Gulf and Western countries. The inflows provide reliable forex source and family income support.,MACRO_ECONOMIC
Port cargo handling volume grows 8% reflecting trade activity improvement. The physical indicator of economic activity showed strength across container and bulk segments. Infrastructure investments improved port efficiency and capacity.,MACRO_ECONOMIC
Small savings collection surge indicates household shift to safer instruments. Post office and National Savings deposits grew strongly as rates became attractive. The competition for savings impacts bank deposit mobilization.,MACRO_ECONOMIC
Canadian dollar weakens on disappointing employment data and oil price decline. The currency faced dual headwinds from domestic labor market concerns and energy exposure. Bank of Canada rate cut expectations increased on the data.,GEO_FINANCIAL
Cocoa prices rally to record on supply shortfall from West African producers. The chocolate ingredient surged as adverse weather affected harvests in Ghana and Ivory Coast. Confectionery companies face significant input cost inflation.,GEO_FINANCIAL
Thai baht appreciates on tourism recovery and current account improvement. The currency strengthened as foreign visitors returned in larger numbers boosting services receipts. The tourism-dependent economy showed strong rebound momentum.,GEO_FINANCIAL
Tin prices spike on supply disruptions from major Indonesian producer. The electronics solder metal rallied after export restrictions tightened available supply. Semiconductor packaging demand added to upward pressure.,GEO_FINANCIAL
Norwegian krone rallies on Norges Bank hawkish rate guidance. The currency gained after central bank signaled rates would stay higher for longer than expected. Oil revenue management also supported krone demand.,GEO_FINANCIAL
Cotton futures decline on favorable US crop progress reports. The agricultural commodity fell as growing conditions improved in key producing regions. Lower prices benefit textile manufacturers facing margin pressures.,GEO_FINANCIAL
Argentine peso in renewed crisis as parallel market discount widens. The gap between official and unofficial exchange rates exceeded 100% reflecting capital flight pressures. Central bank reserves remained critically low limiting intervention capacity.,GEO_FINANCIAL
Platinum prices underperform gold on hydrogen economy transition delays. The catalytic metal lagged precious peers as fuel cell vehicle adoption slowed below expectations. Jewelry demand provided some support against industrial weakness.,GEO_FINANCIAL
Malaysian ringgit strengthens on improved terms of trade from palm oil exports. The currency gained as commodity prices supported export revenues and trade balance. Central bank maintained accommodative stance despite currency strength.,GEO_FINANCIAL
Zinc prices rally on production cuts at major European smelters. Energy costs forced curtailment of energy-intensive metal processing operations. The supply reduction tightened already lean exchange inventories.,GEO_FINANCIAL
Taiwan dollar depreciates on geopolitical risk premium expansion. The currency weakened as cross-strait tensions increased following military exercises. Export-dependent economy faced additional uncertainty from chip demand cycle.,GEO_FINANCIAL
Sugar prices surge on Brazil export restrictions and Indian production decline. The commodity rallied as major producers implemented measures affecting available supply. Food inflation concerns increased in importing countries.,GEO_FINANCIAL
South African rand volatile around power utility crisis developments. The currency swung on news about electricity load-shedding and reform implementation. The structural energy shortfall continues weighing on economic outlook.,GEO_FINANCIAL
Lead prices decline on weak battery demand and improved mine supply. The industrial metal fell as electric vehicle adoption reduced lead-acid battery requirements. Secondary supply from recycling added to surplus conditions.,GEO_FINANCIAL
Directions issued requiring promoters to make disclosure of encumbered shares to stock exchanges. The noticees allegedly failed to disclose pledge creation over promoter holdings as required under listing regulations. Penalty proceedings initiated for violation.,SKIP
Is it advisable to withdraw EPF balance at age 45 to prepay home loan outstanding of Rs 15 lakh? The home loan interest rate is 8.5% while EPF earns 8.25%. What are the tax implications of early EPF withdrawal?,SKIP
Order passed in the matter of alleged manipulation of derivative contracts through coordinated trading. Investigation revealed that connected entities executed offsetting trades to generate artificial volume and mislead market participants.,SKIP
How should I invest insurance claim money of Rs 25 lakh received after my husband's death? I am 50 years old homemaker with two college-going children. Need monthly income plus growth for children's marriage expenses.,SKIP
Consent order accepting settlement terms in the matter of violation of AIF regulations. The fund manager agreed to pay settlement amount and implement enhanced compliance procedures. The order concluded proceedings without admission of liability.,SKIP
Can you suggest best mid cap funds for SIP investment with 10 year horizon? My risk appetite is moderate to high. Should I prefer growth oriented funds or those with dividend payout option for long term wealth creation?,SKIP
Ex-parte interim order passed restraining company from raising further capital until investigation concludes. The preliminary findings suggest misrepresentation in earlier prospectus requiring detailed examination. Public interest necessitates protective action.,SKIP
My son is starting first job with Rs 50000 monthly salary. How much should he save and where should he invest at age 23? He has no financial responsibilities currently. Should he focus on aggressive equity funds?,SKIP
Notice issued to registered investment adviser for violations of code of conduct. The adviser allegedly made performance guarantees and provided advice without proper risk profiling of clients. Response required within stipulated time.,SKIP
Should I continue investing in LIC endowment policy started 10 years ago or surrender and shift to mutual funds? Annual premium is Rs 50000 and surrender value is Rs 3.5 lakh. Policy matures in 10 more years.,SKIP
Final order imposing monetary penalty on stock broker for violation of KYC norms. The broker failed to maintain proper documentation and allowed trading without adequate client identification. Penalty of Rs 5 lakh imposed.,SKIP
What is the best health insurance plan for family of four with parents aged 65 and 62? Should I take separate policy for parents or family floater covering everyone? What sum insured is adequate for metro city?,SKIP
Adjudication order in the matter of delayed filing of shareholding disclosure under takeover regulations. The acquirer crossed threshold but failed to make required disclosure within stipulated timeframe. Mitigating circumstances considered in penalty quantum.,SKIP
I have accumulated Rs 1 crore in NPS. Should I commute 60% and buy annuity with balance or opt for systematic lump sum withdrawal? What are tax implications under both options for 60 year old retiree?,SKIP
Breaking news confirmed as death toll from building collapse in Turkey rises overnight. Rescue workers continue searching through rubble hoping to find survivors from the residential complex that fell after earthquake. International aid teams have arrived.,NON_FINANCE
Indian origin astronaut selected for Mars mission crew announcement excites nation. The scientist will join four-person team for historic deep space journey planned for 2030. The selection follows rigorous training and evaluation process.,NON_FINANCE
Tech company unveils foldable laptop with revolutionary flexible display technology. The device can transform between tablet and laptop form factors with durable hinge mechanism. Pricing positions product in premium segment targeting early adopters.,NON_FINANCE
Endangered tiger population shows increase in latest wildlife census results. The count revealed 15% growth in tiger numbers compared to previous survey conducted four years ago. Conservation efforts and habitat protection credited for success.,NON_FINANCE
Electric air taxi completes first commercial passenger flight in Singapore. The urban air mobility service transported passengers between airport and city center in demonstration. Regulatory approvals being sought for regular scheduled operations.,NON_FINANCE
Archaeological team discovers oldest cave paintings in India dating back 20000 years. The prehistoric rock art depicts hunting scenes and early human community activities. The find provides insights into ancient civilization presence in the region.,NON_FINANCE
Viral social media trend raises concerns among parents and school administrators. The dangerous challenge has led to injuries among teenagers attempting risky stunts. Platforms are working to remove related content and warn users.,NON_FINANCE
Indian scientist wins international breakthrough prize for physics research contribution. The recognition comes for pioneering work on quantum computing and information theory. The award includes substantial funding for continued research.,NON_FINANCE
Massive coral reef discovered in Andaman Sea raises hopes for marine conservation. The previously unknown reef system hosts diverse species and appears relatively healthy. Scientists are studying the area to understand its ecological significance.,NON_FINANCE
Global music streaming service announces launch in India with regional content focus. The platform will offer extensive library of Indian languages music alongside international catalog. Competitive pricing aims to capture growing smartphone user base.,NON_FINANCE
Rare pink diamond sells for record $100 million at international auction. The exceptional gem attracted bids from collectors worldwide competing for the unique stone. The sale underscores continued demand for exceptional colored diamonds.,NON_FINANCE
Urban flooding disrupts normal life across Chennai as monsoon intensifies early. Residents in low-lying areas evacuated to relief camps as water levels rose rapidly. Authorities deployed pumps and cleared drainage channels to manage situation.,NON_FINANCE
Indian wrestler wins gold medal at World Championships for first time in decade. The victory in the prestigious competition marks significant achievement for Indian wrestling. National celebrations followed the historic win against heavily favored opponent.,NON_FINANCE
Breakthrough battery technology promises electric vehicle range of 1000 kilometers. The solid-state battery developed by research team could transform transportation industry. Commercial production expected within five years following further development.,NON_FINANCE
RBI revises priority sector lending norms to include startup financing. Banks can now classify loans to eligible startups under priority sector categories up to Rs 50 crore. The inclusion aims to improve credit access for early-stage companies.,FINANCE_POLICY
SEBI streamlines documentation requirements for foreign portfolio investor registration. The simplified process reduces paperwork and processing time for eligible applicants. The ease of doing business improvement aligns with goals to attract global capital.,FINANCE_POLICY
Government extends deadline for implementation of new labor codes by six months. The deferment allows industry and states additional time to prepare for compliance. The four codes consolidate 29 existing labor laws into comprehensive framework.,FINANCE_POLICY
RBI permits cooperative banks to provide internet and mobile banking services. The regulatory relaxation extends digital banking access to cooperative bank customers. Implementation requires technology upgrades and security compliance by banks.,FINANCE_POLICY
SEBI introduces sandbox framework for testing innovative fintech solutions. Registered entities can now test new products in controlled environment with regulatory relaxations. The initiative encourages financial innovation while managing investor protection concerns.,FINANCE_POLICY
Central bank releases guidelines on outsourcing of core banking activities. The framework restricts certain critical functions from being outsourced while permitting others. Banks retain full responsibility for outsourced services and customer data.,FINANCE_POLICY
IRDAI allows micro insurance products with sum assured up to Rs 2 lakh. The enhanced limits improve insurance access for low-income segments with affordable premiums. Distribution through banking correspondents and microfinance institutions enabled.,FINANCE_POLICY
RBI mandates compensation policy for unauthorized electronic transactions. Banks must credit disputed amounts within specified timeframes depending on reporting timeline. The consumer protection measure reduces liability for genuine fraud victims.,FINANCE_POLICY
SEBI permits REITs and InvITs to issue debt securities for capital raising. The expanded fundraising options improve financial flexibility for infrastructure trusts. Unitholders benefit from diversified capital structure and optimized cost of funds.,FINANCE_POLICY
Government announces interest subvention scheme for agriculture sector loans. Farmers will receive 2% interest subsidy on crop loans up to Rs 3 lakh for timely repayment. The scheme promotes formal credit access and reduces effective borrowing cost.,FINANCE_POLICY
RBI allows banks to offer positive pay system for cheque clearing. The confirmation mechanism reduces cheque frauds by validating key details before processing. Implementation is mandatory for cheques above Rs 50000 denomination.,FINANCE_POLICY
SEBI relaxes delisting norms with reverse book building price flexibility. Promoters can now offer premium over floor price determined through book building. The change facilitates voluntary delistings while protecting minority shareholders.,FINANCE_POLICY
Central bank introduces framework for regulatory sandbox on fintech lending. Digital lenders can test innovative credit products with real customers under supervision. The sandbox allows learning about new models before finalizing permanent regulations.,FINANCE_POLICY
Ministry of Finance extends tax benefits for IFSC units through amendment. The extension ensures continued competitiveness of GIFT City as financial services hub. International investors and funds benefit from favorable tax treatment.,FINANCE_POLICY
Hedera Hashgraph enterprise adoption grows with major corporate implementations. The distributed ledger platform announced partnerships for supply chain and payments use cases. The energy-efficient consensus mechanism attracts sustainability-focused organizations.,DIGITAL_ASSETS
Bitcoin mining profitability improves as hashprice recovers from lows. Miners report better margins following difficulty adjustment and stable electricity costs. The improvement supports continued investment in mining infrastructure expansion.,DIGITAL_ASSETS
Starknet airdrop distributes tokens to early network users and developers. The Ethereum Layer 2 platform rewarded participants who contributed to ecosystem growth. Token price volatility followed initial distribution as recipients took profits.,DIGITAL_ASSETS
Bitcoin Runes protocol launches enabling fungible token issuance on Bitcoin. The new standard allows creating tokens directly on Bitcoin blockchain. Initial launches attracted significant transaction fees creating temporary congestion.,DIGITAL_ASSETS
Celestia modular blockchain raises $55 million for data availability layer development. The project provides dedicated infrastructure for rollups to post transaction data. The funding supports ecosystem expansion and developer tooling improvements.,DIGITAL_ASSETS
Eigenlayer restaking platform TVL surges past $15 billion on mainnet launch. The protocol enables Ethereum stakers to secure additional networks and earn extra yield. The growth validates demand for enhanced staking capital efficiency.,DIGITAL_ASSETS
Base blockchain by Coinbase becomes fastest growing Layer 2 by user activity. The network attracted developers with low fees and seamless exchange integration. Social applications and meme tokens drove early adoption metrics.,DIGITAL_ASSETS
Bitcoin inscription ordinal collections trading volume exceeds $1 billion monthly. The digital artifacts inscribed on satoshis created new asset class on Bitcoin. Marketplace infrastructure developed rapidly to serve collector demand.,DIGITAL_ASSETS
Fetch.ai partners with enterprise clients for AI-powered automation solutions. The decentralized machine learning platform signed agreements with logistics and energy companies. The partnerships validate commercial viability of blockchain AI integration.,DIGITAL_ASSETS
Mantle Network TVL grows 500% following incentive program announcement. The Layer 2 network attracted liquidity with token rewards for DeFi participation. The aggressive growth strategy captured market share from established competitors.,DIGITAL_ASSETS
Ethereum gas token market develops as users optimize transaction costs. Tokens that refund gas costs when burned see increased usage during high fee periods. The arbitrage opportunity emerged from network fee mechanics.,DIGITAL_ASSETS
Scroll zkEVM launches mainnet enabling trustless Ethereum scaling. The zero-knowledge rollup offers EVM compatibility with cryptographic proof verification. Developer migration from other networks accelerates following production launch.,DIGITAL_ASSETS
Synthetix updates tokenomics to reduce inflation and enhance fee sharing. The derivatives protocol modified staking rewards and improved incentive alignment. SNX token responded positively to supply-demand dynamic improvement.,DIGITAL_ASSETS
Dymension launches modular rollup framework for app-specific chains. The platform enables developers to deploy customized blockchains quickly. Initial ecosystem includes gaming and trading focused rollup applications.,DIGITAL_ASSETS
Jupiter exchange dominates Solana trading with 80% DEX market share. The aggregator's superior routing and user experience attracted traders from competitors. Token launch generated significant interest and trading activity.,DIGITAL_ASSETS
GIFT City crosses $100 billion in daily trading turnover milestone. The international financial services center achieved significant scale in derivatives trading. The growth validates India's offshore financial hub ambitions.,MARKET_INFRASTRUCTURE
RBI introduces variable rate repo auctions for fine-tuning liquidity. The flexible facility allows central bank to manage day-to-day liquidity conditions precisely. Banks can access funds at market-determined rates within policy corridor.,MARKET_INFRASTRUCTURE
Corporate bond repo market sees foreign bank participation for first time. International banks entered the collateralized lending segment following regulatory approval. The entry improves liquidity and price discovery in credit markets.,MARKET_INFRASTRUCTURE
NSE launches equity index options on Nifty Midcap Select index. The new derivative product provides hedging tool for mid-cap portfolio exposure. Initial response shows strong interest from institutional participants.,MARKET_INFRASTRUCTURE
Settlement guarantee fund corpus crosses Rs 10000 crore across exchanges. The pool protecting against member defaults grew on higher trading volumes. The robust fund supports market stability and investor confidence.,MARKET_INFRASTRUCTURE
SEBI permits silver ETFs to be launched by mutual fund houses. The product offers convenient exposure to silver prices without physical holding. Several fund houses filed applications following regulatory approval.,MARKET_INFRASTRUCTURE
RBI operationalizes centralized KYC registry for financial sector participants. The shared infrastructure reduces duplicate verification across institutions. Customers benefit from seamless onboarding at multiple service providers.,MARKET_INFRASTRUCTURE
Corporate bond market sees first green taxonomy compliant issuance. The bonds meeting sustainable finance classification attracted ESG-focused investors. The framework provides clarity on eligible green project categories.,MARKET_INFRASTRUCTURE
India INX introduces extended settlement window for global participants. The facility accommodates time zone differences for international investors. The infrastructure improvement enhances attractiveness for overseas capital.,MARKET_INFRASTRUCTURE
MCX Gold Mini contract emerges as most traded commodity derivative. The smaller lot size attracted retail participants seeking gold price exposure. Trading volumes exceeded full-size contract significantly.,MARKET_INFRASTRUCTURE
CCIL launches spot forex platform for interbank dollar-rupee trading. The exchange-based venue provides transparent price discovery and settlement guarantee. The platform complements existing OTC market structure.,MARKET_INFRASTRUCTURE
BSE starts offering basket trading facility for index constituents. Investors can execute proportionate trades across all index stocks simultaneously. The feature simplifies index replication and portfolio rebalancing.,MARKET_INFRASTRUCTURE
Government announces consolidation of state development loan auctions. States will now issue bonds through coordinated calendar reducing fragmentation. The reform improves price discovery and investor participation.,MARKET_INFRASTRUCTURE
NSDL reaches 5 crore beneficiary account milestone on retail participation surge. The depository added 1 crore accounts in single year driven by new investor registrations. Digital onboarding platforms accelerated growth trajectory.,MARKET_INFRASTRUCTURE
Auto sector leads market gains on festive season sales optimism. Automobile companies rallied ahead of Diwali on expectations of strong retail demand. Two-wheeler and passenger vehicle stocks showed broad-based strength.,MARKET_MOVEMENT
FMCG stocks decline as raw material costs threaten margin recovery. Consumer goods makers faced input cost inflation from palm oil and packaging materials. The margin headwind offset volume recovery expectations.,MARKET_MOVEMENT
Adani Group stocks rally 15% on debt reduction and refinancing announcements. The conglomerate's deleveraging progress improved investor sentiment after earlier concerns. Strong operating cash flows supported rapid debt paydown.,MARKET_MOVEMENT
"Tata Group stocks outperform as multiple companies execute strategic initiatives. The diversified conglomerate saw broad strength across technology, auto and consumer businesses. Restructuring and growth investments drove positive outlook.",MARKET_MOVEMENT
Metal stocks rebound sharply on China stimulus announcement hopes. Steel and aluminum producers gained on expectations of property sector support measures. The cyclical sector showed strongest single-day gain in months.,MARKET_MOVEMENT
Nifty IT index hits record high on dollar strength and deal pipeline visibility. Technology services companies benefited from rupee weakness improving export competitiveness. Strong order booking supported growth outlook confidence.,MARKET_MOVEMENT
Options expiry keeps Nifty pinned at 22000 strike amid heavy open interest. The psychological level acted as magnet with put writers defending the level. Post-expiry move expected as position constraints ease.,MARKET_MOVEMENT
Realty stocks plunge after RBI warns about aggressive lending to sector. The central bank's concerns about real estate loan concentration triggered selling. Leveraged developers faced steeper declines than established players.,MARKET_MOVEMENT
Capital goods stocks rally on strong order inflow announcements by leaders. Engineering and manufacturing companies reported healthy order books providing visibility. Government infrastructure spending drove public sector orders.,MARKET_MOVEMENT
Airline stocks face turbulence on rising crude prices and competitive pressures. Aviation sector declined as jet fuel costs increased squeezing already thin margins. Pricing discipline weakened as carriers competed for market share.,MARKET_MOVEMENT
PSU bank stocks gain after quarterly results show asset quality improvement. Public sector lenders reported lower slippages and increased recovery from bad loans. The credit cost normalization improved profitability outlook.,MARKET_MOVEMENT
Specialty chemicals rally on European supply disruptions from energy costs. Indian chemical exporters benefited from production curtailments in competing regions. The China plus one theme supported long-term demand shift.,MARKET_MOVEMENT
Power grid stocks surge after government approves massive transmission capex. Companies involved in electricity transmission gained on order pipeline expansion. The investments support renewable energy integration requirements.,MARKET_MOVEMENT
New-age tech stocks remain volatile with wide single-day price swings. Loss-making technology companies faced selling pressure on profitability concerns. Investor preference shifted toward cash-generating business models.,MARKET_MOVEMENT
IIP data shows industrial output growth moderating to 4.5% in monthly reading. The index of industrial production slowed from previous month's elevated levels. Mining and electricity sectors showed weakness while manufacturing held steady.,MACRO_ECONOMIC
Bank deposit growth accelerates to 12% as savers respond to higher rates. The pickup in deposits followed interest rate increases by major banks. The growth provides funding for credit expansion at banks.,MACRO_ECONOMIC
Rural wage growth shows improvement suggesting support for consumption recovery. Agricultural and non-agricultural wages both increased in real terms. The income gains in hinterland support rural demand recovery thesis.,MACRO_ECONOMIC
Tax buoyancy exceeds unity as collections outpace nominal GDP growth. The revenue elasticity reflects improved compliance and economic formalization. The trend supports fiscal consolidation without expenditure compression.,MACRO_ECONOMIC
RBI survey shows household inflation expectations declining but remaining elevated. The measure of price expectations important for policy decisions showed improvement. The moderation supports case for stable interest rates.,MACRO_ECONOMIC
Merchandise export growth turns positive after months of contraction. The trade data showed recovery led by pharmaceuticals and electronic goods. The improvement suggests external demand conditions stabilizing.,MACRO_ECONOMIC
Credit growth differential narrows between public and private sector banks. PSU banks showed improved loan growth catching up with private peers. The convergence reflects improved competitive positioning of government banks.,MACRO_ECONOMIC
Foreign tourist arrivals recover to pre-pandemic levels supporting hospitality sector. International visitors reached 2019 numbers for first time since COVID disruption. The milestone supports employment and forex earnings from tourism.,MACRO_ECONOMIC
Manufacturing capacity utilization reaches 74% in RBI quarterly survey. The improvement from previous quarter suggests growing output and investment demand. Higher utilization typically precedes capacity expansion decisions.,MACRO_ECONOMIC
Fiscal deficit reaches 40% of full year target in first four months. The front-loaded spending pattern reflects government's emphasis on capital expenditure. Revenue collections remain on track to support fiscal targets.,MACRO_ECONOMIC
Private consumption expenditure growth accelerates in quarterly GDP data. Household spending showed resilience despite inflation and interest rate headwinds. Urban consumption remained stronger than rural in composition.,MACRO_ECONOMIC
Core inflation excluding food and fuel moderates to 4.8% suggesting price stability. The underlying inflation measure showed gradual decline toward target. The trend provides comfort to central bank on policy trajectory.,MACRO_ECONOMIC
State government revenue deficits improve on better GST compensation formula. States showed healthier fiscal positions following formula revision and buoyant collections. The improvement supports capital spending by state governments.,MACRO_ECONOMIC
Investment rate rises to 34% of GDP indicating capital formation recovery. The gross fixed capital formation showed improvement from pandemic lows. Both public and private investment contributed to the increase.,MACRO_ECONOMIC
Russian ruble strengthens on oil export revenues and capital controls. The currency recovered from initial sanctions shock supported by continued energy sales. The controls prevented capital flight despite geopolitical isolation.,GEO_FINANCIAL
Soybean prices decline on record US harvest expectations and ample supply. The oilseed fell as crop conditions remained favorable in key growing regions. The bearish outlook weighed on farmer planting decisions.,GEO_FINANCIAL
Indian rupee outperforms emerging market peers during global risk-off episode. The currency held relatively stable compared to other developing market currencies. The outperformance reflects improved fundamentals and reserve adequacy.,GEO_FINANCIAL
Uranium prices rally on nuclear energy revival and supply constraints. The fuel for atomic power plants gained on renewed interest in carbon-free generation. Mine production lagged growing reactor demand supporting prices.,GEO_FINANCIAL
Chilean peso weakens on copper price decline and political uncertainty. The commodity-linked currency faced headwinds from metal market correction. Constitutional reform debates added to investor concerns.,GEO_FINANCIAL
Palm oil prices stabilize after Indonesia adjusts export tax formula. The edible oil found floor following policy clarity on Indonesian shipments. Food companies benefit from reduced input cost volatility.,GEO_FINANCIAL
Israeli shekel volatile amid geopolitical tensions and central bank response. The currency fluctuated on conflict developments and intervention announcements. Economic uncertainty impacted business confidence and investment.,GEO_FINANCIAL
Rare earth prices surge on export restrictions from major Chinese producers. The strategic materials used in electronics and EVs rallied on supply concerns. Western efforts to develop alternative sources accelerated.,GEO_FINANCIAL
New Zealand dollar rallies on hawkish RBNZ rate guidance surprise. The currency gained after central bank signaled rates staying higher for longer. The move caught markets positioning for earlier rate cuts.,GEO_FINANCIAL
Corn futures decline on weather improvement in US growing regions. The grain fell as drought conditions eased in key Midwest agricultural areas. Export demand remained supportive but supply outlook improved.,GEO_FINANCIAL
Vietnamese dong depreciates to record low against dollar on trade deficit. The currency weakened as import costs exceeded export earnings significantly. Central bank intervention limited further decline.,GEO_FINANCIAL
Rubber prices rally on supply disruption from Thailand flooding. The commodity used in tires and industrial goods gained on harvest disruptions. Automotive demand remained robust adding to upward pressure.,GEO_FINANCIAL
Hungarian forint strengthens after central bank maintains hawkish stance. The currency appreciated as policymakers resisted calls for premature easing. The commitment to fighting inflation supported investor confidence.,GEO_FINANCIAL
Oats prices spike on Canadian drought impacting major exporting region. The grain used in food products surged on production shortfall fears. Alternative supply sources faced logistics constraints.,GEO_FINANCIAL
Order rejecting settlement application of noticee charged with market manipulation. The Adjudicating Officer found that proposed settlement terms were inadequate given gravity of violations. Matter to proceed for full adjudication hearing.,SKIP
What is the best way to invest one-time bonus of Rs 5 lakh for 2-year goal? I want to buy a car after 2 years. Should I put in fixed deposit or short-term debt funds? Tax efficiency also matters for me.,SKIP
Appeal pending before Securities Appellate Tribunal in matter of alleged fraudulent trading. The appellants have challenged findings of investigation report and quantum of penalty imposed. Next date of hearing scheduled for coming month.,SKIP
How should a 25-year-old with Rs 10000 monthly surplus start investing? I have no prior investment experience. Should I start with mutual fund SIP or directly buy stocks? Please suggest step by step approach.,SKIP
Order directing attachment of bank accounts and demat holdings of noticees. Investigation prima facie established connection between noticees and market manipulation scheme. Protective action necessary to prevent dissipation of assets.,SKIP
Can you explain difference between regular and direct mutual fund plans simply? I have been investing through my bank in regular plans. Will I save significantly by switching to direct plans?,SKIP
Show cause notice issued for violation of portfolio manager regulations. The noticee allegedly executed trades in client accounts exceeding risk parameters. Response with supporting documents required within specified timeframe.,SKIP
"My daughter is getting married next year. How should I liquidate investments systematically to fund wedding expenses of Rs 30 lakh? I have investments in stocks, mutual funds and fixed deposits currently.",SKIP
Final order in the matter of violation of insider trading regulations by company CFO. The noticee traded during closed window while in possession of UPSI regarding quarterly results. Penalty of Rs 15 lakh imposed with one year securities market ban.,SKIP
Is gold a good investment at current price levels for long term wealth creation? I have 10% allocation to gold ETF. Should I increase this given inflation uncertainty? What about sovereign gold bonds?,SKIP
Consent order terms accepted in settlement of violations by registered intermediary. The applicant has agreed to pay settlement charges and undertake compliance improvements. Proceedings concluded without findings of violation being recorded.,SKIP
What are the best practices for asset allocation at different life stages? I am 35 years old with moderate risk appetite. How should my portfolio mix change as I approach retirement?,SKIP
Notice issued to depository participant for lapses in dematerialization process. Preliminary review revealed delays and errors in processing demat requests. Remedial measures and system improvements directed to be implemented.,SKIP
Should I take education loan for MBA or fund from savings and investments? Loan amount needed is Rs 25 lakh at 10% interest. I have Rs 20 lakh in investments currently earning 12% returns.,SKIP
Major highway accident causes traffic disruption for several hours during morning rush. The collision involving multiple vehicles resulted in injuries requiring hospitalization. Authorities diverted traffic through alternate routes while clearing scene.,NON_FINANCE
Indian women's hockey team qualifies for Olympics after historic semifinal victory. The team secured qualification by reaching last four at continental championship. The achievement marks significant milestone for women's hockey development in India.,NON_FINANCE
New malaria vaccine shows 80% effectiveness in African clinical trials. The breakthrough immunization could prevent millions of deaths annually from the disease. Global health organizations plan rapid deployment in endemic regions.,NON_FINANCE
Popular streaming series finale draws record viewership breaking all platform records. The conclusion of long-running show attracted millions of simultaneous viewers worldwide. Social media engagement reached unprecedented levels during broadcast.,NON_FINANCE
"City announces ban on single-use plastics effective from next quarter. The municipal regulation covers bags, cups, straws and packaging materials. Businesses given transition period to shift to sustainable alternatives.",NON_FINANCE
Indian origin CEO appointed to lead Fortune 500 technology company. The leadership transition comes as company navigates digital transformation initiatives. The appointment continues trend of Indian executives leading global corporations.,NON_FINANCE
Severe air pollution forces school closures in northern India during winter months. Air quality index reached hazardous levels exceeding safe limits by ten times. Health advisories issued recommending residents avoid outdoor activities.,NON_FINANCE
Archaeological discovery reveals ancient underground city in central Turkey. The subterranean complex could accommodate thousands of inhabitants and livestock. Researchers believe the city served as refuge during historical invasions.,NON_FINANCE
Indian classical dancer receives prestigious international arts award recognition. The honor celebrates decades of contribution to preserving traditional dance forms. The ceremony was attended by cultural dignitaries from multiple countries.,NON_FINANCE
Major software vulnerability discovered affecting millions of devices worldwide. Security researchers identified flaw in widely used operating system component. Companies rushing to deploy patches before exploitation becomes widespread.,NON_FINANCE
Longest cable-stayed bridge in country inaugurated connecting remote regions. The infrastructure project reduces travel time between previously isolated communities significantly. Engineering achievement overcame challenging terrain and weather conditions.,NON_FINANCE
Indian chef wins prestigious culinary competition defeating international contestants. The victory highlights growing global recognition of Indian cuisine and talent. The winner plans to open restaurant showcasing regional Indian cooking.,NON_FINANCE
Monsoon arrives early bringing relief to drought-affected agricultural regions. The India Meteorological Department confirmed onset over southern peninsula ahead of normal date. Farmers prepare for kharif crop sowing with improved water availability.,NON_FINANCE
New gene therapy approved for treatment of inherited blindness in children. The groundbreaking treatment restores vision by correcting genetic defect causing condition. Regulatory approval follows successful clinical trials demonstrating remarkable results.,NON_FINANCE
SEBI introduces new disclosure framework for mutual fund portfolio holdings. Fund houses must now publish complete holdings daily instead of monthly disclosure. The transparency improvement helps investors make informed decisions about fund exposure.,FINANCE_POLICY
RBI permits white label ATM operators to provide basic banking services. Non-bank ATM providers can now facilitate account opening and loan applications. The expansion leverages existing infrastructure to improve financial inclusion reach.,FINANCE_POLICY
Government announces GST rate rationalization on financial services transactions. The revised rates reduce tax burden on insurance premiums and mutual fund management fees. The relief benefits retail investors and policyholders significantly.,FINANCE_POLICY
SEBI mandates stress testing disclosures for debt mutual fund schemes. Fund houses must publish scenario analysis showing impact of interest rate and credit events. The information helps investors assess risk exposures in fixed income funds.,FINANCE_POLICY
RBI allows non-bank payment system operators to participate in RTGS system. The access expands real-time payment capabilities beyond traditional banking channels. The reform promotes competition and innovation in payment services.,FINANCE_POLICY
Central bank introduces guidelines for compensation practices at banks. The rules limit variable pay and require bonus deferrals for risk-taking employees. The framework aligns incentives with long-term shareholder and depositor interests.,FINANCE_POLICY
IRDAI permits insurers to offer pay-per-use motor insurance products. The innovation-friendly regulation allows premiums linked to actual vehicle usage. Telematics-based products can now be offered with regulatory clarity.,FINANCE_POLICY
SEBI releases framework for operating gold exchange in India. The comprehensive rules cover spot gold trading with delivery settlement mechanism. The exchange will provide transparent price discovery for gold transactions.,FINANCE_POLICY
RBI enhances guidelines for sale of stressed assets to asset reconstruction companies. The revised norms improve transparency in pricing and reduce information asymmetry. The changes aim to accelerate resolution of non-performing assets.,FINANCE_POLICY
Government extends tax benefits for investments in startup ecosystem. The enhanced deduction for capital gains invested in eligible startups promotes entrepreneurship. The extension continues support for innovation-driven economic growth.,FINANCE_POLICY
SEBI introduces framework for fractional ownership of real estate assets. Small investors can now participate in commercial property investments through platforms. The democratization of real estate investing expands asset class accessibility.,FINANCE_POLICY
RBI permits video-based customer identification for opening bank accounts. The remote KYC process enables account opening without physical branch visit. The digital-first approach improves customer convenience and reduces costs.,FINANCE_POLICY
Central bank releases guidelines on pricing of services by payment system operators. The rules ensure fair and transparent fee structures for merchant transactions. Competition and consumer protection objectives are balanced in the framework.,FINANCE_POLICY
SEBI extends timeline for segregation and monitoring of client collateral by brokers. The delayed implementation gives brokers additional time for system readiness. The reform protects client assets from broker default scenarios.,FINANCE_POLICY
Astar Network integration with major enterprise blockchain gains traction. The parachain connecting Polkadot ecosystem to real-world applications showed strong developer interest. Partnerships with Japanese corporations drove adoption momentum.,DIGITAL_ASSETS
Bitcoin ETF trading volume spikes on volatility as major holder liquidates position. Heavy selling created price pressure requiring market makers to absorb supply. The episode demonstrated improved market depth despite concentrated flows.,DIGITAL_ASSETS
Filecoin decentralized storage network reaches 20 exabytes of storage capacity. The protocol incentivizing data storage on blockchain infrastructure hit milestone. Enterprise clients increasingly adopted decentralized storage solutions.,DIGITAL_ASSETS
Polygon zkEVM processes record transactions following major protocol upgrade. The zero-knowledge scaling solution saw increased usage after performance improvements. DeFi application migration accelerated following the upgrade.,DIGITAL_ASSETS
Bitcoin halving approaches with mining industry preparing for reduced rewards. The quadrennial event cutting block subsidies historically preceded price appreciation. Miners consolidated and upgraded equipment anticipating tighter economics.,DIGITAL_ASSETS
Curve Finance exploit recovery reaches 70% of stolen funds through bounty program. The DeFi protocol's bug bounty incentivized return of hacked assets. The recovery demonstrated effectiveness of white-hat hacker engagement.,DIGITAL_ASSETS
Apecoin ecosystem activity increases with new gaming and metaverse launches. The token associated with Bored Ape Yacht Club saw renewed interest. New utility beyond collectibles drove demand from gaming participants.,DIGITAL_ASSETS
Internet Computer Protocol expands web hosting capabilities with new features. The blockchain enabling fully on-chain websites added enhanced functionality. Developer adoption grew for decentralized application hosting.,DIGITAL_ASSETS
Blur vs OpenSea competition intensifies with new fee structure announcements. The NFT marketplace rivalry drove innovations benefiting traders and creators. Market share shifted as platforms competed on economics and features.,DIGITAL_ASSETS
THORChain enables native asset swaps across major blockchain networks. The decentralized exchange protocol expanded supported chains and assets. The non-custodial cross-chain trading saw volume growth on new pairs.,DIGITAL_ASSETS
Ondo Finance launches tokenized US treasuries for DeFi yield products. The protocol bringing traditional assets on-chain attracted institutional interest. Real-world asset tokenization emerged as major narrative in crypto markets.,DIGITAL_ASSETS
GMX perpetual exchange dominates Arbitrum DeFi with $500 million TVL. The derivatives protocol captured significant market share on Layer 2 network. Fee distribution to token stakers created sustainable tokenomics model.,DIGITAL_ASSETS
Pendle Finance yield trading platform sees explosive growth on LRT products. The protocol enabling trading of future yield attracted sophisticated users. Liquid restaking token markets drove record volumes and TVL.,DIGITAL_ASSETS
Wormhole bridge recovery plan progresses with majority of funds restored. The cross-chain protocol hacked for $320 million worked toward making users whole. Fundraising and insurance claims contributed to recovery efforts.,DIGITAL_ASSETS
Kamino Finance emerges as leading Solana DeFi protocol by TVL growth. The automated liquidity management platform attracted concentrated liquidity providers. The product-market fit drove rapid user acquisition on the network.,DIGITAL_ASSETS
SEBI clears framework for direct listing of Indian companies on GIFT City exchange. Domestic firms can now access international capital through offshore listing route. The alternative provides flexibility in capital raising strategies.,MARKET_INFRASTRUCTURE
RBI introduces forex derivatives for retail participants through exchanges. Individuals can now hedge currency exposure using exchange-traded products. The access democratizes risk management tools previously available only to institutions.,MARKET_INFRASTRUCTURE
Corporate bond market sees electronic request for quote platform adoption grow. The RFQ mechanism improves price discovery and execution efficiency. Transaction costs declined as electronic trading replaced voice-based dealing.,MARKET_INFRASTRUCTURE
NSE completes migration to new data center with enhanced disaster recovery capabilities. The infrastructure upgrade improves system reliability and reduces latency. The investment supports growing trading volumes and regulatory requirements.,MARKET_INFRASTRUCTURE
Government announces development of International Bullion Exchange at GIFT City. The platform will enable dollar-denominated gold and silver trading for international participants. The infrastructure positions India as global precious metals trading hub.,MARKET_INFRASTRUCTURE
SEBI permits algo trading for retail investors through registered intermediaries. Individual traders can now use approved algorithmic strategies for execution. The access equalizes technological capabilities across participant categories.,MARKET_INFRASTRUCTURE
RBI operationalizes Standing Deposit Facility as primary liquidity absorption tool. The overnight deposit window replaced reverse repo as policy rate corridor floor. The change simplifies monetary policy implementation framework.,MARKET_INFRASTRUCTURE
Commodity exchange launches carbon credit futures contracts for ESG market development. The derivatives enable hedging and price discovery for environmental commodities. Corporate sustainability initiatives drive demand for carbon trading tools.,MARKET_INFRASTRUCTURE
BSE signs technology partnership for blockchain-based mutual fund platform. The collaboration aims to improve efficiency in fund transactions and record keeping. Distributed ledger technology promises reduced settlement times and costs.,MARKET_INFRASTRUCTURE
RBI extends operating hours of payment systems to support digital economy growth. RTGS and NEFT now available for longer windows approaching 24-hour availability. The change facilitates e-commerce and cross-border transactions timing.,MARKET_INFRASTRUCTURE
SEBI introduces common application form for overseas investment by domestic funds. The standardized documentation simplifies international investment process for mutual funds. The reform reduces operational friction for global portfolio allocation.,MARKET_INFRASTRUCTURE
India VIX spikes above 20 as uncertainty increases ahead of election results. The volatility index measuring market fear reached highest levels in months. Options premiums increased significantly across index and stock derivatives.,MARKET_MOVEMENT
Pharmaceutical stocks surge after USFDA facility inspections show clean outcomes. Drug makers rallied on removal of regulatory overhang affecting export approvals. The positive development supports US generics market opportunity.,MARKET_MOVEMENT
Nifty Financial Services index reaches new high driven by private bank strength. The sectoral index outperformed broader market on credit growth optimism. Quality financials with strong liability franchises led the advance.,MARKET_MOVEMENT
Sugar stocks decline on government export restrictions to manage domestic supply. The policy decision limiting overseas sales impacted integrated sugar companies. Ethanol segment provided partial offset to revenue loss.,MARKET_MOVEMENT
E-commerce stocks rally on improving unit economics and market share gains. Online retail platforms showed improving path to profitability on scale benefits. Competitive intensity moderated allowing margin expansion focus.,MARKET_MOVEMENT
Nifty 50 PE ratio approaches historical average after recent correction. Valuation metrics moderated from stretched levels making equity more attractive. The normalization supports case for medium-term accumulation.,MARKET_MOVEMENT
Fertilizer stocks face pressure on delayed subsidy disbursement concerns. Government payment delays impacted working capital requirements for manufacturers. The cash flow strain added to sentiment weakness in sector.,MARKET_MOVEMENT
Real estate stocks surge after RBI holds rates steady surprising some analysts. The pause in tightening cycle supported housing demand outlook. Residential segment showed stronger response than commercial real estate.,MARKET_MOVEMENT
Market turnover reaches record Rs 300 lakh crore in calendar year. The milestone reflects increased retail participation and derivatives activity. Exchange fee income benefited from elevated trading volumes.,MARKET_MOVEMENT
Broader market correction deepens with midcap index falling 15% from peak. The segment faced steeper drawdown than large caps amid risk-off sentiment. Quality differentiation increased as weak balance sheets sold off harder.,MARKET_MOVEMENT
Banking sector rally extends to 10th consecutive session on rate trajectory clarity. Financial stocks showed sustained strength on improving NIM outlook. Private banks outperformed PSU peers on better growth metrics.,MARKET_MOVEMENT
Utilities stocks gain as summer power demand forecasts revised higher. Electricity generators and distributors rallied on volume growth expectations. Capacity addition progress supported medium-term demand capture ability.,MARKET_MOVEMENT
Nifty Realty index falls 5% on unsold inventory concerns in major markets. The real estate sector declined on reports of elevated housing stock levels. Developers with premium projects showed relatively better resilience.,MARKET_MOVEMENT
Healthcare stocks show mixed performance as sector rotation continues. Defensive characteristics attracted some buying while pricing concerns weighed on others. Hospital chains outperformed generic pharmaceutical exporters.,MARKET_MOVEMENT
Personal consumption expenditure price index remains elevated at 4.2% annual rate. The Fed's preferred inflation measure stayed above target requiring continued vigilance. Services inflation particularly housing remained sticky component.,MACRO_ECONOMIC
RBI foreign exchange reserves touch new high of $700 billion milestone. The central bank's buffer against external shocks reached record levels. Import cover improved to over 12 months providing significant cushion.,MACRO_ECONOMIC
Bank NPAs decline to decade low of 3.2% of gross advances. Asset quality improvement reflected economic recovery and resolution efforts. Provision coverage ratios strengthened alongside NPA reduction.,MACRO_ECONOMIC
Auto production numbers signal manufacturing sector recovery momentum. Vehicle output data showed double-digit growth across categories. The strong production supports employment and ancillary industry demand.,MACRO_ECONOMIC
Core sector output maintains 8% growth trajectory for third consecutive month. Infrastructure-related industries showed sustained expansion momentum. Coal and cement production led the gains with electricity close behind.,MACRO_ECONOMIC
Unemployment rate edges up to 7.8% in monthly CMIE survey. The labor market showed slight softening from previous month's reading. Urban areas showed higher joblessness rate than rural regions.,MACRO_ECONOMIC
Government achieves disinvestment target with strategic sale of public enterprise. The transaction raised Rs 30000 crore for the exchequer meeting fiscal year goal. The successful sale demonstrates appetite for state-owned asset privatization.,MACRO_ECONOMIC
Non-food credit growth accelerates to 16% on retail and MSME demand. The banking system showed healthy expansion in productive lending. Working capital demand from industry also contributed to growth.,MACRO_ECONOMIC
WPI food articles inflation surges to 10% on vegetable price spike. Weather disruptions impacted supply of key food commodities significantly. The price pressures contrast with moderating manufactured goods inflation.,MACRO_ECONOMIC
Gross fixed capital formation grows 10% indicating investment cycle strengthening. The national accounts data showed improving private sector capex activity. Government capital spending maintained strong momentum alongside.,MACRO_ECONOMIC
PMI manufacturing hits 8-month high at 57.5 on new order growth. The survey indicated accelerating factory activity and production expansion. Export orders showed improvement suggesting global demand recovery.,MACRO_ECONOMIC
Tax collection data shows GST revenues maintaining Rs 1.7 lakh crore monthly average. The stable collections provide confidence in economic activity levels. Compliance improvements and consumption strength drove the performance.,MACRO_ECONOMIC
Household savings rate recovers toward pre-pandemic levels in latest data. The financial savings rebound reflects improved income conditions and confidence. The shift supports both consumption and investment funding.,MACRO_ECONOMIC
Services sector growth maintains momentum with 7% expansion in Q2. The largest economic segment continued driving overall GDP growth. Financial services and IT showed particularly strong performance.,MACRO_ECONOMIC
Peruvian sol weakens on political instability and mining sector concerns. The currency faced headwinds from domestic political turmoil and commodity exposure. Central bank intervention smoothed excessive volatility periods.,GEO_FINANCIAL
Soybean oil prices rally on biodiesel mandate implementation in major markets. The edible oil gained as renewable fuel requirements increased demand. Food versus fuel competition intensified pushing prices higher.,GEO_FINANCIAL
Bangladesh taka depreciates to record low amid foreign exchange shortage. The currency weakened as remittance flows slowed and import bills remained elevated. Central bank tightened import restrictions to conserve reserves.,GEO_FINANCIAL
Cobalt prices stabilize after Congo supply concerns ease. The battery metal found support after production resumed at major mines. Electric vehicle demand provided underlying support despite supply improvement.,GEO_FINANCIAL
Swedish krona strengthens as Riksbank signals extended tightening cycle. The currency gained on expectations of higher for longer interest rates. The hawkish stance contrasted with ECB pivot expectations.,GEO_FINANCIAL
Rice prices rally to multi-year high on India export ban concerns. The staple grain surged after world's largest exporter restricted shipments. Food security concerns grew in importing Asian and African countries.,GEO_FINANCIAL
Nigerian naira falls sharply after central bank unifies exchange rate windows. The currency depreciated as market-determined rate replaced multiple artificial rates. The float was condition for IMF program support.,GEO_FINANCIAL
Molybdenum prices spike on supply shortage from major producing regions. The steel alloy metal rallied as production disruptions tightened market balance. Industrial demand from infrastructure spending supported price gains.,GEO_FINANCIAL
Kenyan shilling stabilizes after IMF disbursement provides reserve support. The currency found footing following injection of hard currency from international lender. Debt restructuring progress also improved sentiment.,GEO_FINANCIAL
Orange juice futures rally to record on Florida crop disease devastation. The citrus concentrate surged as production forecasts were slashed dramatically. Citrus greening disease destroyed significant portion of fruit trees.,GEO_FINANCIAL
Pakistani rupee appreciates on IMF program approval and aid commitments. The currency strengthened after multilateral support package was finalized. The relief follows extended period of severe pressure.,GEO_FINANCIAL
Vanadium prices gain on energy storage and steel demand growth. The battery metal rallied on grid storage applications and alloy requirements. Chinese production discipline supported price recovery from lows.,GEO_FINANCIAL
Ghana cedi remains volatile despite debt restructuring agreement completion. The currency swung on implementation uncertainty and fiscal execution concerns. Cocoa export revenues provided partial support during harvesting season.,GEO_FINANCIAL
Cotton prices decline on weak textile demand and favorable growing conditions. The fiber fell as major producing regions reported healthy crop progress. Import demand from major consuming countries remained subdued.,GEO_FINANCIAL
Order imposing disgorgement and penalty in matter of front running by mutual fund dealer. Investigation established that the noticee executed trades ahead of large fund orders systematically. Securities market ban of five years also imposed on the violator.,SKIP
What percentage of salary should be invested for retirement to maintain lifestyle? I am 30 years old with Rs 1.5 lakh monthly income. I want to retire at 55 with corpus sufficient for 30 years of expenses.,SKIP
Appeal filed challenging SEBI order on violation of LODR regulations by listed company. The appellant disputes findings regarding delayed disclosure of material events. Stay application filed pending disposal of appeal.,SKIP
How to plan finances for two children's education abroad after 10 and 15 years? Current savings are Rs 50 lakh. Expected requirement is Rs 1 crore and Rs 1.5 crore respectively. What investment strategy?,SKIP
Consent order passed in settlement proceedings for broker compliance violations. The applicant agreed to pay Rs 10 lakh and implement enhanced surveillance systems. The matter concluded without admission of wrongdoing.,SKIP
Is it good time to buy second property as investment or should I wait for price correction? I already own one house with no loan. Second property would require Rs 30 lakh loan at current rates.,SKIP
Notice issued to registered credit rating agency for lapses in rating methodology. Preliminary examination reveals deviation from stated criteria in assigning ratings. Response required addressing concerns raised in notice.,SKIP
My parents aged 70 years have Rs 1 crore in fixed deposits. How can they earn better returns safely? They need Rs 60000 monthly for expenses. Are senior citizen schemes better than bank FDs?,SKIP
Order directing investigation into manipulation of IPO subscription numbers. Prima facie evidence suggests coordinated applications to inflate subscription figures artificially. Detailed investigation ordered to identify all connected entities.,SKIP
Should I surrender underperforming ULIP and reinvest in mutual funds? The policy has completed 5-year lock-in period. Fund value is Rs 8 lakh against total premium paid of Rs 10 lakh over years.,SKIP
Final order dismissing appeal in matter of penalty for non-disclosure of related party transactions. The appellant failed to establish reasonable cause for violation. Penalty of Rs 25 lakh confirmed.,SKIP
What are the pros and cons of investing through Portfolio Management Services versus mutual funds? I have Rs 50 lakh to invest. PMS requires minimum Rs 50 lakh while MF has no minimum.,SKIP
Show cause notice issued to merchant banker for violation of due diligence norms. The noticee allegedly certified incorrect information in IPO documents. Response required with supporting documents.,SKIP
How should I structure investments for daughter's wedding in 3 years requiring Rs 50 lakh? Currently have Rs 30 lakh in equity mutual funds. Should I move to safer options now?,SKIP
Historic peace agreement signed ending decades of conflict between neighboring nations. The treaty was brokered by international mediators after months of negotiations. Both countries committed to demilitarization and economic cooperation.,NON_FINANCE
Indian origin student wins international mathematics olympiad gold medal. The teenager topped the prestigious competition beating thousands of participants globally. Schools and coaching institutes celebrated the exceptional achievement.,NON_FINANCE
New electric bus fleet launched in metropolitan city reducing public transport emissions. The environmentally friendly vehicles will replace diesel buses over coming years. Commuters appreciated the quieter and smoother ride experience.,NON_FINANCE
Major dam project completed providing irrigation to drought-prone agricultural districts. The infrastructure enables water storage for year-round farming activities. Lakhs of farmers in the region will benefit from improved water access.,NON_FINANCE
"Indian language AI model claims breakthrough in natural language processing. The technology company developed model trained on regional language corpus. Applications include translation, content generation, and voice assistants.",NON_FINANCE
Celebrity wedding event attracts massive media attention across entertainment platforms. The high-profile nuptials featured elaborate ceremonies over multiple days. Fashion designers showcased creations worn by guests and wedding party.,NON_FINANCE
Earthquake early warning system successfully alerts population minutes before tremor. The technology provided precious time for evacuation and safety measures. Reduced casualties attributed to effective warning dissemination.,NON_FINANCE
New dinosaur species discovered in archaeological excavation in western India. The fossil find reveals previously unknown species that roamed the subcontinent millions of years ago. Paleontologists excited about implications for understanding prehistoric life.,NON_FINANCE
Indian classical music legend receives highest national cultural honor. The lifetime achievement recognition celebrates decades of contribution to musical heritage. The ceremony was attended by dignitaries and fellow artists.,NON_FINANCE
Smart city project transforms urban mobility with integrated technology solutions. Traffic management and public transport systems connected through central platform. Commuter experience improved through real-time information and coordination.,NON_FINANCE
Popular food delivery app expands to tier-2 cities capturing new customer base. The platform's geographic expansion brings restaurant delivery services to smaller towns. Local restaurants benefit from digital ordering channel access.,NON_FINANCE
Record heatwave prompts authorities to declare public health emergency. Temperatures exceeded 48 degrees Celsius in several regions for consecutive days. Hospitals reported surge in heat-related illness cases requiring treatment.,NON_FINANCE
Indian naval vessel completes maiden voyage showcasing indigenous shipbuilding capability. The domestically manufactured warship demonstrated advanced technology systems. Defense self-reliance goals advanced through successful sea trials.,NON_FINANCE
Traditional handicraft receives geographical indication tag protecting artisan heritage. The recognition prevents imitation products from claiming the distinctive regional origin. Local craftspeople celebrated the intellectual property protection milestone.,NON_FINANCE
RBI announces liquidity framework for stressed NBFCs under resolution. The special facility provides emergency credit lines for non-banks facing temporary difficulties. The mechanism prevents disorderly failures while protecting depositor interests.,FINANCE_POLICY
SEBI revises related party transaction threshold for listed companies. The new limits balance disclosure requirements with operational flexibility. Audit committee approval requirements also modified in the framework.,FINANCE_POLICY
Government extends interest equalization scheme for MSME exporters. The subsidy on export credit continues supporting small business competitiveness. The extension provides relief as global demand conditions remain uncertain.,FINANCE_POLICY
RBI permits banks to invest in infrastructure debt funds through credit enhancement. The mechanism allows banks to provide partial guarantees improving fund ratings. The support channels bank capital toward infrastructure without direct lending exposure.,FINANCE_POLICY
"SEBI introduces comprehensive framework for sustainable finance taxonomy. The classification system defines green, social, and sustainability-linked instruments. The standardization enables comparison and reduces greenwashing concerns.",FINANCE_POLICY
Central bank releases discussion paper on licensing of digital banks. The document explores framework for pure-play digital banking entities. Public comments sought on capital requirements and technology standards.,FINANCE_POLICY
IRDAI permits insurers to invest in subordinated debt of corporates. The expanded investment universe improves yield opportunities for insurance portfolios. Risk management guidelines accompany the liberalization measure.,FINANCE_POLICY
SEBI mandates business continuity planning for registered intermediaries. The comprehensive requirements cover disaster recovery and operational resilience. Implementation timeline provides adequate preparation period.,FINANCE_POLICY
RBI enhances CRILC reporting requirements for early stress detection. Banks must report exposure data more frequently with additional granularity. The improved information supports proactive supervision of credit risks.,FINANCE_POLICY
Government notifies regulations for operation of digital health wallet. The framework enables secure storage and sharing of health records digitally. Interoperability standards ensure portability across healthcare providers.,FINANCE_POLICY
SEBI permits mutual funds to invest in credit default swaps as protection buyer. The hedging tool helps manage credit risk in corporate bond portfolios. Position limits and eligibility criteria apply to CDS usage.,FINANCE_POLICY
RBI issues circular on lending to microfinance borrowers with new income limits. The revised caps expand eligible borrower population for microfinance loans. Pricing guidelines ensure affordable credit for bottom of pyramid.,FINANCE_POLICY
Central bank releases standards for certification of technology service providers. The framework governs outsourcing of critical IT services by banks. Security and resilience requirements protect financial system infrastructure.,FINANCE_POLICY
SEBI streamlines listing regulations for social enterprises on social stock exchange. The differentiated framework recognizes unique characteristics of non-profit entities. Simplified compliance reduces cost of accessing public capital.,FINANCE_POLICY
Jito liquid staking token leads Solana DeFi growth with $2 billion TVL. The staking derivative protocol captured significant market share rapidly. MEV rewards distribution differentiated the product from competitors.,DIGITAL_ASSETS
Bitcoin Lightning Network adoption accelerates with 100000 active channels. The Layer 2 payment solution saw record growth in routing capacity. Merchants increasingly accepted Lightning payments for instant settlement.,DIGITAL_ASSETS
Pyth Network oracle expansion brings real-time price feeds to 40 blockchains. The high-fidelity data provider achieved multichain coverage milestone. Institutional data sources ensured accuracy for DeFi applications.,DIGITAL_ASSETS
Marinade Finance governance proposes major tokenomics revamp for sustainability. The Solana staking protocol community debated fee and reward structure changes. The proposal aimed to improve long-term protocol economics.,DIGITAL_ASSETS
LayerZero messaging protocol processes 10 million cross-chain messages. The interoperability infrastructure achieved scale demonstrating production readiness. Bridge aggregators built on LayerZero dominated cross-chain volume.,DIGITAL_ASSETS
Ethena synthetic dollar protocol reaches $3 billion TVL on yield appeal. The delta-neutral stablecoin offering high yields attracted capital rapidly. Risk concerns about funding rate dependency prompted debate.,DIGITAL_ASSETS
Bitcoin mining ETFs see inflows as halving narrative drives investor interest. The publicly traded mining exposure products attracted capital ahead of event. Hashrate growth expectations supported bullish positioning.,DIGITAL_ASSETS
Dune Analytics surpasses 1 million daily active queries on blockchain data. The analytics platform became essential infrastructure for crypto research. Community dashboards covered every major protocol and trend.,DIGITAL_ASSETS
Osmosis DEX dominates Cosmos ecosystem trading with improved swap routing. The interchain exchange optimized cross-chain liquidity aggregation. Volume growth reflected expanding IBC-connected blockchain ecosystem.,DIGITAL_ASSETS
Safe wallet multisig contracts hold $100 billion in digital assets. The smart contract wallet infrastructure secured significant treasury holdings. Institutions adopted Safe for programmatic asset management.,DIGITAL_ASSETS
Manta Network privacy features attract DeFi users seeking transaction anonymity. The modular chain offering confidential smart contracts saw adoption growth. Privacy-preserving applications launched across DeFi verticals.,DIGITAL_ASSETS
Render Network GPU marketplace volume grows 300% on AI computing demand. The decentralized rendering platform benefited from machine learning workloads. Token economics connected compute demand to RNDR value.,DIGITAL_ASSETS
Blur Season 3 airdrop rewards distributed to NFT traders and lenders. The marketplace continued aggressive incentive programs for user acquisition. Token distribution created selling pressure affecting BLUR price.,DIGITAL_ASSETS
Sei blockchain launches mainnet claiming fastest time to finality. The trading-focused Layer 1 optimized for order book applications. Exchange integrations drove early liquidity and user adoption.,DIGITAL_ASSETS
"Magic Eden expands beyond Solana to capture multi-chain NFT market share. The NFT marketplace launched on Ethereum, Polygon, and Bitcoin Ordinals. The diversification reduced dependence on single ecosystem.",DIGITAL_ASSETS
SEBI approves creation of credit risk transfer instruments for banks. The synthetic securitization product enables transfer of credit risk without asset sale. The mechanism improves capital efficiency for lending institutions.,MARKET_INFRASTRUCTURE
RBI operationalizes 24x7 rupee remittance corridor with select countries. The round-the-clock settlement system supports diaspora money transfers. The infrastructure reduces costs and settlement times for workers abroad.,MARKET_INFRASTRUCTURE
BSE introduces circuit breakers for index derivatives to manage volatility. The automated trading halts trigger at predefined movement thresholds. The safeguards protect market stability during extreme price swings.,MARKET_INFRASTRUCTURE
Government announces sovereign wealth fund for deploying disinvestment proceeds. The institution will manage proceeds from public enterprise sales professionally. Long-term investment horizon targets infrastructure and strategic sectors.,MARKET_INFRASTRUCTURE
NCDEX launches derivatives on milk and dairy products after regulatory approval. The commodity exchange introduced contracts for price discovery in dairy sector. Farmers and processors gain hedging tools for price risk management.,MARKET_INFRASTRUCTURE
RBI pilot tests programmable money for targeted subsidy disbursement. The digital rupee variant with spending restrictions showed promise for welfare payments. The feature ensures subsidies used for intended purposes.,MARKET_INFRASTRUCTURE
SEBI mandates uniform margin framework across commodities and currency derivatives. The harmonized approach applies consistent risk management standards. Position limits also aligned across derivative segments.,MARKET_INFRASTRUCTURE
International sovereign bond issued in rupees attracts global investor participation. The masala bond denomination attracted interest from institutional investors. The issuance develops offshore rupee market liquidity.,MARKET_INFRASTRUCTURE
NSE launches derivative contracts on MSCI India index for international investors. The products track widely followed global benchmark for Indian equities. The offering competes with SGX Nifty for offshore hedging demand.,MARKET_INFRASTRUCTURE
Corporate bond index futures launched to improve fixed income hedging options. The exchange-traded product provides duration risk management tool. The contract fills gap in interest rate derivative offerings.,MARKET_INFRASTRUCTURE
RBI introduces regulatory sandbox for responsible AI in financial services. The framework allows testing of machine learning applications with safeguards. Participants include banks and fintechs with innovative AI solutions.,MARKET_INFRASTRUCTURE
GIFT City sees 500% growth in fund management assets under administration. The international financial center attracted offshore fund structures. Tax benefits and regulatory clarity drove asset migration to IFSC.,MARKET_INFRASTRUCTURE
CCIL launches gold borrowing and lending service for market participants. The infrastructure enables efficient inventory management for gold dealers. The standardized terms improve market functioning and transparency.,MARKET_INFRASTRUCTURE
State government bonds trading shifts toward electronic platforms from phone markets. The SDL segment saw increased adoption of exchange and NDS-OM platforms. The transition improved price transparency and execution quality.,MARKET_INFRASTRUCTURE
Nifty IT index drops 4% as US banking crisis raises recession concerns. Technology services companies fell on fears of reduced client spending. The risk-off sentiment triggered broad selloff across IT stocks.,MARKET_MOVEMENT
Infrastructure stocks lead market recovery on government capex execution progress. Road and construction companies rallied on healthy order execution visibility. The sector outperformed as defensive sectors lagged.,MARKET_MOVEMENT
Banking stocks face profit booking after extended rally to record highs. The Nifty Bank index corrected 3% as investors locked in gains. Valuations had reached stretched levels relative to historical averages.,MARKET_MOVEMENT
Consumer durable stocks surge on Diwali sales expectations exceeding forecasts. Electronics and appliance companies gained on strong festive demand. Premiumization trend supported average selling price improvement.,MARKET_MOVEMENT
Nifty crosses 23000 for first time driven by global risk-on sentiment. The milestone came on combination of domestic and international factors. Foreign flows turned positive supporting the fresh breakout.,MARKET_MOVEMENT
PSU stocks underperform as disinvestment supply concerns weigh on sentiment. Government enterprise shares faced selling pressure on stake sale expectations. The overhang impacted valuations relative to private peers.,MARKET_MOVEMENT
Mutual fund redemption pressure increases as retail investors book profits. Net outflows from equity schemes reached multi-month highs on market highs. SIP flows however remained resilient providing some offset.,MARKET_MOVEMENT
Capital goods order book growth excites analysts raising sector estimates. Engineering companies reported strong ordering activity from government and private sources. The visibility supported premium valuations.,MARKET_MOVEMENT
Nifty futures roll data shows bullish positioning for coming expiry. The rollover rate and open interest indicated confident long positions. The data contrasted with spot market's nervous trading.,MARKET_MOVEMENT
Hospital stocks rally on strong bed occupancy and revenue per patient growth. Healthcare companies reported improved metrics post pandemic normalization. Insurance penetration growth supported longer term demand outlook.,MARKET_MOVEMENT
Cement stocks decline on pricing concerns as capacity additions accelerate. The sector faced margin pressure as new plants commenced production. Regional pricing weakness emerged in certain markets.,MARKET_MOVEMENT
Nifty Smallcap 100 recovers 5% from oversold levels in sharp bounce. The beaten down segment attracted bargain hunting after extended decline. The recovery concentrated in quality names with visible earnings.,MARKET_MOVEMENT
FMCG stocks lag broader market as rural demand recovery remains gradual. Consumer goods companies showed muted volume growth in hinterland markets. Urban consumption outpaced rural continuing recent trend.,MARKET_MOVEMENT
Paper stocks surge on price hikes announced by major manufacturers. The commodity producers raised prices citing input cost inflation. The coordinated increases suggested improving pricing power.,MARKET_MOVEMENT
Industrial output growth accelerates to 7.5% beating consensus estimates. The IIP data showed broad-based expansion across manufacturing categories. Capital goods and consumer durables showed particular strength.,MACRO_ECONOMIC
Trade deficit widens to $24 billion on gold imports and oil bill increase. The merchandise trade gap expanded despite healthy export growth. Services surplus provided partial offset to goods deficit.,MACRO_ECONOMIC
RBI survey shows improvement in consumer confidence index reading. The household sentiment measure rose on improved perceptions of current conditions. Future expectations component remained elevated suggesting optimism.,MACRO_ECONOMIC
Gross NPAs of banking system decline to 2.8% lowest level in decade. Asset quality continued improving on resolution and recovery efforts. The improvement released provisions supporting profit growth.,MACRO_ECONOMIC
GST e-way bill generation hits record high indicating economic activity momentum. The transport document data suggested strong goods movement across country. The real-time indicator confirmed GDP growth trajectory.,MACRO_ECONOMIC
Foreign direct investment inflows grow 25% year-on-year in quarterly data. The FDI pickup reflected renewed investor confidence in growth prospects. Manufacturing and services sectors attracted significant capital.,MACRO_ECONOMIC
Purchasing managers index for services sector reaches 61.5 indicating strong expansion. The survey showed accelerating activity in India's dominant economic sector. New business and employment sub-indices both strengthened.,MACRO_ECONOMIC
Core sector output grows 6.5% led by cement and steel production. The infrastructure-linked industries showed healthy expansion supporting construction activity. The data corroborates investment cycle recovery thesis.,MACRO_ECONOMIC
Fiscal deficit in first half contained at 39% of full year target. The government's expenditure management showed improvement over previous years. Revenue buoyancy supported the better fiscal performance.,MACRO_ECONOMIC
Bank credit to agriculture maintains 15% growth supporting rural economy. The farm sector lending showed sustained expansion enabling input purchases. The credit flow supports agricultural productivity improvement.,MACRO_ECONOMIC
Consumer price index shows headline inflation moderating to 4.5% annual rate. The CPI reading came within RBI's target band providing policy comfort. Food inflation softened on improved vegetable supplies.,MACRO_ECONOMIC
Merchandise exports grow 10% in monthly data on electronics and pharma strength. The trade data showed diversification away from traditional export categories. PLI scheme beneficiaries showed strong performance.,MACRO_ECONOMIC
Current account registers small surplus of 0.2% of GDP in quarterly data. The external position improved significantly from previous year's deficit. Services exports and remittances drove the turnaround.,MACRO_ECONOMIC
Money supply growth remains stable at 11% supporting economic expansion. The M3 aggregate showed healthy expansion consistent with nominal GDP growth. Credit growth however outpaced deposit growth requiring attention.,MACRO_ECONOMIC
Czech koruna appreciates as inflation declines faster than regional peers. The currency strengthened on improved inflation outlook and rate support. The central bank maintained restrictive stance despite CPI improvement.,GEO_FINANCIAL
Cocoa futures extend rally to 50-year high on severe African supply shortage. The chocolate ingredient prices surged as disease and weather devastated crops. Confectionery companies faced unprecedented input cost inflation.,GEO_FINANCIAL
Philippine peso stabilizes after central bank intervention and rate hike. The currency found footing following aggressive policy response to weakness. Remittance flows provided fundamental support to external position.,GEO_FINANCIAL
Arabica coffee prices rally on Brazil drought concerns for upcoming harvest. The premium coffee variety gained on fears of production shortfall. Roasters accelerated forward purchases to secure supply.,GEO_FINANCIAL
South African rand volatile on load-shedding intensification and fiscal concerns. The currency swung on electricity crisis developments and budget deficit worries. Mining sector exports provided underlying support.,GEO_FINANCIAL
Tin prices surge as Indonesian export delays tighten global supply. The electronics soldering metal rallied on shipment disruptions from major producer. Semiconductor packaging demand added to upward pressure.,GEO_FINANCIAL
Colombian peso strengthens on improving fiscal outlook and energy revenues. The currency appreciated as government showed spending restraint commitment. Oil and coal exports supported trade balance improvement.,GEO_FINANCIAL
Cotton prices decline on bearish US crop outlook and weak Chinese demand. The fiber fell on forecasts of abundant supply and sluggish textile sector. Trade tensions added to uncertainty about consumption prospects.,GEO_FINANCIAL
Turkish lira finds stability after extended depreciation cycle exhausts sellers. The currency traded in range as high rates attracted carry trade interest. Tourism revenues supported seasonal current account improvement.,GEO_FINANCIAL
Nickel prices volatile on low LME inventory and delivery squeeze concerns. The battery metal swung on thin market liquidity and position concentration. Electric vehicle demand outlook supported underlying fundamentals.,GEO_FINANCIAL
Vietnamese dong depreciates on trade deficit and FDI inflow slowdown. The currency weakened as traditional support factors diminished temporarily. Central bank maintained managed float with gradual adjustment.,GEO_FINANCIAL
Wheat futures fall on improved Black Sea export corridor functioning. The grain declined as Ukrainian shipments resumed through secured routes. Global food security concerns eased on supply improvement.,GEO_FINANCIAL
Hungarian forint strengthens after EU funds dispute shows signs of resolution. The currency gained on progress toward accessing frozen recovery funds. The development improved fiscal and growth outlook.,GEO_FINANCIAL
Palm oil prices rally on Indonesia export restrictions and weather concerns. The edible oil gained as policy uncertainty affected supply availability. Biodiesel mandates in producing countries added to demand.,GEO_FINANCIAL
Order imposing penalty for violation of portfolio concentration limits by mutual fund. The scheme exceeded single issuer exposure limits during period under review. Penalty of Rs 5 lakh imposed with direction to prevent recurrence.,SKIP
What is systematic withdrawal plan and how does it compare with dividend payout option? I want regular income from my mutual fund investments. Which option is more tax efficient for retired investors?,SKIP
Appeal challenging findings of investigation into suspected price manipulation. The appellant disputes the methodology used to establish connection between trading patterns. Matter listed for arguments next month.,SKIP
How should I divide investments between growth and value style mutual funds? I have Rs 20 lakh to invest with 10-year horizon. Currently all investments are in large cap growth funds.,SKIP
Consent order accepting settlement in matter of delayed compliance with listing regulations. The company agreed to pay settlement charges without admission of findings. Enhanced compliance measures to be implemented.,SKIP
Is sectoral fund investing suitable for long term wealth creation? I am attracted by returns shown by banking and IT sector funds. Should I prefer sectoral over diversified equity funds?,SKIP
Notice for non-compliance with net worth requirements by registered investment adviser. The IA failed to maintain minimum prescribed net worth continuously. Show cause response required within specified timeframe.,SKIP
What are the key differences between traditional and online term insurance plans? Online plans are cheaper but I worry about claim settlement. Should I pay higher premium for branded insurer?,SKIP
Order in the matter of alleged circulation of misleading investment advice through social media. Investigation revealed noticee provided buy recommendations without proper disclosure. Penalty and debarment imposed.,SKIP
How to decide between PPF and NPS for retirement savings as government employee? I already contribute to GPF. Is additional NPS contribution worthwhile given tax benefits available?,SKIP
Final order confirming penalty in the matter of non-segregation of client securities by broker. The broker failed to maintain client securities in segregated accounts as required. Suspension of trading activities ordered.,SKIP
What asset allocation is appropriate for moderately aggressive investor aged 40 years? I have Rs 1 crore portfolio currently 80% in equity. Is this too aggressive for my age?,SKIP
Directions issued for compliance with enhanced cyber security framework by stock broker. The broker must implement specified security measures and submit audit report. Timeline of 90 days provided for compliance.,SKIP
Should I continue holding loss-making stocks or book loss and move to mutual funds? I have Rs 5 lakh in individual stocks down 40%. Tax loss harvesting seems attractive option.,SKIP
Scientists achieve breakthrough in quantum computing with 1000 qubit processor development. The technological advancement promises exponential increase in computational capability. Applications in drug discovery and cryptography become feasible.,NON_FINANCE
Indian athlete breaks national record in 100 meters sprint at continental championships. The performance brought the country closer to qualifying standards for global events. Athletics federation lauded the achievement.,NON_FINANCE
Severe cyclone warning issued for eastern coast as storm intensifies over Bay of Bengal. Authorities ordered evacuation of coastal areas and preparation of relief camps. Fishing operations suspended until storm passes.,NON_FINANCE
Award-winning Indian documentary selected for international film festival competition. The film exploring social issues received critical acclaim at screening. Selection puts spotlight on Indian non-fiction cinema globally.,NON_FINANCE
New medical college inaugurated in underserved district addressing healthcare access gap. The institution will train doctors for rural areas facing physician shortage. State-of-the-art facilities attract qualified faculty appointments.,NON_FINANCE
Indian startup develops affordable water purification technology for rural areas. The innovation requires no electricity and minimal maintenance making it suitable for villages. Recognition from international development organizations followed.,NON_FINANCE
Popular music streaming service launches exclusive content from legendary Indian artists. The platform secured rights to rare recordings and unreleased material. Nostalgia-driven content strategy attracts older demographic subscribers.,NON_FINANCE
Major wildlife corridor established connecting two national parks for animal migration. The conservation initiative protects habitat continuity for endangered species. Local communities engaged as conservation partners in the project.,NON_FINANCE
Indian software engineer's open source project reaches 100000 GitHub stars milestone. The developer tool became essential infrastructure for web applications globally. Community contributions accelerated feature development.,NON_FINANCE
"Traditional festival celebration draws tourists showcasing regional cultural heritage. The annual event features folk performances, crafts, and culinary traditions. Tourism department promotes the authentic cultural experience.",NON_FINANCE
New expressway reduces travel time between major cities from six to three hours. The infrastructure project employed advanced construction techniques completing ahead of schedule. Economic activity along corridor expected to accelerate.,NON_FINANCE
Indian origin professor receives prestigious scientific award for cancer research contributions. The recognition honors decades of work on treatment approaches. The award ceremony will be held at international conference.,NON_FINANCE
Popular reality television show finale draws record viewership across platforms. The competition format program concluded its season with anticipated winner announcement. Social media engagement reached unprecedented levels during broadcast.,NON_FINANCE
"Archaeological team discovers ancient trade route artifacts revealing historical commerce patterns. The excavation yielded coins, pottery, and tools from multiple civilizations. The finds illuminate extent of ancient trade networks.",NON_FINANCE
RBI constitutes task force on sustainable finance disclosures for financial sector. The committee will recommend reporting standards aligned with global frameworks. Climate risk assessment requirements are key focus area.,FINANCE_POLICY
SEBI permits alternative investment funds to engage in priority distribution. The relaxation allows AIFs to offer preferential terms to anchor investors. The flexibility improves fund structuring options for managers.,FINANCE_POLICY
Government notifies rules for operating central counterparty for commodity derivatives. The regulation establishes risk management and margin requirements. The framework supports organized trading in commodities.,FINANCE_POLICY
RBI enhances disclosure norms for large bank exposures to improve transparency. Banks must report exposure to large borrowers and groups more frequently. The improved visibility supports credit risk monitoring.,FINANCE_POLICY
SEBI relaxes pricing guidelines for preferential issues during market stress. The formula-based pricing allows discount during significant market dislocations. The flexibility prevents unintended consequences of mechanical rules.,FINANCE_POLICY
Central bank releases guidelines on compensation disclosure by regulated entities. Senior management remuneration must now be published in annual reports. The transparency promotes accountability and governance standards.,FINANCE_POLICY
IRDAI permits insurers to offer micro products through digital platforms. The distribution channel expansion improves access for underserved segments. Simplified product designs suit digital-only distribution model.,FINANCE_POLICY
SEBI mandates risk management committee for large listed companies. The board-level oversight requirement applies to top 1000 companies by market cap. The governance enhancement improves risk monitoring.,FINANCE_POLICY
RBI issues guidelines on compensation practices at asset reconstruction companies. The framework aligns incentive structures with prudent resolution outcomes. Variable pay deferrals and clawbacks now required.,FINANCE_POLICY
Government extends emergency credit guarantee scheme benefits to healthcare sector. Hospitals and clinics can access guaranteed credit for equipment and expansion. The support addresses pandemic-driven infrastructure gaps.,FINANCE_POLICY
SEBI releases consultation paper on regulating unregistered investment advisers. The crackdown targets finfluencers providing stock tips without registration. Enhanced enforcement powers proposed in the framework.,FINANCE_POLICY
RBI permits foreign investment in alternative investment funds through automatic route. The liberalization simplifies capital raising from overseas investors. Registration requirements with RBI eliminated for eligible funds.,FINANCE_POLICY
Central bank releases operating guidelines for trade receivables platform. The TReDS system improvements aim to accelerate MSME financing through factoring. Liquidity support for the platform also enhanced.,FINANCE_POLICY
SEBI proposes unified licensing framework for all types of research analysts. The simplified regime reduces compliance burden while maintaining standards. Common code of conduct applies across research activities.,FINANCE_POLICY
Jupiter exchange launch on Solana achieves $10 billion first-day trading volume. The decentralized exchange aggregator became largest DEX by volume immediately. Token airdrop to users created significant wealth effect.,DIGITAL_ASSETS
Bitcoin halving event reduces block reward to 3.125 BTC from 6.25 BTC. The programmed supply reduction milestone historically preceded bull market phases. Miner economics adjusted to new lower subsidy regime.,DIGITAL_ASSETS
Optimism superchain vision attracts developer migration to shared infrastructure. The rollup framework enabling connected chains saw growing adoption. Interoperability between OP Stack chains improved user experience.,DIGITAL_ASSETS
Nansen blockchain analytics shows institutional accumulation patterns in multiple tokens. The on-chain intelligence platform identified systematic buying by wallets. The smart money signal attracted retail follower interest.,DIGITAL_ASSETS
zkSync Era leads Ethereum L2 TVL growth with $1 billion milestone. The zero-knowledge rollup captured developer and user attention rapidly. Native token speculation added to ecosystem activity.,DIGITAL_ASSETS
Helium migrates to Solana blockchain from independent network. The IoT connectivity protocol chose existing infrastructure over maintaining own chain. The migration improved scalability and developer ecosystem access.,DIGITAL_ASSETS
Deribit BTC options open interest reaches record $15 billion notional. The cryptocurrency options exchange dominated professional derivatives trading. Implied volatility indicated market expectations for significant moves.,DIGITAL_ASSETS
Movement Labs raises $38 million for Move language Ethereum L2. The funding supports development of rollup using Meta's programming language. Security guarantees from formal verification attracted developer interest.,DIGITAL_ASSETS
Kujira blockchain builds liquidation-focused DeFi ecosystem on Cosmos. The application-specific chain carved niche in distressed asset opportunities. Unique market positioning differentiated from generalist competitors.,DIGITAL_ASSETS
Superstate launches blockchain fund investing in US treasury bills. The regulated vehicle provides tokenized exposure to government securities. Institutional adoption of on-chain treasuries accelerated.,DIGITAL_ASSETS
EtherFi becomes largest liquid restaking protocol by TVL on Ethereum. The platform enabling staking while maintaining liquidity captured market share. Token launch rewarded early depositors generously.,DIGITAL_ASSETS
Farcaster decentralized social protocol reaches 100000 daily active users. The Ethereum-based social network attracted crypto-native early adopters. Frames feature enabling embedded apps drove viral engagement.,DIGITAL_ASSETS
Stacks Bitcoin Layer 2 activation unlocks smart contracts secured by BTC. The network upgrade enabled programmability while inheriting Bitcoin security. DeFi applications building on Bitcoin became possible.,DIGITAL_ASSETS
Pudgy Penguins NFT collection floor price surges on retail toy success. The digital collectibles project's physical merchandise created mainstream awareness. IP monetization strategy validated NFT brand building.,DIGITAL_ASSETS
CoW Protocol decentralized exchange batches trades for MEV protection. The solver-based DEX architecture shielded users from front-running bots. Volume growth reflected preference for fair execution.,DIGITAL_ASSETS
SEBI approves electronic gold trading with physical settlement option. The exchange-based platform provides transparent price discovery mechanism. Retail investors can buy gold in small denominations.,MARKET_INFRASTRUCTURE
RBI extends RTGS availability to 23.5 hours daily near round-the-clock service. The extended operating window supports international trade settlement. Corporate treasuries benefit from improved funds management.,MARKET_INFRASTRUCTURE
Corporate bond OTC trade reporting goes live on exchange platform. The mandatory reporting improves price transparency in secondary markets. Dissemination with delay balances transparency and market making.,MARKET_INFRASTRUCTURE
NSE launches weekly expiry options on individual stocks beyond index. The product extension provides granular hedging for single stock exposure. Initial response shows strong interest from traders.,MARKET_INFRASTRUCTURE
Government announces framework for development of commodities index. The comprehensive benchmark will track diversified basket of commodities. Investment products tracking the index can be developed.,MARKET_INFRASTRUCTURE
SEBI permits mutual funds to invest in units of category III AIFs. The investment avenue provides access to alternative strategies for fund investors. Risk disclosure requirements accompany the liberalization.,MARKET_INFRASTRUCTURE
RBI operationalizes account aggregator framework for financial data sharing. The consent-based system enables seamless data transfer between providers. Credit assessment and onboarding processes improve significantly.,MARKET_INFRASTRUCTURE
Corporate debt market sees repo rate cuts transmitted to bond yields. The yield curve shifted lower following monetary policy rate reduction. Transmission effectiveness improved from previous easing cycles.,MARKET_INFRASTRUCTURE
India INX introduces overnight index swaps referenced to Indian rates. The OIS contracts enable hedging of interest rate exposure efficiently. International participants can manage rupee rate risk.,MARKET_INFRASTRUCTURE
NSDL launches mobile app for direct access to depository services. Retail investors can check holdings and complete procedures digitally. The convenience improvement supports digital adoption push.,MARKET_INFRASTRUCTURE
SEBI mandates market making for all newly listed debt securities. The liquidity provision requirement applies to public bond issuances. Bid-ask spreads expected to narrow improving investor experience.,MARKET_INFRASTRUCTURE
BSE SME platform lists 500th company reaching milestone. The dedicated segment for small companies has raised Rs 5000 crore cumulatively. The success validates specialized exchange infrastructure approach.,MARKET_INFRASTRUCTURE
RBI releases framework for resolution of systemically important NBFCs. The too-big-to-fail treatment requires recovery and resolution planning. Living will submission now mandatory for large NBFCs.,MARKET_INFRASTRUCTURE
Commodity exchanges launch weekly options on gold and silver futures. The shorter-dated instruments provide tactical hedging opportunities. Jewelers and traders show interest in flexible risk management.,MARKET_INFRASTRUCTURE
Nifty Midcap 150 index outperforms large cap benchmark for sixth straight month. The extended period of midcap leadership attracts SIP flows to segment. Valuation concerns emerge as premium expands over historical averages.,MARKET_MOVEMENT
IT stocks recover sharply from recent lows on deal win announcements. Technology services companies gained on new contract disclosures. The order visibility improved medium-term revenue outlook.,MARKET_MOVEMENT
Nifty Bank tests record highs again on credit growth acceleration data. Private banks led gains on improving loan demand across segments. Net interest margins appeared to stabilize supporting profitability.,MARKET_MOVEMENT
Oil and gas stocks rally as crude prices recover from recent lows. Energy producers gained on firmer oil supported by OPEC plus discipline. Upstream companies showed stronger gains than downstream.,MARKET_MOVEMENT
Pharma stocks face mixed fortunes as US FDA inspections yield varied outcomes. Companies receiving positive inspection reports rallied significantly. Those with warning letters faced selling pressure.,MARKET_MOVEMENT
Realty stocks surge after government announces increased allocation for affordable housing. Real estate companies with focus on budget segment led gains. The policy support improves demand outlook for entry-level homes.,MARKET_MOVEMENT
Metal stocks volatile on China demand signals and inventory data releases. Steel and aluminum companies swung on property sector news from China. Domestic demand remained healthy providing fundamental support.,MARKET_MOVEMENT
"Consumer discretionary stocks lead market gains on improving demand visibility. Retail, QSR, and consumer durable companies rallied together. Urban consumption resilience supported near-term outlook.",MARKET_MOVEMENT
Nifty 50 constituents see record buyback announcements supporting stock prices. Large cap companies returned cash to shareholders through repurchases. The shareholder-friendly actions reflected strong cash generation.,MARKET_MOVEMENT
Defense stocks correct from highs on profit booking after extended rally. The sector gave up gains despite positive long-term demand outlook. Tactical selling by traders drove the pullback.,MARKET_MOVEMENT
Nifty PE ratio contraction continues as earnings growth catches up with price. The valuation normalization made market more attractive on relative basis. The multiple compression reflected healthy earnings delivery.,MARKET_MOVEMENT
Auto component stocks rally on strong OEM ordering for new model launches. Ancillary companies gained on volume visibility from auto majors. Localization push by OEMs benefited domestic suppliers.,MARKET_MOVEMENT
Telecom stocks gain on tariff hike announcements by major operators. Industry leaders raised prices improving revenue per user outlook. The coordinated increases suggested improved pricing discipline.,MARKET_MOVEMENT
Sugar stocks surge on higher ethanol procurement price announcement by government. The improved pricing supports margin expansion for integrated mills. The policy direction validates long-term ethanol play thesis.,MARKET_MOVEMENT
Manufacturing PMI sustains above 55 for ninth consecutive month indicating expansion. The survey data showed durable factory activity growth across categories. Export orders remained healthy despite global slowdown.,MACRO_ECONOMIC
Foreign exchange reserves rise $8 billion in single week on valuation gains. The reserve accumulation reflected dollar weakness and portfolio inflows. The buffer against external shocks strengthened further.,MACRO_ECONOMIC
Industrial credit growth accelerates to 8% as capex cycle gains momentum. The improvement from low base of previous years showed investment revival. Working capital demand also contributed to pickup.,MACRO_ECONOMIC
Consumer confidence index reaches highest reading since survey inception. The household sentiment measure showed improving perceptions across parameters. The optimism bodes well for consumption expenditure growth.,MACRO_ECONOMIC
Balance of payments records surplus on strong capital account inflows. The external position showed improvement despite current account deficit. FDI and portfolio flows both contributed to surplus.,MACRO_ECONOMIC
Gross value added growth maintains 7% pace in quarterly estimate. The economic output measure showed sustained expansion across sectors. Services sector continued outperforming agriculture and industry.,MACRO_ECONOMIC
RBI household survey shows declining inflation expectations supporting policy stance. The anchored expectations reduce risk of wage-price spirals. The moderation provides room for accommodative policy.,MACRO_ECONOMIC
E-way bill data shows strong festive season goods movement across country. The transport document generation reached record daily average. The indicator corroborates consumption and industrial activity strength.,MACRO_ECONOMIC
Tax buoyancy ratio improves to 1.3 reflecting robust economic activity. The elasticity of tax revenue to GDP showed improvement. The higher ratio supports fiscal consolidation without spending cuts.,MACRO_ECONOMIC
Steel production maintains 10% growth trajectory on infrastructure demand. The industrial output strength reflects construction activity momentum. Domestic consumption absorbed increased production volumes.,MACRO_ECONOMIC
Private final consumption expenditure grows 6% in real terms quarterly data. Household spending resilience supported GDP growth amid global weakness. Urban areas showed stronger consumption than rural.,MACRO_ECONOMIC
Cement dispatches reach record levels on construction activity strength. The proxy indicator for real estate and infrastructure showed robust demand. Capacity utilization improved toward healthy levels.,MACRO_ECONOMIC
Auto sales data shows passenger vehicle segment maintaining double-digit growth. The consumer durable demand remained healthy despite higher prices. Compact SUV segment drove the growth momentum.,MACRO_ECONOMIC
Services exports grow 15% maintaining current account support role. IT services and business process management led the expansion. The forex earnings provided buffer against merchandise deficit.,MACRO_ECONOMIC
Brazilian real rallies on central bank commitment to maintain high rates. The currency strengthened as Banco Central resisted political pressure for cuts. Inflation concerns justified continued monetary restriction.,GEO_FINANCIAL
Crude oil prices surge on OPEC plus surprise production cut announcement. The cartel's unexpected decision to reduce output tightened supply outlook. The move caught traders with short positions off guard.,GEO_FINANCIAL
Argentine peso stabilizes after new government implements shock therapy reforms. The currency found footing as fiscal adjustment measures took effect. Inflation remained high but deceleration signs emerged.,GEO_FINANCIAL
Copper prices rally on electrification demand outlook despite China weakness. The industrial metal gained on long-term supply-demand fundamentals. Energy transition requirements supported structural demand growth.,GEO_FINANCIAL
Indonesian rupiah weakens on current account concerns and Fed rate expectations. The currency depreciated as fundamentals faced pressure from dual sources. Central bank intervention smoothed disorderly movements.,GEO_FINANCIAL
Natural gas prices spike in Europe on cold weather and storage concerns. The energy benchmark rallied as temperatures dropped below seasonal norms. Supply security concerns resurfaced despite diversification efforts.,GEO_FINANCIAL
Indian rupee outperforms EM peers during global dollar strength episode. The currency showed relative stability compared to regional counterparts. RBI intervention and strong fundamentals supported outperformance.,GEO_FINANCIAL
Gold prices break $2500 per ounce on haven demand and central bank buying. The precious metal reached record levels amid geopolitical uncertainty. Physical demand from Asia added to investment flows.,GEO_FINANCIAL
Mexican peso weakens on US election uncertainty and trade policy concerns. The currency faced pressure on speculation about future trade relations. Manufacturing nearshoring theme temporarily sidelined.,GEO_FINANCIAL
Silver prices rally 15% outpacing gold on industrial demand optimism. The precious metal gained on solar panel and electronics sector growth. Investment demand supplemented fundamental industrial needs.,GEO_FINANCIAL
Turkish lira volatility increases around central bank policy decisions. The currency swung on interest rate announcements and guidance changes. Political interference concerns added to uncertainty.,GEO_FINANCIAL
Zinc prices decline on weak construction demand and rising inventories. The galvanizing metal fell as Chinese property sector remained weak. Exchange warehouse stocks increased pressuring prices.,GEO_FINANCIAL
Thai baht strengthens on tourism recovery and current account improvement. The currency appreciated as foreign visitors returned in record numbers. Hotel occupancy rates approached pre-pandemic levels.,GEO_FINANCIAL
Aluminum prices volatile on Chinese production and export policy signals. The energy-intensive metal swung on capacity restart announcements. Western smelter curtailments provided underlying support.,GEO_FINANCIAL
Interim order restraining noticees from accessing securities market pending investigation. Prima facie evidence establishes involvement in synchronised trading scheme. Asset attachment directed to protect investor interests.,SKIP
What are the tax implications of selling ancestral property worth Rs 2 crore? I want to minimize capital gains tax legally. Can I claim exemption by investing in new property or bonds?,SKIP
Appeal pending before Securities Appellate Tribunal challenging penalty for delayed disclosures. The appellant seeks reduction in penalty citing first-time violation and remedial measures taken. Next hearing date awaited.,SKIP
How much corpus is needed to generate Rs 50000 monthly passive income through dividends? I want to build portfolio of high dividend stocks. Is 6% yield realistic for sustainable income?,SKIP
Order confirming penalty in matter of circular trading by connected entities. Investigation established that trades were executed without genuine change in beneficial ownership. Debarment from market imposed.,SKIP
Should I take term insurance of Rs 2 crore or Rs 5 crore at age 32? My current expenses are Rs 80000 monthly with two dependents. How do I calculate adequate life cover?,SKIP
Notice issued for compliance lapses in anti-money laundering procedures by payment bank. Preliminary review indicates systemic failures in transaction monitoring. Corrective action plan required.,SKIP
How to invest Rs 50 lakh corpus from VRS for monthly income while preserving capital? I am 55 years old with 25 years of expected retirement. Risk appetite is conservative.,SKIP
Order in the matter of alleged price manipulation in illiquid scrip through matched trades. Trading data analysis revealed artificial volume creation through coordinated orders. Disgorgement and penalty imposed.,SKIP
Is investing in international equity funds beneficial for Indian investors for diversification? I have 100% domestic equity exposure currently. What allocation to global funds is appropriate?,SKIP
Consent order accepting settlement terms for violation of insider trading regulations. The applicant agreed to disgorge profits and pay additional penalty. Settlement concluded without admission.,SKIP
What is the right age to start pension planning and how much to invest monthly? I am 25 years old with Rs 40000 monthly salary. Should I prioritize NPS over equity mutual funds?,SKIP
Directions issued for impounding of proceeds from alleged fraudulent securities transactions. The noticees directed to deposit amounts in escrow pending investigation. Interim measure to protect potential recovery.,SKIP
How to create emergency fund and what instruments are suitable for parking it? I have Rs 3 lakh monthly expenses. Should I keep 6 months or 12 months expenses as emergency fund?,SKIP
Historic artifact repatriation ceremony returns ancient sculptures to India from foreign museum. The diplomatic success follows years of negotiations between governments. Cultural heritage preservation celebrated at formal event.,NON_FINANCE
New species of orchid discovered in Western Ghats biodiversity hotspot. The previously unknown flower was found during scientific expedition to remote region. Conservation efforts intensified to protect the habitat.,NON_FINANCE
Indian table tennis player wins bronze medal at World Championships. The historic achievement marks highest finish by Indian in the event. Sports ministry announces reward and increased support.,NON_FINANCE
Major IT company announces work from home policy continuation for all employees. The technology firm made remote work permanent option for staff globally. The decision reflects changing workplace preferences post pandemic.,NON_FINANCE
Ancient temple tank restoration project wins international conservation award. The heritage preservation effort restored 1000-year-old water structure to functioning condition. Traditional techniques combined with modern conservation science.,NON_FINANCE
Indian animated film selected for screening at prestigious international festival. The indigenous production showcases traditional art forms in contemporary storytelling. Global distribution discussions underway following festival premiere.,NON_FINANCE
Record enrollment numbers at Indian universities for academic year. The increase in higher education participation reflects demographic dividend realization. STEM fields saw particularly strong application growth.,NON_FINANCE
New vaccine candidate shows promise in preventing dengue fever infections. Clinical trials demonstrated strong immune response without enhancement concerns. Public health officials watch development closely.,NON_FINANCE
Indian cuisine restaurant in London awarded three Michelin stars recognition. The achievement marks first Indian establishment to receive highest honor. Celebrity chef celebrates vindication of regional cooking traditions.,NON_FINANCE
Major hydroelectric project begins power generation ahead of scheduled completion. The dam will provide clean electricity to millions of households in region. Water management benefits include flood control and irrigation.,NON_FINANCE
Indian grandmaster achieves highest ever world ranking in chess. The young player's consistent tournament performances lifted rating to record levels. Training support from federation contributed to development.,NON_FINANCE
Severe cold wave grips northern India bringing temperatures to multi-decade lows. Schools closed and agricultural crops face damage from unexpected frost. Relief measures announced for affected populations.,NON_FINANCE
Traditional craft cluster receives export promotion support from government scheme. The artisans will gain access to international markets through facilitated channels. Design improvements and quality standardization also supported.,NON_FINANCE
Indian space agency successfully tests reusable rocket technology demonstration. The experimental vehicle completed powered landing after brief flight. The milestone advances cost-effective space access capabilities.,NON_FINANCE
RBI releases draft circular on climate risk disclosures for scheduled commercial banks. The framework mandates assessment of physical and transition risks in loan portfolios. Phased implementation begins from next fiscal year for large banks.,FINANCE_POLICY
SEBI introduces T+0 settlement option for select liquid securities on pilot basis. The same-day settlement provides instant delivery versus payment mechanism. The reform reduces counterparty risk and capital requirement for participants.,FINANCE_POLICY
Government extends concessional credit scheme for agriculture sector through banking system. Farmers continue to access loans at subsidized interest rates for crop cultivation. The support maintains food security and farm income stability.,FINANCE_POLICY
RBI announces comprehensive review of customer service standards at banks. The initiative follows increasing consumer complaints about service quality issues. Guidelines on grievance redressal turnaround times to be tightened.,FINANCE_POLICY
SEBI mandates disclosure of cyber insurance coverage by registered intermediaries. Market participants must inform investors about protection against cyber incidents. The transparency measure enhances investor confidence in digital platforms.,FINANCE_POLICY
Central bank introduces framework for regulation of digital lending apps on app stores. The guidelines require all lending apps to display registration details prominently. The measure targets predatory lending practices through mobile applications.,FINANCE_POLICY
IRDAI announces telematics-based motor insurance framework for personal vehicles. Insurers can now offer usage-based pricing using vehicle tracking data. The personalized premiums reward safe driving behavior.,FINANCE_POLICY
SEBI permits stock exchanges to launch volatility index derivatives. The products enable hedging of volatility exposure directly through exchange trading. Risk management tools expand for institutional participants.,FINANCE_POLICY
RBI releases guidelines on internal ombudsman scheme for non-bank financial companies. Large NBFCs must appoint senior retired officials for customer grievance review. The mechanism provides escalation pathway for unresolved complaints.,FINANCE_POLICY
Government notifies tax incentives for investments in sovereign green bonds. Interest income from green bonds receives favorable tax treatment versus regular securities. The benefit aims to direct retail savings toward sustainable projects.,FINANCE_POLICY
SEBI enhances monitoring framework for pledge shares of promoters. Real-time surveillance now tracks encumbrance movements on promoter holdings. The visibility improvement protects minority shareholder interests.,FINANCE_POLICY
RBI permits foreign banks to issue rupee bonds in overseas markets. The liberalization allows international issuance of masala bonds by global banks. The measure deepens offshore rupee market liquidity.,FINANCE_POLICY
Central bank releases comprehensive guidelines on digital payment security standards. The framework covers aspects from customer authentication to data encryption requirements. All payment system operators must comply within specified timeline.,FINANCE_POLICY
SEBI introduces framework for establishing investor education partnerships. Market regulator will collaborate with educational institutions for financial literacy. The outreach aims to improve investor awareness and protection.,FINANCE_POLICY
Bitcoin ETF options trading approved by SEC enabling new derivatives strategies. The product extension allows sophisticated hedging of ETF positions. Institutional participation expected to increase with options availability.,DIGITAL_ASSETS
Solana ecosystem recovers from FTX association with TVL exceeding pre-crisis levels. The high-speed blockchain rebuilt credibility through developer retention. New projects launching demonstrated ecosystem vitality.,DIGITAL_ASSETS
Bitget exchange rises to top 5 globally by trading volume on derivatives growth. The platform captured market share from troubled competitors. Aggressive marketing and product launches drove user acquisition.,DIGITAL_ASSETS
Base network by Coinbase processes 2 million daily transactions breaking records. The Ethereum Layer 2 became most active scaling solution briefly. Social applications and meme coins drove transaction volume.,DIGITAL_ASSETS
Berachain testnet attracts developers with novel liquidity-focused consensus mechanism. The proof-of-liquidity design aligned incentives for ecosystem growth. Token speculation began before mainnet launch.,DIGITAL_ASSETS
Linea zkEVM by ConsenSys reaches $500 million TVL on credibility and incentives. The enterprise-backed Layer 2 attracted capital seeking safety and yield. Integration with MetaMask provided user acquisition advantage.,DIGITAL_ASSETS
Celestia TIA token rallies on modular blockchain thesis gaining acceptance. The data availability layer saw increased adoption by rollup projects. The architectural approach gained traction versus monolithic designs.,DIGITAL_ASSETS
Radix DLT launches mainnet for enterprise-focused smart contract platform. The sharded architecture promises unlimited scalability for business applications. Developer-friendly tooling differentiated from Ethereum alternatives.,DIGITAL_ASSETS
Bitcoin ordinals create new NFT paradigm with fully on-chain digital artifacts. The inscription mechanism enabled permanent storage on Bitcoin blockchain. Collector interest drove transaction fee spikes during popular mints.,DIGITAL_ASSETS
Hyperliquid perpetual DEX achieves $100 million daily volume without token incentives. The orderbook exchange demonstrated organic product-market fit. Institutional traders adopted the platform for on-chain derivatives.,DIGITAL_ASSETS
Mode Network launches as Optimism superchain participant with restaking focus. The modular L2 combines OP Stack with EigenLayer restaking primitives. DeFi applications built around restaked collateral innovation.,DIGITAL_ASSETS
Synthetix V3 upgrade enables permissionless liquidity pool creation. The derivatives protocol opened to any asset type and collateral. The extensibility dramatically expanded possible market coverage.,DIGITAL_ASSETS
Friend.tech social token platform TVL collapses after initial hype fades. The speculative application saw user exodus as novelty wore off. Sustainability concerns about social token economics validated.,DIGITAL_ASSETS
Monad high-performance EVM announces $225 million funding for mainnet development. The parallel execution blockchain promises significant throughput improvement. Developer interest grew despite mainnet still in development.,DIGITAL_ASSETS
Polymarket prediction market volume surges on political event betting. The decentralized platform became go-to venue for forecasting outcomes. Regulatory concerns remained despite offshore structure.,DIGITAL_ASSETS
SEBI permits creation of innovation sandbox for capital market fintech solutions. Startups can test innovative products in controlled environment with relaxations. The framework encourages financial technology innovation.,MARKET_INFRASTRUCTURE
RBI launches unified interface for retail payments across multiple platforms. The interoperability improvement enables seamless fund transfers between apps. Consumer convenience improves significantly with unified experience.,MARKET_INFRASTRUCTURE
Corporate bond market reaches Rs 50 lakh crore outstanding milestone. The debt market development reflected corporate borrowing diversification from banks. Improved liquidity conditions supported secondary market trading.,MARKET_INFRASTRUCTURE
NSE achieves highest ever daily turnover of Rs 400 lakh crore in single session. The record volumes reflected elevated derivatives activity and participation. Market infrastructure handled capacity without technical issues.,MARKET_INFRASTRUCTURE
Government announces development of digital public infrastructure for MSME credit. The framework enables seamless data sharing for business loan assessment. The technology stack reduces loan processing time significantly.,MARKET_INFRASTRUCTURE
SEBI mandates algorithmic order identification for improved market surveillance. Trading algorithms must now carry unique identifiers in all orders. The traceability improves investigation of potential manipulation.,MARKET_INFRASTRUCTURE
RBI operationalizes positive pay confirmation system for large value cheques. The verification mechanism reduces fraud by validating cheque details before clearing. Banks see reduction in forged cheque losses.,MARKET_INFRASTRUCTURE
Corporate bond ETF assets under management cross Rs 25000 crore mark. The passive fixed income products attracted steady institutional allocation. The growth reflects improving corporate bond market accessibility.,MARKET_INFRASTRUCTURE
NCDEX launches futures contracts on minor pulses expanding commodity coverage. The derivatives enable price discovery and hedging for additional crops. Farmers and traders gain risk management tools for niche commodities.,MARKET_INFRASTRUCTURE
India INX launches rupee-dollar option contracts for currency hedging. The GIFT City exchange adds forex derivatives for international participants. The product competes with offshore rupee derivative markets.,MARKET_INFRASTRUCTURE
CCIL extends membership to more categories of financial institutions. Asset managers and large corporates can now participate directly in clearing. The broader access improves market efficiency and reduces intermediary costs.,MARKET_INFRASTRUCTURE
BSE achieves five million orders per second capacity following technology upgrade. The exchange infrastructure investment provides headroom for growth. Low latency execution supports algorithmic trading participants.,MARKET_INFRASTRUCTURE
RBI pilot tests offline digital rupee transactions for rural areas. The CBDC variant works without internet connectivity supporting financial inclusion. The feature enables digital payments in areas with poor connectivity.,MARKET_INFRASTRUCTURE
SEBI permits liquid alternative investment funds with daily redemption features. The new category provides easier liquidity for AIF investors. Risk management requirements ensure ability to meet redemption demands.,MARKET_INFRASTRUCTURE
Nifty 50 constituents see earnings growth accelerating to 15% year-on-year. The large cap benchmark showed improving profitability across sectors. Margin expansion complemented revenue growth in results.,MARKET_MOVEMENT
Banking stocks face pressure on asset quality concerns from unsecured lending. Credit card and personal loan delinquencies showed uptick raising caution. The stress appeared concentrated in newer cohorts of borrowers.,MARKET_MOVEMENT
Auto stocks rally on transition toward electric vehicle production announcements. Legacy manufacturers gained on EV strategy clarity and execution progress. The multiple expansion reflected changing growth expectations.,MARKET_MOVEMENT
Nifty IT index recovers from oversold conditions on deal flow improvement. Technology services companies rebounded on new contract announcements. The sector bounced sharply from multi-month lows.,MARKET_MOVEMENT
FMCG stocks underperform on persistent rural demand weakness concerns. Consumer goods companies reported muted volume growth in hinterland markets. Input cost inflation added to margin compression worries.,MARKET_MOVEMENT
"Infrastructure stocks surge on accelerated government capital expenditure execution. Road, power, and construction companies rallied on capex visibility. The sector outperformed broader market significantly.",MARKET_MOVEMENT
Nifty Bank reaches fresh all-time high on credit growth momentum. Private sector banks led the advance on improving loan demand. Net interest margins appeared to stabilize after compression phase.,MARKET_MOVEMENT
Pharmaceutical stocks show divergent performance on company-specific developments. Generic exporters faced pricing pressure while specialty players gained. R&D pipeline progress drove selective stock movements.,MARKET_MOVEMENT
Real estate stocks correct from highs on inventory overhang concerns. The sector gave up gains on elevated unsold stock in certain markets. Affordable segment showed relatively better demand trends.,MARKET_MOVEMENT
Nifty Next 50 index outperforms Nifty 50 for consecutive quarters. The large-mid cap transition segment attracted flows seeking growth at value. The outperformance reflected broader market rally participation.,MARKET_MOVEMENT
Cement stocks rally on price hike announcements across regions. The coordinated industry increases improved margin outlook. Capacity discipline by major players supported pricing power.,MARKET_MOVEMENT
Power sector stocks gain on summer electricity demand peak expectations. Utilities and generators rallied on volume growth projections. Merchant power prices firmed supporting open access revenues.,MARKET_MOVEMENT
Oil marketing stocks decline on inventory losses from crude price spike. Downstream companies faced margin pressure on input cost inflation. The political sensitivity of retail fuel pricing added to concerns.,MARKET_MOVEMENT
Defense stocks reach record highs on order award announcements. Indigenous defense manufacturers gained on new contract wins. Make in India policy benefits drove long-term demand outlook.,MARKET_MOVEMENT
Foreign exchange reserves accumulation supports rupee stability during volatility. The RBI's buffer provides confidence against external shock scenarios. Reserve adequacy metrics improved to comfortable levels.,MACRO_ECONOMIC
GST collection growth maintains 11% trajectory on economic expansion. The indirect tax buoyancy reflected consumption and formalization benefits. The sustained growth supports revenue forecasts.,MACRO_ECONOMIC
Bank deposit growth accelerates to 13% matching credit expansion pace. The improved liability growth eases funding constraints for banks. The balance supports sustainable credit expansion ahead.,MACRO_ECONOMIC
Manufacturing sector employment shows recovery in formal job creation. Factory hiring picked up on production expansion and new capacity. The labor market improvement supports consumption outlook.,MACRO_ECONOMIC
Current account deficit remains manageable at 1.5% of GDP quarterly. The external position showed stability despite global headwinds. Services surplus provided offset to merchandise trade gap.,MACRO_ECONOMIC
RBI maintains inflation projection unchanged citing balancing factors. The neutral outlook reflected offsetting risks from food and fuel prices. The guidance supports expectations for stable policy rates.,MACRO_ECONOMIC
Private capital expenditure shows revival in corporate survey data. Business investment intentions improved on demand visibility. The capex recovery remains key for sustained growth momentum.,MACRO_ECONOMIC
Agriculture credit growth sustains 15% pace supporting farm income. The strong rural credit flow enabled input purchases and land improvement. Kisan Credit Card disbursements reached record levels.,MACRO_ECONOMIC
Services sector maintains 7.5% growth momentum in national accounts data. The largest economic sector continued driving GDP expansion. IT and financial services led the sectoral performance.,MACRO_ECONOMIC
Direct tax mop-up grows 20% year-to-date exceeding revised estimates. The buoyant collections reflect economic momentum and compliance improvement. Corporate advance tax payments showed particular strength.,MACRO_ECONOMIC
Vehicle registration data shows sustained demand across categories. The transport ministry figures confirmed healthy automobile sector performance. Two-wheeler and passenger vehicle segments both grew double-digits.,MACRO_ECONOMIC
Core sector growth moderates to 5% from elevated base of previous year. The infrastructure output remained healthy despite slower pace. Coal and cement production maintained expansion trajectory.,MACRO_ECONOMIC
WPI inflation trends toward zero on deflation in manufactured goods. The wholesale price measure remained benign supporting input cost outlook. The favorable trend contrasts with elevated CPI readings.,MACRO_ECONOMIC
Bank credit to industry maintains recovery trajectory at 8% growth. The industrial lending pickup reflected improving corporate capex sentiment. Working capital demand also showed acceleration.,MACRO_ECONOMIC
Swiss franc strengthens on safe haven flows during global risk aversion. The currency appreciated as investors sought shelter from uncertainty. SNB intervention concerns limited the extent of rally.,GEO_FINANCIAL
Soybean prices decline on favorable US growing weather and ample supply. The oilseed fell as harvest expectations improved significantly. The decline provided relief for poultry and livestock feed costs.,GEO_FINANCIAL
Indian rupee appreciates past 82 against dollar on improved sentiment. The currency strengthened on portfolio inflows and oil price decline. The appreciation provided RBI opportunity to rebuild reserves.,GEO_FINANCIAL
Cocoa prices maintain record levels on persistent West African supply shortage. The chocolate ingredient stayed elevated as production challenges continued. Consumer prices for chocolate products increased globally.,GEO_FINANCIAL
Polish zloty gains on EU funds release and improving fiscal outlook. The currency appreciated as relationship with Brussels normalized. Infrastructure investment outlook improved on unlocked funding.,GEO_FINANCIAL
Rubber prices rally on seasonal supply tightness from major producers. The commodity gained as tapping activity reduced during wintering period. Tire demand remained robust adding to price support.,GEO_FINANCIAL
Egyptian pound stabilizes after completing transition to market-determined rate. The currency found equilibrium following extended adjustment period. IMF program conditions continued guiding economic reform.,GEO_FINANCIAL
Nickel prices volatile on Indonesia export policy uncertainty. The battery metal swung on regulatory announcements from major producer. EV demand outlook provided underlying fundamental support.,GEO_FINANCIAL
Colombian peso strengthens on central bank maintaining hawkish rate stance. The currency gained as interest rate differential attracted carry flows. Oil export revenues also supported external position.,GEO_FINANCIAL
Cotton prices recover from lows on improved demand outlook. The textile fiber gained as apparel sector showed inventory rebuilding. The recovery from oversold conditions attracted speculative buying.,GEO_FINANCIAL
Norwegian krone rallies on strong oil prices and Norges Bank guidance. The petro-currency appreciated as energy markets firmed. Sovereign wealth fund activity also influenced krone flows.,GEO_FINANCIAL
Sugar prices surge on adverse weather affecting global production outlook. The commodity rallied as El Nino impacted crops in major regions. India and Thailand both faced production shortfalls.,GEO_FINANCIAL
Vietnamese dong weakens on manufacturing export slowdown concerns. The currency depreciated as factory orders from Western markets declined. Central bank maintained gradual managed adjustment.,GEO_FINANCIAL
Lead prices stabilize after extended decline on battery demand concerns. The industrial metal found support at production cost levels. Lead-acid battery replacement market provided baseline demand.,GEO_FINANCIAL
Order imposing trading ban on individual for repeated violations of securities regulations. The noticee has previously received warnings and monetary penalties without compliance improvement. Lifetime debarment from market imposed.,SKIP
What are the benefits of investing through New Fund Offers versus existing mutual fund schemes? My distributor recommends NFO of new fund house. Should I prefer NFO or established funds?,SKIP
Appeal filed challenging findings of manipulation in IPO subscription figures. The appellant denies knowledge of connected entities inflating demand. Stay on debarment sought pending disposal.,SKIP
How to create monthly income stream from Rs 75 lakh retirement corpus? I am 60 years old with no pension and 25 years of expected retirement. Risk tolerance is low to moderate.,SKIP
Consent order passed accepting settlement proposal for violations of depositories regulations. The participant agreed to pay Rs 15 lakh settlement amount. Enhanced compliance measures to be implemented within 90 days.,SKIP
Is systematic transfer plan from equity to debt suitable as retirement approaches? I am 55 years old with Rs 50 lakh in equity funds. Should I start shifting to debt for safety?,SKIP
Notice issued to stock broker for failure to maintain adequate net worth continuously. Preliminary review shows net worth fell below prescribed minimum during certain periods. Response required.,SKIP
What happens to my mutual fund investments if the fund house shuts down operations? I have Rs 30 lakh across multiple AMCs. Are my investments protected in such scenario?,SKIP
Order in the matter of front running by employees of portfolio management service. Investigation revealed systematic trading ahead of large client orders. Disgorgement of Rs 2 crore and 5-year ban imposed.,SKIP
How to invest bonus of Rs 8 lakh for child's education due in 7 years? Should I put lump sum in equity fund or spread through STP? Risk appetite is moderate.,SKIP
Final order confirming disgorgement in matter of profits from insider trading. The noticee traded on material non-public information about corporate restructuring. Securities market ban of 3 years also imposed.,SKIP
What percentage of portfolio should be in gold and silver for proper diversification? I currently have zero allocation to precious metals. Should I invest through ETF or physical form?,SKIP
Directions issued for freezing of demat accounts and bank accounts of manipulators. The interim measure prevents dissipation of assets pending completion of investigation. Detailed probe ordered into trading patterns.,SKIP
Should I take personal loan at 12% to invest in mutual funds expecting 15% returns? The arbitrage seems profitable. What are the risks of leveraged investing in mutual funds?,SKIP
Iconic heritage building restoration project completed preserving architectural legacy. The century-old structure required extensive conservation work over several years. Public access begins after official inauguration ceremony.,NON_FINANCE
Indian women's cricket team reaches T20 World Cup final for first time. The historic achievement followed victory over previously unbeaten opponent in semifinal. Nation watches final with anticipation.,NON_FINANCE
New metro corridor opens connecting satellite town to main city center. The transit link reduces commute time from over two hours to forty minutes. Property prices along corridor expected to appreciate.,NON_FINANCE
Indian documentary on climate change wins award at international film festival. The production highlighting environmental challenges received jury recognition. Global distribution partnership announced following success.,NON_FINANCE
Ancient manuscript collection digitized for public access through national archive. The preservation project makes historical documents available to researchers globally. Centuries-old texts now searchable online.,NON_FINANCE
Indian shooter wins Olympic quota place securing berth for Paris Games. The qualification came through continental championship performance. Shooter dedicated achievement to coaches and support staff.,NON_FINANCE
Major international concert tour includes Indian cities for first time. Global artists will perform in multiple metropolitan venues. Ticket sales break records within hours of going live.,NON_FINANCE
New national education policy implementation shows early positive outcomes. Student learning assessments indicate improvement in foundational literacy and numeracy. Teacher training programs receive increased funding support.,NON_FINANCE
Indian startup's cancer detection technology receives regulatory approval. The AI-powered diagnostic tool identifies early-stage tumors from imaging scans. Deployment begins at major hospital chains.,NON_FINANCE
Traditional boat race festival attracts record tourist footfall this year. The cultural event showcasing heritage sport draws visitors from across world. Local economy benefits significantly from tourism spending.,NON_FINANCE
Endangered species population shows recovery in latest wildlife census. Conservation efforts over decade reversed declining trend for the animal. Protected area expansion credited for habitat improvement.,NON_FINANCE
Indian origin author wins prestigious literary prize for debut novel. The book exploring themes of identity and belonging received critical acclaim. Translation rights sold to publishers in multiple languages.,NON_FINANCE
Major flood relief operations continue as waters recede in affected districts. Military and civilian agencies coordinate rescue and rehabilitation efforts. Damage assessment underway for infrastructure reconstruction planning.,NON_FINANCE
Indian chess prodigy becomes youngest grandmaster in history of the game. The teenager achieved the title before 13th birthday breaking previous record. Chess federation announces talent development scholarship.,NON_FINANCE
"RBI issues master direction on risk management framework for urban cooperative banks. The comprehensive guidelines cover credit, market, and operational risk aspects. Compliance timeline provides transition period for smaller UCBs.",FINANCE_POLICY
SEBI enhances disclosure requirements for promoter group entities of listed companies. The expanded definition captures indirect holdings and related arrangements. The transparency improvement protects minority shareholder interests.,FINANCE_POLICY
Government notifies amendments to companies rules on related party transactions. The revised thresholds and approval requirements apply from next quarter. Listed company boards will have enhanced oversight responsibilities.,FINANCE_POLICY
RBI permits banks to issue electronic bank guarantees with digital signature. The paperless process improves efficiency for corporate and trade finance customers. The authentication mechanism ensures security and validity.,FINANCE_POLICY
SEBI mandates ESG rating providers to register and follow code of conduct. The regulation brings transparency to sustainability assessment practices. Conflict of interest provisions address rating shopping concerns.,FINANCE_POLICY
Central bank releases guidelines on managing concentration risk in bank investments. Portfolio limits on single issuer and group exposure now apply to treasury books. The prudential norms reduce systemic interconnectedness.,FINANCE_POLICY
IRDAI permits variable insurance products with guaranteed minimum benefits. The hybrid products combine market-linked returns with downside protection. The flexibility improves product suitability for risk-averse investors.,FINANCE_POLICY
SEBI relaxes pricing norms for rights issues to improve capital raising flexibility. The discount to market price now permitted up to specified limits. The change supports companies needing capital during stress periods.,FINANCE_POLICY
RBI announces guidelines on compensation practices at payment system operators. Senior management variable pay linked to long-term performance metrics. The framework promotes sustainable business practices.,FINANCE_POLICY
Government extends agriculture infrastructure fund scheme with enhanced allocation. Rural storage and processing facilities receive continued financing support. The infrastructure gap in farm sector remains focus area.,FINANCE_POLICY
SEBI introduces framework for executing offline bids in public issues. The mechanism enables participation in IPOs through banking channels without internet. The financial inclusion measure reaches underbanked populations.,FINANCE_POLICY
RBI permits non-bank entities to set up trade credit platforms. The digital infrastructure will improve working capital access for businesses. The regulation covers operational and risk management requirements.,FINANCE_POLICY
Central bank releases discussion paper on tokenization of financial assets. The framework explores issuance of securities on distributed ledger technology. Public comments invited on regulatory approach for digital securities.,FINANCE_POLICY
SEBI streamlines process for adding new categories to existing mutual fund schemes. The simplified procedure reduces regulatory burden for routine scheme changes. Investor notification requirements remain in place.,FINANCE_POLICY
Ethereum Dencun upgrade reduces Layer 2 transaction costs by 90 percent. The EIP-4844 blob transactions enabled cheaper rollup data posting. L2 ecosystem benefited immediately from reduced operational costs.,DIGITAL_ASSETS
Bitcoin spot ETFs see largest single-day outflow of $500 million on price decline. Investor redemptions accelerated as prices dropped below key support levels. The institutional products showed correlation with spot volatility.,DIGITAL_ASSETS
Blast Layer 2 distributes airdrop to bridge depositors and dapp users. The Ethereum scaling solution rewarded early participants with native token. Bridge deposits faced delays during distribution period.,DIGITAL_ASSETS
Chainlink CCIP becomes standard for cross-chain messaging among major protocols. The interoperability infrastructure secured billions in cross-chain value. Enterprise adoption validated technical architecture choices.,DIGITAL_ASSETS
Worldcoin ORB devices deployed in 25 new countries for iris verification. The biometric cryptocurrency project expanded despite privacy concerns. Token price volatile around expansion announcements.,DIGITAL_ASSETS
Pyth Network launches express relay for low-latency oracle data delivery. The optimized feed reduced data freshness to sub-second latency. DeFi protocols requiring real-time pricing adopted rapidly.,DIGITAL_ASSETS
Lido DAO votes on dual governance model with stakers and node operators. The proposal gave more influence to ETH depositors in protocol decisions. Decentralization concerns partially addressed by governance reform.,DIGITAL_ASSETS
Uniswap v4 hooks enable customizable AMM pool behavior and logic. The upgrade introduced unprecedented flexibility for liquidity pool design. Developer creativity unlocked new DeFi primitive possibilities.,DIGITAL_ASSETS
Arbitrum Orbit enables permissionless Layer 3 chain deployment on Arbitrum. The framework democratized app-chain creation on existing L2 infrastructure. Gaming and social applications showed early interest.,DIGITAL_ASSETS
Flashbots launches SUAVE for decentralized block building and MEV redistribution. The project addressed centralization concerns in Ethereum block production. Fair value distribution to transaction originators improved.,DIGITAL_ASSETS
Aave integrates real-world assets through partnership with tokenization platforms. The DeFi lender expanded collateral options beyond native crypto assets. Treasury bills and bonds became eligible collateral types.,DIGITAL_ASSETS
Bitcoin ordinals marketplace Magic Eden captures 50% market share. The NFT platform's multi-chain strategy proved successful for Bitcoin artifacts. Trading volumes exceeded Ethereum NFT activity briefly.,DIGITAL_ASSETS
StarkWare releases proving system update improving rollup throughput significantly. The technology advancement reduced proof generation time and costs. Network capacity increased enabling more application growth.,DIGITAL_ASSETS
Gnosis Chain sees renewed activity with prediction market and stablecoin projects. The Ethereum sidechain attracted projects seeking lower costs. The DAI-native environment appealed to certain use cases.,DIGITAL_ASSETS
Tensor NFT marketplace dominates Solana with 85% market share. The professional trading platform captured volume from competitors comprehensively. Maker rewards and advanced features drove trader adoption.,DIGITAL_ASSETS
"RBI introduces framework for regulation of artificial intelligence in banking sector. The guidelines cover model governance, explainability, and bias testing. Banks must establish AI ethics committees for oversight.",MARKET_INFRASTRUCTURE
SEBI permits stock lending and borrowing in municipal bonds segment. The liquidity enhancement measure applies to listed municipal debt securities. Market makers can now borrow bonds for trading activities.,MARKET_INFRASTRUCTURE
Corporate debt market sees first ever distressed debt fund listing on exchange. The specialized vehicle investing in stressed assets trades like regular security. Retail investors gain access to alternative credit strategies.,MARKET_INFRASTRUCTURE
NSE launches derivative contracts on single stock futures with weekly expiry. The product extension provides finer hedging for individual equity exposure. Initial liquidity concentrated in high-volume underlyings.,MARKET_INFRASTRUCTURE
Government announces establishment of regulated carbon credits exchange. The platform will enable trading of certified emission reductions. Corporate decarbonization commitments create demand for the market.,MARKET_INFRASTRUCTURE
SEBI mandates real-time disclosure of substantial acquisition of shares. The instant notification requirement applies beyond specified thresholds. Market transparency improves with faster information dissemination.,MARKET_INFRASTRUCTURE
RBI operationalizes cross-border payment system for rupee settlement. The bilateral arrangement with partner countries enables local currency trade. Dollar dependence reduces for covered transaction categories.,MARKET_INFRASTRUCTURE
Corporate bond market liquidity window sees Rs 10000 crore utilization. The mutual fund backstop facility provided during stress periods was accessed. The usage validated utility of emergency liquidity arrangements.,MARKET_INFRASTRUCTURE
India INX reaches $200 billion cumulative trading volume since inception. The international exchange at GIFT City demonstrated strong growth trajectory. Currency and equity derivatives drove volume growth.,MARKET_INFRASTRUCTURE
NSDL implements blockchain for mutual fund transactions to improve efficiency. The distributed ledger infrastructure reduces reconciliation time significantly. Error rates decline on automated processing.,MARKET_INFRASTRUCTURE
SEBI approves commodity indices for investment product creation by mutual funds. Index funds tracking commodity baskets can now be offered to investors. The products provide diversified commodity exposure.,MARKET_INFRASTRUCTURE
BSE launches platform for unlisted securities trading as separate segment. The private market matching service connects buyers and sellers of startup shares. Price discovery mechanism developed for illiquid securities.,MARKET_INFRASTRUCTURE
RBI extends digital rupee pilot to more banks and use cases. The CBDC trial now covers wholesale settlement and retail transactions. Cross-border pilot with partner central banks planned.,MARKET_INFRASTRUCTURE
Corporate bond ETFs see trading volumes double on improved market structure. The exchange-traded products benefited from enhanced market making. Retail participation increased significantly in fixed income segment.,MARKET_INFRASTRUCTURE
Nifty 50 earnings growth exceeds 20% for quarter beating all estimates. The benchmark index constituents showed broad-based profit improvement. Margin expansion accompanied revenue growth across sectors.,MARKET_MOVEMENT
Small and midcap stocks correct 20% from peaks in sharp selloff. The extended segment faced steeper decline than large caps in risk-off. Quality stocks showed relatively better resilience.,MARKET_MOVEMENT
Banking sector leads market recovery after credit growth data beats expectations. Financial stocks rallied on strong loan demand across segments. Private banks outperformed PSU counterparts significantly.,MARKET_MOVEMENT
IT stocks surge on rupee weakness improving export competitiveness. Technology services companies gained on favorable currency translation. Deal momentum also showed encouraging signs in recent weeks.,MARKET_MOVEMENT
Pharmaceutical stocks face pressure on pricing headwinds in US generic market. Drug makers declined on competitive intensity concerns for key molecules. Specialty portfolio strength provided partial offset.,MARKET_MOVEMENT
Nifty breaks above 24000 for first time amid broad market participation. The milestone came on combination of earnings strength and flows. All sectoral indices closed in positive territory.,MARKET_MOVEMENT
Metal stocks rally sharply on China stimulus hopes driving sentiment. Steel and aluminum producers gained on property sector support expectations. Domestic demand remained supportive backdrop.,MARKET_MOVEMENT
Consumer staples stocks underperform on margin pressure from input costs. FMCG companies faced commodity inflation in packaging and oils. Volume growth moderation added to concerns.,MARKET_MOVEMENT
Nifty volatility index spikes to six-month high ahead of major event. The VIX surge reflected elevated uncertainty about near-term direction. Options premiums increased across strike prices.,MARKET_MOVEMENT
Infrastructure stocks maintain momentum on government capex execution pace. Road and construction companies rallied on healthy order execution. Budget allocation increases provided visibility boost.,MARKET_MOVEMENT
Realty stocks surge on rate cut expectations improving housing affordability. Real estate companies gained on monetary policy pivot hopes. Affordable housing segment showed particular strength.,MARKET_MOVEMENT
PSU bank stocks rally on recapitalization and privatization speculation. Government bank shares gained on strategic disinvestment expectations. Asset quality improvement supported fundamental thesis.,MARKET_MOVEMENT
Auto stocks face profit booking after extended rally to record highs. Automobile companies corrected as investors locked in gains. Valuations had reached premium levels relative to historical averages.,MARKET_MOVEMENT
Nifty rebalancing drives significant flows as index reconstitution executes. Entry and exit stocks saw heavy volumes on passive fund adjustments. The mechanical rebalancing created short-term opportunities.,MARKET_MOVEMENT
Gross domestic product growth accelerates to 8.2% in quarterly data release. The economic expansion exceeded consensus estimates significantly. Investment and consumption both contributed to strong growth.,MACRO_ECONOMIC
GST revenue crosses Rs 2 lakh crore monthly for first time on festive demand. The record collection reflected consumption buoyancy and compliance improvement. The milestone validates taxation reform success.,MACRO_ECONOMIC
Current account returns to surplus as services exports surge strongly. The external position improved on software and business services receipts. The positive balance reduces external vulnerability.,MACRO_ECONOMIC
Inflation moderates to 4.2% returning within RBI target band comfortably. The CPI reading provided relief after elevated readings previously. Food price softening drove the improvement.,MACRO_ECONOMIC
Foreign exchange reserves touch new all-time high of $720 billion. The central bank's buffer reached record levels on valuation gains and flows. Import cover improved to over 12 months.,MACRO_ECONOMIC
Industrial production growth accelerates to 10% on manufacturing strength. The IIP data showed broad-based expansion across categories. Capital goods and consumer durables led the improvement.,MACRO_ECONOMIC
Bank credit growth maintains 16% pace indicating sustained demand. The lending expansion reflected corporate capex and retail demand. Deposit growth also picked up supporting asset growth.,MACRO_ECONOMIC
Direct tax collections grow 25% year-to-date exceeding all projections. The robust revenue reflected economic formalization and compliance. Corporate advance tax payments showed particular strength.,MACRO_ECONOMIC
Manufacturing PMI rises to 58 indicating accelerating factory activity. The survey showed healthy expansion across production and new orders. Employment sub-index also strengthened indicating hiring.,MACRO_ECONOMIC
Trade deficit narrows on export recovery and import moderation. The merchandise trade gap contracted on both volume and price effects. The improvement supports current account outlook.,MACRO_ECONOMIC
Consumer confidence index reaches highest level in survey history. The household sentiment measure showed improving perceptions broadly. The optimism supports consumption expenditure growth ahead.,MACRO_ECONOMIC
State government capital expenditure grows 20% supporting investment. The subnational infrastructure spending showed acceleration on central support. The capex push contributed to economic momentum.,MACRO_ECONOMIC
Services sector maintains strong growth at 7.8% in national accounts. The dominant economic segment continued driving GDP expansion. Financial services and IT showed particular strength.,MACRO_ECONOMIC
Goods and services export target achieved ahead of schedule. The commerce ministry confirmed reaching ambitious export goals early. Merchandise and services both contributed to milestone.,MACRO_ECONOMIC
Japanese yen weakens to 160 against dollar on rate differential pressure. The currency depreciated despite BOJ intervention threats. Carry trade flows weighed as US rates stayed elevated.,GEO_FINANCIAL
Crude oil prices decline to $70 per barrel on demand growth concerns. The energy benchmark fell on economic slowdown fears in major consumers. OPEC plus considered additional production cuts.,GEO_FINANCIAL
Brazilian real appreciates on central bank credibility and rate support. The currency strengthened as Banco Central maintained restrictive stance. The improvement followed extended period of weakness.,GEO_FINANCIAL
Copper prices rally to record high on AI datacenter power demand outlook. The industrial metal gained on electrification and computing trends. Supply constraints added to bullish price dynamics.,GEO_FINANCIAL
Turkish lira remains stable as inflation declines from extreme peaks. The currency maintained trading range as tight policy showed results. Real rates remained deeply positive supporting flows.,GEO_FINANCIAL
Natural gas prices collapse on mild weather and ample storage levels. The energy benchmark fell as European reserves exceeded seasonal norms. The decline provided relief for industrial energy costs.,GEO_FINANCIAL
Indian rupee appreciates to strongest level in three months on flows. The currency strengthened on portfolio inflows and dollar selling. RBI allowed appreciation while rebuilding reserves.,GEO_FINANCIAL
Gold prices consolidate near record highs on mixed signals. The precious metal traded in range awaiting directional catalyst. Physical demand and ETF flows balanced selling pressure.,GEO_FINANCIAL
South African rand volatile on election outcome uncertainty. The currency swung on coalition government formation developments. The political transition created near-term uncertainty.,GEO_FINANCIAL
Silver industrial demand hits record on solar panel installations. The precious metal benefited from renewable energy capacity additions. Investment demand supplemented industrial consumption.,GEO_FINANCIAL
Indonesian rupiah stabilizes after intervention and rate hike combination. The currency found footing following policy response to weakness. Resource export revenues provided fundamental support.,GEO_FINANCIAL
Wheat prices rally on adverse weather in Black Sea production regions. The grain gained on drought concerns affecting winter crop condition. Global supply outlook tightened on the forecasts.,GEO_FINANCIAL
Mexican peso strengthens to multi-year high on nearshoring momentum. The currency appreciated as manufacturing FDI continued strong. Trade surplus with US expanded on production relocation.,GEO_FINANCIAL
Aluminum prices decline on oversupply and weak construction demand. The light metal fell as Chinese production exceeded consumption growth. Elevated inventories added to bearish sentiment.,GEO_FINANCIAL
Order imposing monetary penalty and debarment in matter of providing investment advice without registration. The noticee operated unregistered investment advisory through social media channels. Securities market ban of 10 years imposed.,SKIP
What documents are required to open demat account as NRI investor? I am US-based person of Indian origin wanting to invest in Indian stocks. Which type of NRI account should I open?,SKIP
Appeal filed challenging quantum of penalty imposed for delayed compliance with listing regulations. The appellant argues penalty is disproportionate to nature of violation. Hearing scheduled for next month.,SKIP
"How to calculate returns on my mutual fund investments properly? I have made multiple SIP investments and lump sums over years. What is difference between CAGR, XIRR, and absolute returns?",SKIP
Consent order passed accepting settlement terms for broker compliance violations. The applicant agreed to pay settlement charges and undertake enhanced compliance. Matter concluded without admission of violation.,SKIP
Is it advisable to prepay home loan or invest surplus in mutual funds instead? Home loan interest rate is 8.5% while expected mutual fund returns are 12%. Tax benefits also factor in decision.,SKIP
Notice issued to merchant banker for lapses in due diligence during public issue. Preliminary review indicates failure to verify key disclosures in prospectus. Response required within specified timeframe.,SKIP
What are the implications of debt mutual fund taxation changes on my investments? I have significant holdings in debt funds bought before the rule change. Should I continue or shift to alternatives?,SKIP
Order in the matter of alleged manipulation through circular trading in illiquid scrip. Investigation revealed coordinated buying and selling among connected entities. Disgorgement of profits and penalty imposed.,SKIP
"How to structure investments for multiple financial goals with different time horizons? I have goals of car purchase in 2 years, house in 5 years, and retirement in 25 years.",SKIP
Final order confirming findings of investigation into insider trading by connected persons. The noticees traded while in possession of UPSI about material contract. Securities market ban and penalty imposed.,SKIP
What is the ideal number of mutual funds to have in portfolio for diversification? I currently hold 15 different schemes across AMCs. Is this over-diversification and should I consolidate?,SKIP
Directions issued requiring submission of investor grievance redressal report quarterly. The registered entity must report status of all complaints received. Format and timeline specified in the order.,SKIP
Should I invest in direct stocks or stick with mutual funds as beginner investor? I have Rs 10000 monthly to invest and little knowledge of stock markets. Which approach is more suitable?,SKIP
Historic peace treaty signed between rival nations ending decades of territorial dispute. The agreement was reached after marathon negotiations mediated by neutral country. Both leaders hailed the achievement as new beginning.,NON_FINANCE
Indian boxer wins gold at World Championships defeating Olympic champion in final. The victory marks India's first gold in the prestigious event in over decade. Sports minister announces substantial cash award.,NON_FINANCE
New intercity express train service launches reducing travel time by half. The high-speed corridor connects two major economic centers efficiently. Premium pricing reflects improved journey experience.,NON_FINANCE
Archaeological excavation reveals ancient port city submerged off Gujarat coast. The underwater discovery provides evidence of maritime trade thousands of years ago. Artifacts recovered include pottery and anchors.,NON_FINANCE
Indian filmmaker's movie selected as country's official entry for Oscars. The critically acclaimed drama exploring social themes received unanimous selection committee vote. International release planned before awards season.,NON_FINANCE
Major cyberattack disrupts healthcare services across hospital network nationwide. Ransomware incident forced systems offline affecting patient care. Security experts working to restore operations safely.,NON_FINANCE
Indian classical vocalist receives highest civilian honor for contribution to arts. The Padma award recognizes lifetime of devotion to musical tradition. The ceremony was attended by cultural luminaries.,NON_FINANCE
New national park established protecting critical biodiversity hotspot ecosystem. The protected area spans multiple districts ensuring habitat continuity. Local communities integrated as conservation partners.,NON_FINANCE
Indian tennis player reaches Grand Slam semifinal for first time in history. The achievement followed upset victories over higher-ranked opponents. Country celebrates the breakthrough performance.,NON_FINANCE
Revolutionary solar cell technology achieves record energy conversion efficiency. The research breakthrough promises significantly cheaper renewable electricity. Commercial production expected within five years.,NON_FINANCE
Famous religious pilgrimage site opens new facilities for visitor convenience. The infrastructure development includes improved amenities and transportation. Capacity to handle pilgrims increases significantly.,NON_FINANCE
Indian startup's electric scooter becomes best-selling two-wheeler in segment. The domestic EV manufacturer overtook established players in monthly sales. Expansion of charging infrastructure supported adoption.,NON_FINANCE
Severe heat wave causes power grid strain as demand exceeds capacity. Utilities implement scheduled outages to manage load during peak hours. Industrial consumers asked to reduce consumption temporarily.,NON_FINANCE
Indian scientist elected fellow of prestigious international academy. The recognition honors contributions to materials science and nanotechnology. The fellowship opens collaborative research opportunities.,NON_FINANCE
RBI releases updated framework for fraud classification and reporting by banks. The guidelines standardize definitions and reporting timelines across institutions. Early warning systems and accountability measures strengthened.,FINANCE_POLICY
SEBI permits bourses to introduce options on individual stocks with weekly expiry. The product extension provides granular hedging for single stock exposure. Regulatory approval follows market readiness assessment.,FINANCE_POLICY
Government announces extension of interest rate subvention for MSMEs. Small businesses continue to access subsidized credit for operations. The support addresses ongoing working capital needs.,FINANCE_POLICY
RBI mandates banks to publish interest rate reset calendars for floating rate loans. The transparency measure helps borrowers plan for EMI changes. Communication requirements tightened for rate adjustments.,FINANCE_POLICY
SEBI introduces framework for operating social stock exchange in India. Non-profit organizations can now raise funds from public through regulated platform. Zero coupon zero principal instruments enabled.,FINANCE_POLICY
Central bank releases guidelines on compensation recovery from bank executives. Malus and clawback provisions apply to variable pay in specified circumstances. The framework addresses moral hazard in risk-taking.,FINANCE_POLICY
IRDAI mandates standard personal accident insurance product across insurers. The benchmarked product improves comparability and simplifies purchase decisions. Minimum coverage features specified in regulations.,FINANCE_POLICY
SEBI relaxes lock-in requirements for QIP investors in financial stress scenarios. The flexibility enables faster capital raising during market dislocations. Investor protection through disclosure maintained.,FINANCE_POLICY
RBI announces guidelines on digital lending marketplace aggregators. The intermediary category requires registration and compliance with conduct rules. Customer protection and transparency provisions included.,FINANCE_POLICY
Government extends production linked incentive scheme to new manufacturing sectors. Additional allocations support domestic manufacturing capacity expansion. The industrial policy targets import substitution.,FINANCE_POLICY
SEBI mandates cybersecurity insurance coverage for registered intermediaries. The protection requirement scales with size of operations handled. Minimum coverage amounts specified for different categories.,FINANCE_POLICY
RBI permits cooperative banks to undertake forex business for customers. The liberalization expands services available to UCB customers. Prudential norms and training requirements accompany approval.,FINANCE_POLICY
Central bank releases framework for financial market infrastructure oversight. The principles align with international standards for clearing and settlement. Annual self-assessment requirements introduced.,FINANCE_POLICY
SEBI introduces simplified dispute resolution mechanism for investor complaints. The expedited process aims for resolution within thirty days. Arbitration option available for complex cases.,FINANCE_POLICY
Bitcoin mining hashrate reaches new all-time high of 700 exahashes per second. The network computational power growth reflects continued infrastructure investment. Security strengthened despite halved block rewards.,DIGITAL_ASSETS
Solana memecoin frenzy drives network transaction volumes to record levels. The speculative activity pushed daily transactions past 50 million milestone. Fee revenues benefited validators significantly.,DIGITAL_ASSETS
Arbitrum DAO treasury reaches $3 billion on strong protocol revenue growth. The Layer 2 governance token holders control substantial resources. Grant programs funded ecosystem development extensively.,DIGITAL_ASSETS
zkSync ecosystem faces criticism over delayed token distribution promises. The Layer 2 network's community expressed frustration with communication. Development progress continued despite sentiment challenges.,DIGITAL_ASSETS
Eigenlayer prepares for token launch with massive restaking deposits accumulated. The protocol held over $15 billion in restaked ETH ahead of TGE. Points farmers anticipated substantial airdrop allocation.,DIGITAL_ASSETS
Renzo Protocol emerges as second largest liquid restaking provider on Ethereum. The competitor to EtherFi captured significant market share rapidly. Multiple integrations with DeFi protocols drove adoption.,DIGITAL_ASSETS
Pendle TVL exceeds $5 billion on yield trading popularity growth. The protocol enabling yield tokenization attracted sophisticated users. Points and airdrop trading drove significant activity.,DIGITAL_ASSETS
Manta Pacific becomes largest Layer 2 for zkID and privacy applications. The modular chain carved niche in identity and privacy use cases. Developer grants attracted privacy-focused projects.,DIGITAL_ASSETS
Eclipse launches as first SVM rollup on Ethereum mainnet. The Solana Virtual Machine on Ethereum offered novel architectural combination. Developer interest high for familiar execution environment.,DIGITAL_ASSETS
Sanctum unifies Solana liquid staking with infinity pool design. The protocol aggregated stake across multiple validators efficiently. TVL grew rapidly on capital efficiency improvements.,DIGITAL_ASSETS
Jupiter aggregator captures 75% of Solana DEX trading volume consistently. The dominant position reflected superior routing and user experience. Perpetual exchange launch added new revenue stream.,DIGITAL_ASSETS
Drift Protocol reaches $1 billion in perpetual trading volume daily. The Solana derivatives exchange grew into significant platform. Institutional API access drove professional trading adoption.,DIGITAL_ASSETS
Scroll zkEVM achieves full EVM equivalence milestone for developers. The compatibility simplified migration of existing Ethereum applications. Security audits completed enabling mainnet deployment.,DIGITAL_ASSETS
Beam gaming blockchain sees player activity surge on new title launches. The Immutable-powered network attracted gaming studios building on-chain experiences. NFT-based game items drove transaction volumes.,DIGITAL_ASSETS
Orderly Network provides shared liquidity layer across multiple rollups. The infrastructure enabled capital efficient trading across chains. Integration partnerships expanded protocol reach significantly.,DIGITAL_ASSETS
SEBI approves framework for executing trades in illiquid securities. The specialized segment provides price discovery for rarely traded stocks. Market maker obligations ensure minimum liquidity provision.,MARKET_INFRASTRUCTURE
RBI introduces tiered compliance framework for payment aggregators by size. Smaller aggregators face simplified requirements proportionate to risk. The approach reduces burden on emerging fintech players.,MARKET_INFRASTRUCTURE
Corporate bond trading platform launch improves retail investor access. The dedicated segment offers smaller lot sizes for individual buyers. Price transparency enhances compared to OTC market.,MARKET_INFRASTRUCTURE
NSE implements enhanced surveillance for derivatives market manipulation detection. The system uses AI to identify suspicious trading patterns. Real-time monitoring capabilities significantly upgraded.,MARKET_INFRASTRUCTURE
Government announces development of central securities depository for gold. The infrastructure will enable efficient trading and settlement of gold transactions. Integration with spot exchange platform planned.,MARKET_INFRASTRUCTURE
SEBI permits category III AIFs to invest in unlisted securities globally. The offshore investment avenue opens for alternative fund managers. Risk disclosure and eligibility criteria apply.,MARKET_INFRASTRUCTURE
RBI operationalizes real-time payment system connectivity with Singapore PayNow. The linkage enables instant cross-border transfers between countries. QR code-based payments now interoperable.,MARKET_INFRASTRUCTURE
Corporate debt market sees increased participation from insurance companies. Long-term institutional investors provide demand for corporate bonds. Duration matching needs drive allocation.,MARKET_INFRASTRUCTURE
India INX reaches milestone of 100 members from 20 countries. The international exchange at GIFT City achieved global participation. Product diversity attracted varied participant profiles.,MARKET_INFRASTRUCTURE
NSDL implements same-day settlement for inter-depository transfers. The efficiency improvement reduces settlement risk in securities transactions. Corporate actions processing also accelerated.,MARKET_INFRASTRUCTURE
SEBI approves passive funds tracking international indices for retail investors. The products provide easy access to global market exposure. Currency hedging options included in some offerings.,MARKET_INFRASTRUCTURE
BSE implements separate circuit breaker thresholds for large cap stocks. The differentiated limits reduce trading halts for liquid securities. Market continuity improves during volatile periods.,MARKET_INFRASTRUCTURE
RBI extends central bank digital currency pilot to include cross-border payments. The CBDC trial now covers wholesale and retail and international uses. Partnership with foreign central banks enables testing.,MARKET_INFRASTRUCTURE
Commodity exchange launches derivatives on green energy commodities. Contracts on renewable energy certificates enable hedging. Corporate sustainability commitments drive market development.,MARKET_INFRASTRUCTURE
Nifty Financial Services index outperforms broader market for third consecutive quarter. The sectoral index showed strong momentum on credit growth optimism. Private banks led the advance with PSU banks participating.,MARKET_MOVEMENT
IT stocks face selling pressure on cautious guidance from industry bellwethers. Technology services companies declined on client spending concerns. Margin headwinds from wage hikes added to negative sentiment.,MARKET_MOVEMENT
Pharmaceutical sector shows divergent performance on company-specific catalysts. Export-oriented generics faced pricing pressure while specialty players gained. R&D pipeline outcomes drove stock-specific moves.,MARKET_MOVEMENT
Nifty 50 PE ratio contracts to 18x as earnings growth catches up with price. The valuation normalization made market appear more reasonable. The multiple compression reflected healthy earnings delivery.,MARKET_MOVEMENT
"Consumer discretionary stocks rally on improving demand visibility ahead of festive season. Retail, auto, and durable companies gained on sales expectations. Urban consumption showed particular resilience.",MARKET_MOVEMENT
Metal stocks correct sharply on profit booking after extended rally. Steel and aluminum producers gave up gains despite firm prices. The sector had significantly outperformed in prior weeks.,MARKET_MOVEMENT
Nifty Bank reaches new all-time high supported by improving asset quality metrics. Banking sector showed strength on NPL reduction and credit growth. Valuations expanded on return on equity improvement.,MARKET_MOVEMENT
Infrastructure stocks surge on accelerated order award announcements. Capital goods and construction companies rallied on visibility. Government capex execution remained on track.,MARKET_MOVEMENT
Real estate stocks face mixed fortunes on regional demand variations. Developers with Mumbai and Bangalore exposure gained while others lagged. Inventory levels showed divergent trends across markets.,MARKET_MOVEMENT
Nifty Next 50 constituents show stronger earnings growth than Nifty 50. The large mid cap segment attracted flows seeking growth. The relative outperformance continued on fundamental strength.,MARKET_MOVEMENT
PSU bank stocks rally on strategic disinvestment expectations. Government bank shares gained on privatization speculation. Asset quality and capital adequacy supported fundamental case.,MARKET_MOVEMENT
FMCG stocks underperform on rural demand concerns and input cost pressure. Consumer staples companies faced volume moderation in hinterland. Commodity inflation squeezed margins further.,MARKET_MOVEMENT
Auto stocks show strength on electric vehicle segment contribution growth. Automobile companies gained on EV sales traction and margins. Legacy ICE business remained stable supporting transition.,MARKET_MOVEMENT
Defense stocks reach fresh highs on increased government spending allocations. Indigenous defense manufacturers gained on order book expansion. Make in India benefits drove long-term outlook confidence.,MARKET_MOVEMENT
GDP growth maintains 7.5% trajectory in advance estimate for fiscal year. The economic expansion showed resilience despite global headwinds. Investment and consumption both contributed to growth.,MACRO_ECONOMIC
GST collections reach Rs 1.9 lakh crore maintaining strong momentum. The indirect tax receipts reflected consumption buoyancy and formalization. The trajectory supports revenue forecasts for the year.,MACRO_ECONOMIC
Foreign exchange reserves remain stable near record high levels. The central bank's buffer provided comfort against external volatility. Import cover stayed above eleven months.,MACRO_ECONOMIC
Inflation remains within RBI target band at 4.5% providing policy comfort. The CPI reading showed well-contained price pressures. Food inflation moderation drove the improvement.,MACRO_ECONOMIC
Bank credit growth sustains at 15% pace indicating healthy demand. The lending expansion reflected corporate and retail credit appetite. Deposit growth also showed improvement.,MACRO_ECONOMIC
Industrial production index grows 7% on manufacturing sector strength. The IIP data showed broad-based expansion across categories. Capital goods and consumer durables led the growth.,MACRO_ECONOMIC
Current account deficit remains manageable at 1% of GDP. The external position showed stability on services export strength. The sustainable level reduces external vulnerability concerns.,MACRO_ECONOMIC
Direct tax collections grow 22% year-to-date on economic momentum. The revenue buoyancy reflected formalization and compliance gains. Corporate tax payments showed particular strength.,MACRO_ECONOMIC
Manufacturing PMI sustains above 55 indicating healthy expansion. The survey showed durable factory activity growth across segments. Export orders remained supportive of production.,MACRO_ECONOMIC
Trade deficit narrows as exports recover and gold imports moderate. The merchandise trade gap contracted on favorable trends. Services surplus provided additional support.,MACRO_ECONOMIC
Consumer confidence maintains elevated levels in RBI survey. The household sentiment showed sustained optimism about conditions. The positive outlook supports consumption growth.,MACRO_ECONOMIC
Fiscal deficit trajectory remains on track for consolidation targets. The government's revenue and expenditure management showed improvement. The discipline supports macroeconomic stability.,MACRO_ECONOMIC
Services sector growth remains robust at 7.5% in quarterly data. The largest economic segment continued driving expansion. Financial services and IT led sectoral performance.,MACRO_ECONOMIC
Private capital expenditure shows revival in corporate investment survey. Business spending intentions improved on demand visibility. The capex recovery supports growth momentum.,MACRO_ECONOMIC
Euro weakens against dollar on diverging monetary policy expectations. The common currency depreciated as ECB signaled earlier rate cuts. US rates staying higher for longer drove the divergence.,GEO_FINANCIAL
Crude oil prices volatile on geopolitical tensions and demand concerns. Energy benchmark swung on conflicting news flows. OPEC plus discipline provided floor while demand worried.,GEO_FINANCIAL
Indian rupee trades in narrow range as RBI manages volatility effectively. The currency showed stability compared to emerging market peers. Intervention and flows balanced each other.,GEO_FINANCIAL
Gold prices consolidate after reaching new record highs recently. The precious metal traded in range awaiting fresh catalyst. Central bank buying and ETF flows provided support.,GEO_FINANCIAL
Chinese yuan weakens past key level on economic growth concerns. The currency depreciated despite PBOC efforts to stabilize. Property sector weakness weighed on sentiment.,GEO_FINANCIAL
Copper prices rally on AI datacenter electricity demand projections. The industrial metal gained on long-term consumption outlook. Electrification trends supported structural demand thesis.,GEO_FINANCIAL
Brazilian real appreciates on improved inflation outlook and rates. The currency strengthened as disinflation progress continued. Central bank credibility supported market confidence.,GEO_FINANCIAL
Natural gas prices remain subdued on ample global supply. The energy benchmark traded near multi-year lows on mild weather. Storage levels exceeded seasonal averages globally.,GEO_FINANCIAL
Silver prices outperform gold on industrial demand strength. The precious metal gained on solar and electronics consumption. Investment demand supplemented industrial needs.,GEO_FINANCIAL
Turkish lira maintains stability after extended period of weakness. The currency traded in range as high rates attracted inflows. Inflation deceleration supported sentiment improvement.,GEO_FINANCIAL
Soybean prices decline on favorable US harvest weather conditions. The oilseed fell as crop progress exceeded expectations. Ample supply outlook weighed on prices.,GEO_FINANCIAL
Indonesian rupiah stabilizes after central bank rate hike response. The currency found footing on policy support and intervention. Resource exports provided fundamental underlying support.,GEO_FINANCIAL
Wheat futures decline on improving Black Sea export flow conditions. The grain fell as shipments through corridor resumed normally. Global supply concerns eased on the improvement.,GEO_FINANCIAL
Mexican peso strengthens on resilient domestic economic data. The currency appreciated on manufacturing and consumption strength. Nearshoring FDI continued supporting peso demand.,GEO_FINANCIAL
Order passed imposing penalty for failure to comply with takeover regulations disclosure requirements. The acquirer did not make timely disclosure of share acquisitions crossing threshold. Penalty and interest on delayed compliance imposed.,SKIP
What are the advantages of ELSS mutual funds compared to other section 80C investment options? I need to invest Rs 1.5 lakh for tax saving. Should I prefer ELSS over PPF for better returns?,SKIP
Appeal pending before Securities Appellate Tribunal on quantum of disgorgement ordered. The appellant seeks reduction arguing calculation methodology is incorrect. Next hearing date scheduled.,SKIP
How to rebalance mutual fund portfolio when allocation has drifted from target? My equity allocation has increased to 80% from target 60%. Should I book profits and shift to debt?,SKIP
Consent order accepting settlement in matter of violation of minimum public shareholding norms. The company agreed to pay settlement charges and achieve compliance within specified timeline.,SKIP
Is it advisable to take loan against mutual funds rather than redeeming for short-term needs? I need Rs 5 lakh for three months. Loan against MF seems cheaper than redemption costs.,SKIP
Notice issued for non-compliance with net worth requirements by registrar and transfer agent. Preliminary review shows net worth deficiency during certain periods. Response required.,SKIP
What are the key things to check before selecting a health insurance policy for family? I am looking for Rs 10 lakh coverage. Should I prefer network hospitals or reimbursement policies?,SKIP
Order in matter of providing unregistered portfolio management services to clients. The noticee managed client portfolios for fee without obtaining required registration. Penalty and debarment imposed.,SKIP
How to structure financial planning for single income household with non-working spouse? I earn Rs 1.5 lakh monthly with two young children. What should be priority allocation?,SKIP
Final order confirming penalty in matter of non-segregation of client funds by broker. The broker commingled proprietary and client funds violating regulations. Trading suspension and penalty imposed.,SKIP
What is the ideal investment horizon for small cap mutual funds given volatility? I want to invest lump sum of Rs 10 lakh. Should I invest directly or spread through STP?,SKIP
Directions issued for enhanced surveillance and reporting by depository participant. The DP must submit weekly compliance reports on specified parameters. Timeline of immediate effect.,SKIP
Should I continue traditional term insurance or switch to return of premium variant? Traditional plan costs Rs 15000 annually. TROP costs Rs 25000 but returns all premiums if I survive.,SKIP
Historic cathedral restoration completed after decade-long conservation project. The medieval structure required extensive work to preserve architectural heritage. Public reopening draws large crowds of visitors.,NON_FINANCE
Indian wrestler wins silver medal at World Championships in historic achievement. The performance marks best finish by Indian in the weight category. Sports ministry announces enhanced support package.,NON_FINANCE
New high-speed rail corridor connects two major cities in record time. The bullet train service reduces journey from eight hours to three hours. Ticket bookings show overwhelming demand.,NON_FINANCE
Indian documentary on tribal communities wins award at international film festival. The film showcasing indigenous cultures received jury recognition for authenticity. Distribution deals signed for global release.,NON_FINANCE
Archaeological discovery reveals ancient university ruins dating back two millennia. The excavation provides evidence of organized higher education in ancient India. UNESCO heritage site nomination being prepared.,NON_FINANCE
Indian para-athlete wins gold at Paralympics setting new world record. The extraordinary performance in track event captivated global audience. Homecoming celebration planned by sports federation.,NON_FINANCE
Major tech company announces artificial intelligence research center in India. The facility will employ hundreds of researchers working on advanced AI. Investment of over Rs 5000 crore planned.,NON_FINANCE
New vaccine for cervical cancer prevention receives regulatory approval. The domestically developed immunization offers protection at lower cost. National immunization program inclusion being considered.,NON_FINANCE
Indian cuisine documentary series wins Emmy for outstanding cinematography. The production showcasing regional food traditions received critical acclaim. Streaming platform orders second season immediately.,NON_FINANCE
Traditional textile weaving technique receives UNESCO intangible heritage recognition. The centuries-old craft practiced by artisan communities gains global protection. Tourism to weaving villages expected to increase.,NON_FINANCE
Indian origin mathematician solves long-standing problem in number theory. The breakthrough published in prestigious journal received widespread attention. Academic institutions compete to recruit the researcher.,NON_FINANCE
Severe cyclone makes landfall causing widespread damage in coastal districts. Emergency services evacuated lakhs of people ahead of storm. Relief operations underway as weather conditions improve.,NON_FINANCE
Indian classical dance performance sells out at prestigious international venue. The show at historic theater drew standing ovation from audience. Additional performances added due to demand.,NON_FINANCE
New urban forest initiative plants one million trees across metropolitan area. The environmental program aims to improve air quality and temperature. Citizen participation exceeded targets substantially.,NON_FINANCE
RBI announces revised framework for priority sector lending targets for banks. The modified categories include renewable energy and healthcare infrastructure. Banks get additional time for compliance with new targets.,FINANCE_POLICY
SEBI introduces mandatory cybersecurity audit for registered intermediaries annually. The assessment must be conducted by certified auditors using specified framework. Findings and remediation reports required submission.,FINANCE_POLICY
Government extends credit guarantee scheme for startups to support innovation ecosystem. The enhanced coverage provides collateral-free loans for eligible ventures. The extension continues support for entrepreneurship.,FINANCE_POLICY
RBI permits payment banks to offer small value loans to existing customers. The limited lending activity expands product offerings for payment bank customers. Prudential norms and limits apply to the facility.,FINANCE_POLICY
SEBI mandates disclosure of AI and algorithmic decision-making by investment advisers. Robo-advisory services must explain methodology used for recommendations. The transparency requirement protects retail investors.,FINANCE_POLICY
Central bank releases master circular on customer service in banks updated version. The comprehensive guidelines cover all aspects of service quality. Grievance redressal timelines tightened significantly.,FINANCE_POLICY
IRDAI permits insurers to establish subsidiaries for health insurance operations. The structural flexibility allows focused business models for health segment. Capital requirements and governance norms specified.,FINANCE_POLICY
SEBI introduces framework for permanent account number verification in securities markets. The instant validation improves KYC accuracy and reduces fraud. All registered intermediaries must implement the system.,FINANCE_POLICY
RBI announces guidelines on lending to projects with significant carbon footprint. Enhanced due diligence requirements apply to high-emission projects. Transition financing provisions included in framework.,FINANCE_POLICY
Government notifies tax incentives for investments in green hydrogen production. The manufacturing and export of green hydrogen receive favorable treatment. The policy supports energy transition objectives.,FINANCE_POLICY
SEBI permits debt mutual funds to participate in security lending market. The liquidity improvement measure allows funds to lend bonds for fee income. Risk management requirements accompany the liberalization.,FINANCE_POLICY
RBI releases guidelines on artificial intelligence governance for regulated entities. The framework covers model risk management and algorithmic accountability. Bias testing and explainability requirements included.,FINANCE_POLICY
Central bank announces framework for instant settlement of securities transactions. The DvP system enables real-time delivery versus payment mechanism. Counterparty risk elimination improves market efficiency.,FINANCE_POLICY
SEBI streamlines overseas investment framework for alternative investment funds. The simplified process enables global allocation by domestic funds. Eligible securities and limits specified in the guidelines.,FINANCE_POLICY
Lido dominance debate intensifies as protocol approaches 33% of staked Ethereum. The concentration concerns prompted governance discussions about growth caps. Decentralization versus capital efficiency tradeoffs debated.,DIGITAL_ASSETS
Bitcoin ETF inflows turn positive after extended period of redemptions. The institutional products saw renewed buying interest on price stabilization. Retail participation through ETFs also showed recovery.,DIGITAL_ASSETS
Solana ecosystem TVL reaches new all-time high of $8 billion on DeFi growth. The high-speed blockchain showed sustained development momentum. Liquid staking and lending protocols drove TVL expansion.,DIGITAL_ASSETS
Arbitrum STIP program distributes $50 million in incentives to ecosystem protocols. The grant program funded by DAO treasury boosted liquidity and activity. Participating protocols showed significant metric improvement.,DIGITAL_ASSETS
Celestia data availability layer processes 100 million blob transactions milestone. The modular blockchain infrastructure demonstrated production scale operation. Rollup adoption of DA layer accelerated significantly.,DIGITAL_ASSETS
Eigenlayer mainnet launch enables restaking of ETH across multiple AVS protocols. The additional yield opportunities attracted significant capital migration. Security guarantees extended beyond Ethereum through restaking.,DIGITAL_ASSETS
Pudgy Penguins IP monetization success drives NFT floor price appreciation. The retail toy sales validated digital IP brand building strategy. Holder community celebrated mainstream recognition.,DIGITAL_ASSETS
Polymarket election betting volume exceeds traditional prediction markets significantly. The decentralized platform became authoritative source for outcome odds. Regulatory concerns about US access remained.,DIGITAL_ASSETS
Sui blockchain ecosystem expansion attracts gaming and social applications. The Move-based L1 showed strong developer adoption metrics. Object-centric design enabled novel application architectures.,DIGITAL_ASSETS
GMX v2 launch introduces isolated pools reducing systemic risk for traders. The perpetual exchange upgraded architecture for capital efficiency. Trading activity migrated to new contracts rapidly.,DIGITAL_ASSETS
Hyperliquid reaches $1 billion daily trading volume without token launch. The perpetual DEX achieved scale through product quality alone. Institutional adoption reflected in sophisticated order types usage.,DIGITAL_ASSETS
Near Protocol AI integration attracts developers building on-chain agents. The blockchain positioned for AI intersection use cases. Grant programs funded AI-native application development.,DIGITAL_ASSETS
Blur vs OpenSea competition continues with new features and fee changes. The NFT marketplace rivalry drove innovation for traders. Market share fluctuated on incentive program adjustments.,DIGITAL_ASSETS
Ondo Finance tokenized treasury products reach $500 million in AUM. The real-world asset protocol showed institutional traction. Yield-bearing stablecoins emerged as significant category.,DIGITAL_ASSETS
Tensor dominates Solana NFT trading with professional features. The marketplace captured volume through superior tooling. Maker rewards attracted professional traders to the platform.,DIGITAL_ASSETS
SEBI permits creation of sustainability-linked bond index for tracking purposes. The benchmark enables measurement of ESG bond market performance. Index-linked products can now reference the benchmark.,MARKET_INFRASTRUCTURE
RBI launches unified payments interface for feature phones without internet. The UPI Lite on USSD enables digital payments on basic handsets. Financial inclusion reaches populations without smartphones.,MARKET_INFRASTRUCTURE
Corporate bond market achieves turnover ratio improvement to 1.2 times. The liquidity enhancement reflects market making and RFQ adoption. Investor confidence in secondary market improved.,MARKET_INFRASTRUCTURE
NSE implements market-wide circuit breaker review with new thresholds. The revised limits reduce unnecessary trading halts during volatility. Large cap stocks benefit from higher tolerance.,MARKET_INFRASTRUCTURE
Government announces sovereign green bond issuance plan for fiscal year. The Rs 20000 crore program funds renewable and environmental projects. International investor interest expected to be strong.,MARKET_INFRASTRUCTURE
SEBI approves framework for small and medium REIT listings. The lower unit value enables retail investor participation in real estate. Minimum asset requirements relaxed for smaller portfolios.,MARKET_INFRASTRUCTURE
RBI operationalizes digital rupee for government securities settlement. The CBDC variant enables efficient wholesale market transactions. Settlement finality achieved with digital currency.,MARKET_INFRASTRUCTURE
Corporate debt ETFs see inflows as retail investors seek fixed income exposure. The passive products attracted steady allocation from individual investors. Market making improvement enhanced trading experience.,MARKET_INFRASTRUCTURE
India INX launches commodity derivatives referenced to international benchmarks. The GIFT City exchange adds gold and crude contracts. International participants gain India time zone access.,MARKET_INFRASTRUCTURE
NSDL achieves milestone of 8 crore beneficial owner accounts. The depository growth reflects retail investor participation surge. Digital onboarding drove account opening acceleration.,MARKET_INFRASTRUCTURE
SEBI mandates electronic submission for all regulatory filings by intermediaries. The paperless process improves efficiency and reduces processing time. Compliance burden reduced on digital transition.,MARKET_INFRASTRUCTURE
BSE implements enhanced order types for institutional trading needs. The iceberg and basket order features support large transaction execution. Institutional participation facilitated with improved tools.,MARKET_INFRASTRUCTURE
RBI extends RTGS operating hours to achieve near 24x7 availability. The real-time settlement system now operates 22 hours daily. Corporate treasury operations benefit significantly.,MARKET_INFRASTRUCTURE
Commodity exchange launches options on agricultural futures after regulatory approval. The hedging products for farm commodities enable risk management. Farmers and processors gain access to derivatives tools.,MARKET_INFRASTRUCTURE
Nifty breaks below key support level triggering technical selling acceleration. The breach of 22000 level activated stop losses across trading systems. Volatility increased significantly during the session.,MARKET_MOVEMENT
Banking sector leads market recovery as credit growth data exceeds expectations. Financial stocks rallied on strong loan demand across retail and corporate. Private banks showed particularly impressive momentum.,MARKET_MOVEMENT
IT stocks show relative resilience during broader market correction. Technology services companies held up on dollar strength and deal flow. Defensive characteristics attracted allocation during risk-off phase.,MARKET_MOVEMENT
Pharmaceutical stocks diverge on regulatory outcomes and pipeline progress. Generic exporters faced FDA-related volatility while specialty players gained. Company-specific news drove sector performance.,MARKET_MOVEMENT
Nifty 50 earnings growth moderates to 10% from elevated base of previous year. The profit expansion showed deceleration but remained healthy. Margin compression partially offset revenue growth.,MARKET_MOVEMENT
"Consumer discretionary stocks rally ahead of festive season demand expectations. Retail, auto, and durable companies gained on sales optimism. Urban consumption showed particular strength.",MARKET_MOVEMENT
Metal stocks face pressure on China demand concerns and inventory build. Steel and aluminum producers declined on weak property sector signals. The cyclical sector showed heightened volatility.,MARKET_MOVEMENT
"Infrastructure stocks maintain momentum on government capex execution pace. Road, power, and construction companies rallied on visibility. Order book growth supported positive sentiment.",MARKET_MOVEMENT
Real estate stocks show mixed performance on regional demand variations. Mumbai-focused developers outperformed while others lagged. Unsold inventory levels drove stock-specific moves.,MARKET_MOVEMENT
Nifty midcap index correction extends to 15% from peak levels. The segment faced steeper drawdown than large caps on risk aversion. Quality differentiation increased during the selloff.,MARKET_MOVEMENT
PSU bank stocks gain on improved asset quality and capital position. Government banks showed strength on NPA reduction and provision coverage. Valuations remained attractive compared to private peers.,MARKET_MOVEMENT
FMCG stocks underperform on volume growth moderation and margin pressure. Consumer staples faced headwinds from input costs and rural weakness. The defensive sector showed unusual underperformance.,MARKET_MOVEMENT
Auto stocks rally on strong monthly sales data across categories. Automobile companies gained on volume growth and market share performance. Electric vehicle segment showed accelerating contribution.,MARKET_MOVEMENT
Cement stocks surge on coordinated price hikes announced by industry leaders. The sector gained on improved margin outlook from pricing action. Demand visibility from infrastructure remained supportive.,MARKET_MOVEMENT
Economic growth maintains 7% trajectory in quarterly GDP estimate. The expansion showed resilience despite global headwinds affecting trade. Domestic consumption and investment drove the growth.,MACRO_ECONOMIC
GST collections sustain Rs 1.8 lakh crore monthly average pace. The indirect tax receipts reflected consumption strength and compliance. The trajectory supports fiscal revenue estimates.,MACRO_ECONOMIC
Foreign exchange reserves maintain comfortable level near $680 billion. The central bank's buffer provided stability during volatile periods. Import cover remained above ten months.,MACRO_ECONOMIC
Inflation moderates further to 4.3% providing monetary policy flexibility. The CPI reading within target band reduced rate hike pressure. Food inflation softening drove the improvement.,MACRO_ECONOMIC
Bank credit growth sustains at 14% indicating robust demand. The lending expansion reflected corporate and retail credit appetite. Deposit growth also showed healthy improvement.,MACRO_ECONOMIC
Industrial production growth maintains 6% pace on manufacturing. The IIP data showed steady expansion across sectors. Consumer durables and capital goods led the performance.,MACRO_ECONOMIC
Current account deficit narrows on services export strength. The external position improved as software and business services grew. Remittances also provided support to the balance.,MACRO_ECONOMIC
Direct tax collections grow 18% year-to-date on economic momentum. The buoyant revenue reflected formalization and compliance improvement. Corporate advance tax showed particular strength.,MACRO_ECONOMIC
Manufacturing PMI sustains above 55 indicating healthy expansion. The survey showed durable factory activity across segments. Export orders remained supportive backdrop for production.,MACRO_ECONOMIC
Trade deficit shows improvement trend as exports recover gradually. The merchandise trade gap narrowed on both volume and price effects. Non-oil exports showed encouraging signs.,MACRO_ECONOMIC
Consumer confidence maintains elevated levels despite inflation concerns. The household sentiment measure showed sustained optimism. The positive outlook supports consumption expenditure.,MACRO_ECONOMIC
Fiscal deficit trajectory remains consistent with consolidation roadmap. The government's revenue and expenditure showed improved management. The discipline reinforced macroeconomic credibility.,MACRO_ECONOMIC
Services sector growth remains strong at 7.2% in quarterly data. The dominant economic segment continued driving GDP expansion. Technology and financial services led sectoral growth.,MACRO_ECONOMIC
Private investment shows recovery signs in corporate capex data. Business spending intentions improved on demand visibility. The capital expenditure cycle supports growth momentum.,MACRO_ECONOMIC
Japanese yen volatility increases on intervention speculation amid weakness. The currency swung on BOJ comments about exchange rate levels. Carry trade unwinding fears added to uncertainty.,GEO_FINANCIAL
Crude oil prices trade in range between $75-85 on balanced forces. The energy benchmark found equilibrium amid conflicting factors. OPEC plus discipline balanced demand concerns.,GEO_FINANCIAL
Indian rupee appreciates to 82.50 against dollar on inflows. The currency strengthened on portfolio investment and exporters selling. RBI allowed appreciation while managing excessive volatility.,GEO_FINANCIAL
Gold prices maintain record levels above $2400 per ounce. The precious metal stayed elevated on haven demand and central bank buying. Inflation hedge appeal continued supporting prices.,GEO_FINANCIAL
Chinese yuan stabilizes around 7.2 level after extended weakness. The currency found footing as PBOC signaled comfort with level. Economic stimulus announcements improved sentiment.,GEO_FINANCIAL
Copper prices rally on electrification and AI datacenter demand outlook. The industrial metal gained on long-term structural consumption thesis. Supply constraints added to bullish price dynamics.,GEO_FINANCIAL
Brazilian real maintains strength on rate differential support. The currency stayed firm as Banco Central kept rates high. Inflation decline supported gradual rate normalization.,GEO_FINANCIAL
Natural gas prices spike in Europe on geopolitical supply concerns. The energy benchmark jumped on pipeline transit uncertainty. Storage levels provided some buffer against disruption.,GEO_FINANCIAL
Silver prices outpace gold on industrial demand acceleration. The precious metal gained on solar panel installation growth. Investment buying supplemented industrial consumption.,GEO_FINANCIAL
Turkish lira shows stability as inflation decline continues. The currency traded in range on improving macroeconomic outlook. High interest rates attracted carry trade flows.,GEO_FINANCIAL
Soybean prices rise on adverse South American weather concerns. The oilseed gained on drought affecting production regions. US harvest progress provided partial offset.,GEO_FINANCIAL
Indonesian rupiah appreciates on commodity export strength. The currency gained on palm oil and coal revenue flows. Current account improvement supported the rally.,GEO_FINANCIAL
Wheat prices decline on improved global supply availability. The grain fell as northern hemisphere harvests progressed well. Export corridor functioning reduced supply concerns.,GEO_FINANCIAL
Mexican peso strengthens on nearshoring investment momentum. The currency appreciated as manufacturing FDI continued strong. US-Mexico trade relationship remained supportive backdrop.,GEO_FINANCIAL
Order imposing trading ban on promoters for non-compliance with minimum public shareholding requirement. The company failed to achieve required public holding within extended timeline. Securities market debarment until compliance achieved.,SKIP
What are the benefits of investing through employee stock purchase plans offered by company? My employer offers ESPP with 15% discount. Is it worth participating given lock-in and tax implications?,SKIP
Appeal filed challenging SEBI order on penalty for violation of advertising guidelines. The mutual fund distributor disputes interpretation of code provisions. Stay application filed pending hearing.,SKIP
How should I invest lump sum of Rs 20 lakh received from property sale? I am 45 years old with 15 years to retirement. Should I invest all in equity or use asset allocation approach?,SKIP
Consent order passed accepting settlement terms for registered broker compliance violations. The applicant agreed to pay settlement charges of Rs 25 lakh. Matter concluded without admission of findings.,SKIP
Is it better to invest in gilt funds or banking and PSU debt funds for safety? I want to park Rs 30 lakh for 2 years with minimal risk. Interest rate outlook is uncertain currently.,SKIP
Notice issued to investment adviser for non-compliance with client onboarding requirements. Preliminary review shows inadequate risk profiling of clients. Response required within specified timeline.,SKIP
What should be the corpus target for retirement at age 60 with current expenses of Rs 1 lakh monthly? I need to plan for 25 years of retirement. How do I account for inflation?,SKIP
Order in matter of providing stock recommendations through social media without registration. Investigation revealed systematic tip provision to subscribers for fee. Penalty and securities market debarment imposed.,SKIP
How to claim insurance amount if policy is in joint names after death of one holder? My father's LIC policy was jointly held with mother who passed away. What documents are required?,SKIP
Final order confirming penalty in matter of delayed submission of financial statements by listed company. The company violated timeline requirements under listing regulations. Penalty imposed with direction for future compliance.,SKIP
What are the key factors to consider while selecting a term insurance policy online? I am 30 years old non-smoker with no health issues. Sum assured of Rs 1 crore seems adequate.,SKIP
Directions issued for submission of compliance report on investor grievance redressal. The registered entity must report monthly status of all complaints. Format and submission schedule specified in order.,SKIP
Should I invest in international equity funds for portfolio diversification as Indian investor? I have 100% exposure to Indian equities currently. What allocation to global markets is appropriate?,SKIP
Major earthquake measuring 6.5 strikes mountain region causing widespread destruction. Emergency response teams deployed to affected villages for rescue operations. International assistance being coordinated for relief efforts.,NON_FINANCE
Indian golfer wins maiden PGA Tour title in breakthrough performance. The victory marks first by Indian on prestigious American circuit. Global sports recognition grows for Indian golf talent.,NON_FINANCE
New technology hub inaugurated transforming city into IT destination. The infrastructure development attracted major technology companies to establish operations. Thousands of jobs created in the technology sector.,NON_FINANCE
Indian graphic novel receives international acclaim at comic convention. The work combining mythological themes with contemporary art gained global following. Film adaptation rights acquired by major studio.,NON_FINANCE
Conservation success story as river dolphin population shows recovery. The endangered species count increased significantly in latest census. Community involvement credited for habitat protection.,NON_FINANCE
Indian chef's restaurant receives second Michelin star in prestigious upgrade. The recognition reflects continued culinary excellence and innovation. Waiting list for reservations extends several months ahead.,NON_FINANCE
Major pharmaceutical company announces breakthrough cancer treatment results. Clinical trials showed significant improvement in patient survival rates. Regulatory fast-track approval being sought for the therapy.,NON_FINANCE
Traditional harvest festival celebration draws record tourist arrivals. The cultural event showcasing agricultural traditions became major attraction. Local economy benefits significantly from visitor spending.,NON_FINANCE
Indian origin executive appointed CEO of Fortune 100 technology company. The leadership appointment continues trend of Indian leaders in global business. Academic and professional journey inspires many followers.,NON_FINANCE
New ocean thermal power plant begins operations as renewable energy breakthrough. The facility generates electricity from temperature difference in sea water. Technology could provide round-the-clock clean power.,NON_FINANCE
Indian wrestler wins gold at Asian Games setting new tournament record. The dominant performance established India as wrestling powerhouse. Sports federation announces reward and training support.,NON_FINANCE
Major flooding disrupts life in several districts as monsoon intensifies. Rivers overflow banks inundating low-lying areas and farms. Relief camps established for displaced populations.,NON_FINANCE
Indian dance troupe receives standing ovation at prestigious international festival. The performance blending classical and contemporary styles captivated audience. World tour announced following successful premiere.,NON_FINANCE
Archaeological discovery reveals prehistoric human settlement in northern cave. The excavation yielded stone tools and artifacts dating back thousands of years. Research teams begin detailed analysis of findings.,NON_FINANCE
RBI releases circular on responsible lending practices for consumer credit products. The guidelines address concerns about aggressive marketing and over-indebtedness. Cooling-off period for certain loan products now mandatory.,FINANCE_POLICY
SEBI introduces framework for offering fractional shares to retail investors. The mechanism enables investment in high-priced stocks with smaller amounts. Technology and custody requirements specified for implementation.,FINANCE_POLICY
Government extends credit guarantee scheme benefits for micro enterprises. The enhanced coverage supports smallest business segment access to formal credit. The extension addresses persistent financing gap.,FINANCE_POLICY
RBI permits banks to offer green deposit products with earmarked use. The sustainable finance product requires disclosure of fund utilization. Consumer demand for ESG-aligned savings drives the innovation.,FINANCE_POLICY
SEBI mandates board-level cybersecurity expertise at listed companies. Directors with relevant experience required on audit or risk committees. The governance enhancement addresses growing cyber threats.,FINANCE_POLICY
Central bank announces framework for digital lending partnerships. The co-lending and outsourcing arrangements now require compliance with specific norms. Consumer protection embedded in the guidelines.,FINANCE_POLICY
IRDAI permits insurers to offer subscription-based micro insurance products. The innovative pricing model enables affordable coverage for gig workers. The flexibility addresses evolving employment patterns.,FINANCE_POLICY
SEBI streamlines delisting process for sick companies under insolvency. The expedited exit route supports resolution through bankruptcy proceedings. Minority shareholders protected through fair value mechanisms.,FINANCE_POLICY
RBI releases guidelines on outsourcing by payment system operators. Core activities and sensitive data handling require in-house management. Risk management requirements accompany the framework.,FINANCE_POLICY
Government announces sovereign wealth fund mandate for strategic investments. The vehicle will invest in infrastructure and technology sectors domestically. Long-term patient capital deployment objective specified.,FINANCE_POLICY
SEBI permits mutual funds to invest in commodity ETFs held offshore. The investment avenue provides exposure to global commodity prices. Eligibility and position limits specified in the guidelines.,FINANCE_POLICY
RBI enhances framework for consumer grievance redressal at banks. Escalation timelines and penalty provisions strengthened for complaints. Banking ombudsman scheme also updated.,FINANCE_POLICY
Central bank releases discussion paper on regulating buy now pay later products. The consultation seeks views on appropriate regulatory framework. Consumer protection and systemic risk considerations addressed.,FINANCE_POLICY
SEBI introduces sandbox for testing tokenization of securities. The regulatory framework allows experimenting with blockchain-based issuance. Innovation balanced with investor protection objectives.,FINANCE_POLICY
Bitcoin spot ETF total assets under management cross $100 billion milestone. The investment vehicles accumulated significant capital since launch. Institutional adoption through ETF format accelerated.,DIGITAL_ASSETS
Solana network processes 50 million daily transactions during activity surge. The high-throughput blockchain handled speculative trading volumes capably. Infrastructure resilience improved from earlier issues.,DIGITAL_ASSETS
Arbitrum ecosystem activity diversifies beyond DeFi into gaming. Layer 2 network attracted gaming studios building on-chain experiences. NFT and gaming tokens drove transaction activity growth.,DIGITAL_ASSETS
Ethereum gas fees remain low despite increased network activity. The EIP-4844 blob transactions reduced Layer 2 data posting costs. User experience improved significantly from fee reduction.,DIGITAL_ASSETS
Base blockchain by Coinbase becomes most active Layer 2 by transactions. The network benefited from exchange integration and onboarding. Social applications drove daily active users growth.,DIGITAL_ASSETS
Starknet ecosystem shows development momentum on Cairo language tooling. The ZK rollup attracted developers with improved development experience. Unique cryptographic approach enabled novel applications.,DIGITAL_ASSETS
Pendle yield trading volume exceeds $5 billion on restaking products. The protocol capturing yield market showed product-market fit. Points trading and fixed yields attracted sophisticated users.,DIGITAL_ASSETS
Uniswap maintains dominance as leading decentralized exchange by volume. The automated market maker processed trillions in cumulative volume. Protocol upgrades continued improving capital efficiency.,DIGITAL_ASSETS
Near Protocol positions for AI intersection with on-chain agent infrastructure. The blockchain enabled AI applications running autonomously. Developer interest grew for novel use case exploration.,DIGITAL_ASSETS
Sei blockchain v2 upgrade enables parallel EVM execution. The trading-focused chain added Ethereum compatibility layer. Application deployment simplified with dual execution environments.,DIGITAL_ASSETS
Aptos ecosystem growth attracts gaming and social applications. The Move-based Layer 1 showed strong developer adoption metrics. Token appreciation reflected improving network fundamentals.,DIGITAL_ASSETS
Blur continues dominating Ethereum NFT trading with trader incentives. The professional marketplace maintained market share through rewards. OpenSea competition intensified with feature matching.,DIGITAL_ASSETS
Manta Pacific TVL growth reflects privacy feature demand. The modular ZK chain carved niche in confidential applications. Identity and privacy use cases showed traction.,DIGITAL_ASSETS
Jupiter perps launch makes Solana leading perpetual trading venue. The DEX captured significant derivative volume on high-speed chain. Institutional API access enabled professional participation.,DIGITAL_ASSETS
Eigenlayer AVS ecosystem expands with multiple new services launching. The restaking infrastructure supported growing number of applications. Security guarantees enabled new protocol designs.,DIGITAL_ASSETS
SEBI approves cross-margining framework across exchange segments. The capital efficiency improvement benefits multi-product traders. Margin relief applies across equity and derivative positions.,MARKET_INFRASTRUCTURE
RBI launches instant cross-border payment corridor with additional countries. The bilateral UPI linkages enable real-time remittances. Transaction costs reduced significantly versus traditional channels.,MARKET_INFRASTRUCTURE
Corporate bond market trading platform sees institutional adoption surge. The electronic venue improved price discovery and execution quality. Bid-ask spreads narrowed substantially on competition.,MARKET_INFRASTRUCTURE
NSE achieves milestone of handling 50 million orders per day capacity. The exchange infrastructure supported peak trading volumes. Technology investment enabled scalability for growth.,MARKET_INFRASTRUCTURE
Government announces development of aircraft leasing hub at GIFT City. The infrastructure will support airplane financing and leasing operations. Tax incentives position India as regional hub.,MARKET_INFRASTRUCTURE
SEBI mandates real-time dissemination of off-market transactions data. The transparency measure applies to negotiated deals in securities. Market surveillance improves with faster information flow.,MARKET_INFRASTRUCTURE
RBI operationalizes trade repository for derivative transactions reporting. The centralized database improves systemic risk monitoring. All OTC derivatives require reporting to repository.,MARKET_INFRASTRUCTURE
Corporate debt market sees spread compression as liquidity improves. Credit spreads narrowed on better secondary market functioning. Investors found improved exit options for bond holdings.,MARKET_INFRASTRUCTURE
India INX extends product offerings to include structured products. The GIFT City exchange launches principal protected notes. International investors gain access to Indian equity exposure.,MARKET_INFRASTRUCTURE
NSDL implements instant transfer of securities across depositories. The interoperability improvement reduces settlement friction. Corporate actions processing also benefited from speed enhancement.,MARKET_INFRASTRUCTURE
SEBI permits alternative investment funds to act as anchor investors. The participation enables AIFs to support public issuances. Lock-in and disclosure requirements apply to the investment.,MARKET_INFRASTRUCTURE
BSE launches derivatives contracts on sectoral indices beyond existing offerings. The new products enable hedging of sector-specific exposure. Financial services and IT indices added.,MARKET_INFRASTRUCTURE
RBI pilots central bank digital currency for offline rural transactions. The CBDC variant works without internet connectivity. Financial inclusion extends to areas with poor network coverage.,MARKET_INFRASTRUCTURE
Commodity exchange launches derivatives on carbon credits after approval. The products enable price discovery and hedging for emissions. Corporate decarbonization drives demand for the market.,MARKET_INFRASTRUCTURE
Nifty 50 constituents report strong quarterly earnings beating expectations. Large cap profitability showed broad-based improvement. Margin expansion complemented healthy revenue growth.,MARKET_MOVEMENT
Banking stocks face pressure on concerns about unsecured loan quality. Credit card and personal loan delinquencies showed uptick. The caution emerged despite strong overall credit growth.,MARKET_MOVEMENT
IT sector shows resilience on deal pipeline visibility improvement. Technology services companies held up during market weakness. Dollar strength provided additional tailwind for exporters.,MARKET_MOVEMENT
Pharmaceutical stocks rally on FDA approval announcements. Drug makers gained on new molecule clearances for US market. Specialty portfolio strength drove stock-specific outperformance.,MARKET_MOVEMENT
Nifty breaks out to new all-time high above 25000 level. The milestone came on broad market participation. All sectoral indices contributed to the advance.,MARKET_MOVEMENT
Consumer discretionary stocks gain on strong festival season start. Retail and auto companies rallied on early sales data. Urban consumption showed particular strength.,MARKET_MOVEMENT
Metal stocks volatile on China demand signals and global prices. Steel and aluminum producers swung on economic data. Domestic demand remained supportive underlying factor.,MARKET_MOVEMENT
Infrastructure stocks maintain positive momentum on order visibility. Construction and capital goods companies rallied on booking. Government capex execution stayed strong.,MARKET_MOVEMENT
Real estate stocks outperform on improving sales velocity data. Developers gained on healthy pre-sales and collections. Launch pipeline remained robust across markets.,MARKET_MOVEMENT
Midcap stocks show recovery after extended correction phase. The segment bounced from oversold levels on value emergence. Quality names led the recovery selectively.,MARKET_MOVEMENT
PSU stocks attract attention on disinvestment and value themes. Government enterprise shares gained on strategic sale speculation. Improving profitability supported fundamental case.,MARKET_MOVEMENT
FMCG stocks underperform on continued rural demand weakness. Consumer goods companies faced volume challenges in hinterland. Input cost pressures added to margin concerns.,MARKET_MOVEMENT
Auto stocks rally on production and export growth data. Automobile companies gained on volume expansion across segments. Electric vehicle contribution showed acceleration.,MARKET_MOVEMENT
Defense stocks reach fresh record on order pipeline expansion. Indigenous manufacturers gained on government procurement push. Make in India benefits supported long-term outlook.,MARKET_MOVEMENT
GDP growth estimate revised upward to 7.6% for fiscal year. The economic expansion exceeded initial projections significantly. Strong consumption and investment drove the revision.,MACRO_ECONOMIC
GST collections sustain above Rs 1.8 lakh crore monthly average. The indirect tax strength reflected consumption and formalization. Compliance improvement contributed to buoyancy.,MACRO_ECONOMIC
Foreign exchange reserves remain stable near comfortable levels. The central bank buffer provided confidence against volatility. Import cover maintained double-digit months coverage.,MACRO_ECONOMIC
Inflation moderates to 4.2% within RBI target band comfortably. The CPI improvement provided monetary policy flexibility. Food price softening drove the decline.,MACRO_ECONOMIC
Bank credit growth sustains healthy pace of 15% expansion. The lending momentum reflected corporate and retail demand. Deposit growth also showed corresponding improvement.,MACRO_ECONOMIC
Industrial production maintains growth trajectory at 6.5% pace. The IIP data showed sustained manufacturing expansion. Consumer durables and capital goods performed well.,MACRO_ECONOMIC
Current account deficit remains manageable at 1.2% of GDP. The external position showed stability on services strength. Sustainable level reduced external vulnerability.,MACRO_ECONOMIC
Direct tax collections grow 20% year-to-date exceeding budget. The revenue buoyancy reflected economic formalization. Corporate advance tax showed particular strength.,MACRO_ECONOMIC
Manufacturing PMI remains in expansion zone at 56 level. The survey indicated healthy factory activity continuation. Export orders provided support to production.,MACRO_ECONOMIC
Trade deficit shows improving trend on export recovery. The merchandise gap narrowed as shipments increased. Electronics and engineering goods led exports.,MACRO_ECONOMIC
Consumer confidence maintains positive levels in survey data. Household sentiment showed sustained optimism about conditions. The outlook supports consumption expenditure.,MACRO_ECONOMIC
Fiscal deficit performance aligned with consolidation objectives. The government's revenue and expenditure showed discipline. The trajectory reinforced fiscal credibility.,MACRO_ECONOMIC
Services sector sustains strong growth at 7.5% rate. The dominant economic segment continued driving expansion. Technology and financial services led performance.,MACRO_ECONOMIC
Private capex shows revival in capacity utilization data. Business investment improved on demand visibility. The capital expenditure cycle supported growth.,MACRO_ECONOMIC
Dollar index strengthens on Fed rate expectations and haven flows. The broad currency measure gained versus all major peers. Emerging market currencies faced pressure.,GEO_FINANCIAL
Crude oil trades between $75-85 range on balanced factors. Energy prices found equilibrium amid offsetting forces. OPEC plus discipline balanced demand uncertainty.,GEO_FINANCIAL
Indian rupee trades stable near 83 level against dollar. The currency showed resilience compared to EM peers. RBI management and flows provided support.,GEO_FINANCIAL
Gold prices consolidate near record highs above $2400. Precious metal maintained levels on structural demand. Central bank buying and ETF flows supported.,GEO_FINANCIAL
Chinese yuan maintains stability around 7.2 dollar level. The currency steadied after period of weakness. Economic measures improved sentiment marginally.,GEO_FINANCIAL
Copper prices rally on green energy demand outlook. Industrial metal gained on electrification thesis. Supply constraints added to bullish dynamics.,GEO_FINANCIAL
Brazilian real holds strength on rate differential. Currency stayed firm on monetary policy stance. Inflation decline supported gradual normalization.,GEO_FINANCIAL
Natural gas prices volatile on weather and storage data. Energy commodity swung on seasonal factors. European supply concerns eased on inventory.,GEO_FINANCIAL
Silver outperforms gold on industrial demand strength. Precious metal gained on solar installations growth. Investment flows supplemented industrial needs.,GEO_FINANCIAL
Turkish lira maintains range as inflation declines. Currency traded stable on improving macro outlook. High rates continued attracting carry flows.,GEO_FINANCIAL
Agricultural commodity prices mixed on weather factors. Grain and oilseed prices swung on crop conditions. Regional variations drove differential movements.,GEO_FINANCIAL
Indonesian rupiah appreciates on commodity revenue flows. Currency gained on palm oil and coal exports. External surplus supported appreciation.,GEO_FINANCIAL
Wheat prices decline on favorable harvest progress. Grain fell as supply outlook improved globally. Northern hemisphere production exceeded expectations.,GEO_FINANCIAL
Mexican peso maintains strength on nearshoring theme. Currency appreciated on manufacturing investment flows. US-Mexico trade relationship remained supportive.,GEO_FINANCIAL
Order imposing penalty for non-compliance with disclosure requirements under insider trading regulations. The designated person failed to close trading window during UPSI possession. Penalty and warning issued.,SKIP
What is the difference between growth and value investing styles in mutual funds? I want to understand which approach suits my risk profile better. Can I combine both styles in portfolio?,SKIP
Appeal pending before tribunal on quantum of penalty imposed for compliance violations. The appellant seeks reduction citing mitigating circumstances. Next hearing scheduled for coming month.,SKIP
How to plan for child's education abroad requiring Rs 1 crore after 10 years? I can invest Rs 30000 monthly currently. Should I increase SIP annually to meet target?,SKIP
Consent order accepting settlement proposal for violation of merchant banker regulations. Applicant agreed to pay Rs 20 lakh settlement charges. Matter concluded without admission of liability.,SKIP
Is liquid fund better than savings account for emergency fund parking? I want instant access to Rs 5 lakh emergency corpus. What are tax implications of liquid fund redemption?,SKIP
Notice issued to stock broker for non-compliance with margin collection requirements. Preliminary review shows shortfall in upfront margin collection. Response required within stipulated timeline.,SKIP
What are the advantages of new pension system over employee provident fund for private sector employee? I am 28 years old with option to choose between the two.,SKIP
Order in matter of providing investment advice through unregistered platform. Investigation revealed tip provision to subscribers for fee without registration. Securities market debarment imposed.,SKIP
"How should retired person structure withdrawals from multiple investment sources? I have Rs 50 lakh each in EPF, PPF, mutual funds and fixed deposits. What sequence minimizes taxes?",SKIP
Final order confirming penalty for failure to segregate client collateral as required. The broker commingled proprietary and client assets violating regulations. Suspension and monetary penalty imposed.,SKIP
What factors should I consider while selecting international equity fund for diversification? I have zero global exposure currently. Country-specific or diversified global fund better?,SKIP
Directions issued for compliance with enhanced surveillance requirements. The registered entity must implement specified monitoring systems. Timeline of 90 days provided for completion.,SKIP
Should I break old ULIP policy with low returns or continue for few more years? Policy has completed 8 years with fund value below premiums paid. Surrender charges still apply.,SKIP
Historic monument restoration project completed preserving centuries-old architecture. The conservation effort used traditional materials and techniques. Public access resumes after successful completion ceremony.,NON_FINANCE
Indian sprinter sets new national record in 200 meters race at nationals. The performance brings qualification standards within reach for global events. Athletics federation announces enhanced training support.,NON_FINANCE
New solar power plant begins operations as country's largest installation. The project generates enough electricity for half million households annually. Clean energy capacity addition accelerates toward targets.,NON_FINANCE
Indian documentary exploring environmental challenges receives international recognition. The film highlighting climate change impacts screened at major festivals. Distribution deals finalized for global audience reach.,NON_FINANCE
Archaeological survey discovers ancient Buddhist monastery in eastern region. The excavation revealed meditation halls and residential structures. Artifacts provide insights into religious practices centuries ago.,NON_FINANCE
Indian para-swimmer wins medal at World Championships in historic performance. The achievement marks first podium finish in the event by Indian. Recognition brings attention to para-sports development needs.,NON_FINANCE
Major technology company announces semiconductor manufacturing facility in India. The plant will produce chips for consumer electronics applications. Investment exceeds Rs 50000 crore with employment for thousands.,NON_FINANCE
New tuberculosis treatment protocol shows improved patient outcomes in trials. The shorter regimen reduces treatment duration and side effects. Global health organizations recommend adoption in guidelines.,NON_FINANCE
Indian classical music performance at UNESCO headquarters receives standing ovation. The cultural diplomacy event showcased musical heritage to global audience. Similar programs planned in other countries.,NON_FINANCE
Wildlife sanctuary expansion protects critical elephant corridor for migration. The increased protected area ensures safe passage between forest zones. Local communities compensated and involved in conservation.,NON_FINANCE
Indian origin scientist wins prestigious international research fellowship. The recognition supports groundbreaking work in quantum physics. Research collaboration opportunities expand globally.,NON_FINANCE
Cyclone alert issued for coastal regions as storm system approaches. Fishing operations suspended and residents advised to stay prepared. Emergency response teams positioned for rapid deployment.,NON_FINANCE
Indian animation studio's film selected for international competition screening. The indigenous production showcases traditional storytelling with modern technology. Industry recognition validates creative capabilities.,NON_FINANCE
Major rail freight corridor completion doubles cargo capacity on route. The infrastructure transforms logistics economics for industries along path. Shipping costs reduce significantly for manufacturers.,NON_FINANCE
RBI announces pilot program for wholesale central bank digital currency expansion. The W-CBDC trial includes more banks and transaction types. Settlement efficiency for large value transactions improves significantly.,FINANCE_POLICY
SEBI mandates stress testing framework for mutual fund schemes quarterly. The scenarios include interest rate and credit event simulations. Investor disclosure of results improves risk awareness.,FINANCE_POLICY
Government extends emergency credit facility for pandemic-affected tourism sector. Hotels and travel companies access guaranteed loans for recovery support. The extension addresses persistent business challenges.,FINANCE_POLICY
RBI permits interoperability among prepaid payment instruments across providers. Wallet-to-wallet transfers now possible between different fintech platforms. Consumer convenience improves significantly on the reform.,FINANCE_POLICY
SEBI introduces cooling-off period for high-risk investment product purchases. Retail investors get three-day window to reconsider complex investments. Consumer protection enhanced through the waiting period.,FINANCE_POLICY
Central bank releases enhanced guidelines on assessment of willful defaulters. The framework clarifies criteria and appeal mechanisms for classification. Due process requirements strengthened in the guidelines.,FINANCE_POLICY
IRDAI permits insurers to offer telemedicine consultations as part of health policies. The coverage expansion improves healthcare access for policyholders. Digital-first delivery model enabled by the regulation.,FINANCE_POLICY
SEBI permits alternative investment funds to participate in repo markets. The treasury management flexibility improves fund liquidity management. Risk controls and eligibility criteria apply to participation.,FINANCE_POLICY
RBI announces framework for resolution of failed payment transactions within deadline. Automatic reversal requirements ensure quick resolution of stuck payments. Consumer experience in digital payments improves.,FINANCE_POLICY
Government notifies incentives for manufacturing of active pharmaceutical ingredients domestically. The PLI scheme supports API production to reduce import dependence. Healthcare supply chain security objectives addressed.,FINANCE_POLICY
SEBI mandates annual self-certification by listed companies on corporate governance. The compliance confirmation improves accountability on governance practices. False certification carries penalties under the framework.,FINANCE_POLICY
RBI releases comprehensive guidelines on data localization for payment systems. All transaction data must be stored within India under the framework. Cross-border data transfer restrictions also specified.,FINANCE_POLICY
Central bank permits urban cooperative banks to participate in TReDS platform. Small businesses gain broader access to invoice financing through UCBs. Financial inclusion in trade finance expands significantly.,FINANCE_POLICY
SEBI introduces framework for corporate debt ETFs investing in green bonds. The products provide exposure to sustainable debt instruments. ESG-focused investors gain access through exchange-traded format.,FINANCE_POLICY
Bitcoin spot ETF daily inflows reach record $1 billion on institutional demand. The investment vehicles attracted capital at unprecedented pace. Asset allocation shifts toward crypto exposure accelerated.,DIGITAL_ASSETS
Solana ecosystem TVL recovers past $10 billion on broad DeFi growth. The high-speed blockchain showed resilient development activity. Liquid staking and lending protocols drove expansion.,DIGITAL_ASSETS
Arbitrum maintains dominant position among Ethereum Layer 2 networks by TVL. The optimistic rollup captured largest share of L2 capital. Developer ecosystem remained active with new protocol launches.,DIGITAL_ASSETS
Ethereum staking ratio reaches 30% of total supply milestone. The proof-of-stake network showed growing participation in validation. Liquid staking protocols dominated the stake composition.,DIGITAL_ASSETS
Base network transaction counts exceed combined activity of other L2s briefly. The Coinbase-backed chain benefited from seamless onboarding. Social applications drove daily active users growth.,DIGITAL_ASSETS
Scroll achieves full decentralization milestone with permissionless sequencing. The zkEVM improved censorship resistance through sequencer set expansion. Developer adoption showed corresponding increase.,DIGITAL_ASSETS
Jupiter DEX aggregator captures 80% of Solana trading volume consistently. The dominant position reflected superior routing and experience. Perpetual exchange added new revenue diversification.,DIGITAL_ASSETS
Eigenlayer restaking TVL exceeds $20 billion as mainnet matures. The protocol enabled yield stacking through restaked security. AVS ecosystem expanded with multiple applications launching.,DIGITAL_ASSETS
Ondo Finance tokenized securities AUM reaches $1 billion milestone. The real-world asset protocol showed institutional adoption growth. Treasury bill products dominated the assets under management.,DIGITAL_ASSETS
Pendle Finance becomes leading protocol for yield tokenization market. The platform captured sophisticated DeFi user demand. Points trading and fixed yields attracted capital.,DIGITAL_ASSETS
Lido maintains largest liquid staking market share despite concentration concerns. The protocol processed billions in staked ETH deposits. Governance discussions continued on growth limitations.,DIGITAL_ASSETS
Blast L2 network launches with high-yield native ETH staking feature. The yield-bearing approach attracted deposits rapidly. Sustainability of yield source questioned by observers.,DIGITAL_ASSETS
Aave deploys on additional networks expanding multichain lending presence. The DeFi protocol maintained leading position in lending. Cross-chain deployment added to total value locked.,DIGITAL_ASSETS
Chainlink CCIP adoption grows as standard for cross-chain messaging. The oracle network infrastructure secured billions in transfers. Enterprise partnerships validated technical architecture.,DIGITAL_ASSETS
Raydium reclaims top DEX position on Solana with concentrated liquidity. The automated market maker improved capital efficiency. Memecoin trading drove significant volume capture.,DIGITAL_ASSETS
SEBI permits pre-open session extension for derivatives market. The longer price discovery window improves opening prices. International market movements better reflected in opening.,MARKET_INFRASTRUCTURE
RBI launches unified collateral management system for repo operations. The centralized infrastructure improves efficiency of liquidity operations. Banks benefit from consolidated collateral view.,MARKET_INFRASTRUCTURE
Corporate bond market turnover reaches milestone on improved liquidity. The secondary trading activity showed sustained improvement. Market making and RFQ adoption drove volumes.,MARKET_INFRASTRUCTURE
NSE implements new surveillance technology using machine learning algorithms. The AI system detects manipulation patterns more effectively. Investigation efficiency improves on automated flagging.,MARKET_INFRASTRUCTURE
Government announces framework for commodity spot exchange development. The nationwide platform enables transparent agricultural trading. Farmers gain access to competitive price discovery.,MARKET_INFRASTRUCTURE
SEBI mandates standardized bond terms to improve fungibility. The uniform covenants enable easier trading of corporate debt. Secondary market liquidity expected to improve.,MARKET_INFRASTRUCTURE
RBI operationalizes 24x7 interbank rupee settlement system. The round-the-clock facility supports continuous forex settlement. International transaction timing constraints ease significantly.,MARKET_INFRASTRUCTURE
Corporate debt market sees retail participation increase significantly. Individual investors accessed bonds through platforms and ETFs. The democratization of fixed income investing accelerated.,MARKET_INFRASTRUCTURE
India INX derivatives volumes reach new daily record. The GIFT City exchange saw strong international participation. Product diversity attracted varied trading strategies.,MARKET_INFRASTRUCTURE
NSDL achieves straight-through processing for all corporate actions. The automation reduces settlement delays and errors. Investor experience improves on faster processing.,MARKET_INFRASTRUCTURE
SEBI approves gold exchange operations with physical settlement option. The platform enables transparent spot gold trading. Retail investors access gold investment conveniently.,MARKET_INFRASTRUCTURE
BSE implements enhanced market surveillance for circuit limit stocks. The monitoring covers stocks approaching price bands. Manipulation detection improves near limit movements.,MARKET_INFRASTRUCTURE
RBI extends central bank digital currency to include merchant payments. The retail CBDC trial covers point-of-sale transactions. Consumer adoption grows on wider acceptance.,MARKET_INFRASTRUCTURE
Commodity exchange launches derivatives on steel futures contracts. The hedging products serve industrial buyers and sellers. Price risk management tools expand for sector.,MARKET_INFRASTRUCTURE
Nifty breaks through 26000 level for first time in milestone advance. The index rally came on broad participation across sectors. Strong earnings and flows supported the move.,MARKET_MOVEMENT
Banking sector shows mixed performance on credit quality concerns. Private banks held up while PSU peers faced pressure. Unsecured lending delinquencies watched closely.,MARKET_MOVEMENT
IT stocks gain on rupee weakness and improved deal commentary. Technology services companies rallied on export tailwinds. Order pipeline showed encouraging signs in discussion.,MARKET_MOVEMENT
Pharmaceutical stocks face pressure on US pricing legislation fears. Generic exporters declined on policy uncertainty ahead. Specialty segment showed relative resilience.,MARKET_MOVEMENT
Consumer discretionary stocks rally on festive demand strength. Retail and auto companies gained on sales data. Urban markets showed particular buoyancy.,MARKET_MOVEMENT
Metal stocks volatile on China data and global price movements. Steel and aluminum producers swung on economic signals. Domestic demand provided underlying support.,MARKET_MOVEMENT
Infrastructure stocks maintain leadership on capex execution. Construction and engineering companies rallied on orders. Government spending remained on track.,MARKET_MOVEMENT
Real estate stocks surge on sales velocity improvement data. Developers gained on strong pre-sales across markets. Launch pipeline remained robust.,MARKET_MOVEMENT
Nifty midcap index outperforms large caps for extended period. The segment attracted flows seeking growth at value. Quality differentiation remained important.,MARKET_MOVEMENT
PSU bank stocks rally on recapitalization and reform hopes. Government banks gained on improving outlook. Asset quality improvement supported case.,MARKET_MOVEMENT
FMCG stocks show stability as defensive play during volatility. Consumer staples held value during market weakness. Rural recovery signs provided optimism.,MARKET_MOVEMENT
Auto stocks extend gains on production and export data. Automobile companies rallied on volume growth. Electric vehicle contribution showed acceleration.,MARKET_MOVEMENT
Defense stocks reach new highs on order book visibility. Indigenous manufacturers gained on procurement news. Make in India theme supported sentiment.,MARKET_MOVEMENT
Cement stocks rally on price increases and demand strength. Sector gained on improved margin outlook. Infrastructure demand remained supportive.,MARKET_MOVEMENT
Economic growth exceeds expectations at 7.8% in quarterly data. The expansion showed resilience amid global uncertainty. Investment and consumption both contributed.,MACRO_ECONOMIC
GST collection reaches new monthly record of Rs 2 lakh crore. The indirect tax strength reflected economic momentum. Compliance and consumption both supported.,MACRO_ECONOMIC
Foreign exchange reserves approach $700 billion comfort level. The central bank buffer provided stability confidence. Import cover exceeded eleven months.,MACRO_ECONOMIC
Inflation remains within target at 4.1% in monthly reading. The CPI showed well-controlled price pressures. Food and fuel both showed moderation.,MACRO_ECONOMIC
Bank credit growth maintains 14% healthy expansion pace. The lending momentum reflected demand strength. Corporate and retail both contributed.,MACRO_ECONOMIC
Industrial production growth sustains at 7% trajectory. The IIP data showed manufacturing momentum. Capital goods led the performance.,MACRO_ECONOMIC
Current account shows small surplus on services strength. The external position improved significantly. Software exports drove the turnaround.,MACRO_ECONOMIC
Direct tax collections surpass budget estimates substantially. The revenue buoyancy reflected formalization. Corporate taxes showed particular strength.,MACRO_ECONOMIC
Manufacturing PMI reaches 58 indicating robust expansion. The survey showed accelerating factory activity. New orders drove the improvement.,MACRO_ECONOMIC
Trade deficit narrows on export growth acceleration. The merchandise gap contracted favorably. Engineering goods led shipments.,MACRO_ECONOMIC
Consumer confidence reaches multi-year high in survey. Household sentiment showed sustained optimism. The outlook supports spending growth.,MACRO_ECONOMIC
Fiscal performance better than roadmap expectations. Government finances showed discipline. Revenue buoyancy supported consolidation.,MACRO_ECONOMIC
Services sector maintains 8% growth momentum. The dominant segment drove expansion. Technology and finance led performance.,MACRO_ECONOMIC
Private investment shows sustained revival trend. Business capex improved visibly. The cycle supports growth outlook.,MACRO_ECONOMIC
Dollar strength continues on Fed rate expectations. The currency gained broadly against peers. EM currencies faced pressure.,GEO_FINANCIAL
Oil prices find support above $80 per barrel level. Energy benchmark stabilized on OPEC discipline. Demand concerns balanced by supply management.,GEO_FINANCIAL
Rupee trades steady near 83 against dollar level. The currency showed resilience versus peers. RBI management supported stability.,GEO_FINANCIAL
Gold prices hold near record above $2400 level. Precious metal maintained on demand factors. Central bank buying and haven flows continued.,GEO_FINANCIAL
Yuan stabilizes around 7.1 level versus dollar. Chinese currency found equilibrium after moves. Economic measures supported sentiment.,GEO_FINANCIAL
Copper prices rally on green demand expectations. Industrial metal gained on structural thesis. Supply tightness added support.,GEO_FINANCIAL
Real maintains appreciation on Brazil rate stance. Currency strengthened on monetary policy. Inflation decline supported normalization.,GEO_FINANCIAL
Natural gas prices volatile on seasonal factors. Energy commodity swung on weather data. Storage levels influenced movements.,GEO_FINANCIAL
Silver prices gain on industrial demand growth. Precious metal rallied on solar installations. Investment buying supplemented demand.,GEO_FINANCIAL
Lira stability continues as Turkey inflation eases. Currency held range on improving outlook. High rates attracted carry interest.,GEO_FINANCIAL
Soybean prices mixed on harvest weather factors. Oilseed swung on crop condition reports. Regional variations drove movement.,GEO_FINANCIAL
Rupiah appreciates on commodity export strength. Indonesian currency gained on revenues. Trade surplus supported movement.,GEO_FINANCIAL
Wheat prices decline on supply improvement. Grain fell as harvest progressed well. Global availability concerns eased.,GEO_FINANCIAL
Peso strength continues on nearshoring flows. Mexican currency appreciated on FDI. Manufacturing investment remained strong.,GEO_FINANCIAL
Order imposing penalty for violation of securities regulations related to market manipulation. Investigation revealed coordinated trading to artificially influence prices. Disgorgement and debarment ordered.,SKIP
What is the best approach for asset allocation between equity and debt at age 50? I have accumulated Rs 2 crore and want to protect capital while earning reasonable returns.,SKIP
Appeal pending on quantum of penalty imposed for compliance violations under listing regulations. The appellant seeks reduction citing first-time violation status. Hearing scheduled for next month.,SKIP
How to evaluate performance of my mutual fund portfolio correctly? I have multiple funds across categories. What benchmarks should I use for comparison and how often?,SKIP
Consent order accepting settlement terms for broker compliance violations. The applicant paid Rs 30 lakh settlement charges without admission. Compliance improvements mandated within timeline.,SKIP
Is recurring deposit better than SIP in debt fund for short-term savings goal? I want to save Rs 50000 monthly for 2 years. Safety and returns both important considerations.,SKIP
Notice issued to registered investment adviser for inadequate disclosure of conflicts. Preliminary review shows non-disclosure of commission arrangements. Response required within stipulated time.,SKIP
What are the key considerations for selecting target maturity debt funds? I want to match my investment horizon with fund maturity. Are these better than open-ended debt funds?,SKIP
Order in matter of circular trading to create artificial volume in illiquid scrip. Connected entities executed matched trades without genuine change in ownership. Penalty and debarment imposed.,SKIP
"How to structure estate planning with investments in different names and types? I have properties, mutual funds, fixed deposits and insurance. What is most tax-efficient transfer approach?",SKIP
Final order confirming disgorgement of unfair gains from front running client orders. The dealer traded ahead of large institutional orders systematically. Securities market ban also imposed.,SKIP
What factors determine whether to choose regular or direct plan of mutual funds? I currently invest through distributor. Will switching to direct plans improve my returns significantly?,SKIP
Directions issued for enhanced compliance monitoring by registered intermediary. The entity must submit periodic reports on specified parameters. Immediate implementation required.,SKIP
Should I maintain separate emergency fund or use credit line facility as backup? I have credit card with Rs 5 lakh limit. Is this sufficient emergency cushion or need liquid investments?,SKIP
Historic library restoration completes preserving rare manuscript collection. The conservation project protected centuries-old documents from deterioration. Digital archive created for public access.,NON_FINANCE
Indian swimmer qualifies for Olympics setting new national record in trials. The performance in qualifying event secured berth for Paris Games. Systematic training program credited for improvement.,NON_FINANCE
New renewable energy project achieves grid parity without subsidies. The solar facility generates electricity at cost competitive with fossil fuels. Clean energy economics transformation demonstrated.,NON_FINANCE
Indian documentary on ocean conservation wins international environmental award. The film highlighting marine ecosystem threats received jury recognition. Global streaming distribution reached wide audience.,NON_FINANCE
Archaeological excavation reveals ancient surgical instruments at hospital site. The artifacts provide evidence of advanced medical practices in ancient India. Research papers published in academic journals.,NON_FINANCE
Indian para-athlete breaks world record at global championships. The extraordinary performance earned gold medal in track event. Sports minister announces enhanced support and recognition.,NON_FINANCE
Major automobile company announces electric vehicle manufacturing plant. The facility will produce batteries and EVs for domestic and export markets. Investment exceeds Rs 30000 crore over five years.,NON_FINANCE
New tuberculosis diagnostic test shows improved accuracy in field trials. The rapid detection method works in resource-limited settings effectively. WHO evaluation underway for global recommendation.,NON_FINANCE
Indian folk music ensemble performs at prestigious international festival. The traditional compositions received standing ovation from diverse audience. World tour planned following successful premiere.,NON_FINANCE
Tiger reserve expansion connects two protected areas for wildlife corridor. The increased habitat ensures genetic diversity through animal movement. Community involvement enhanced conservation outcomes.,NON_FINANCE
Indian mathematician wins prestigious Fields Medal for number theory work. The recognition honors breakthrough contributions to the discipline. Academic institutions worldwide seek collaboration.,NON_FINANCE
Severe heat wave disrupts outdoor work and school schedules across region. Temperatures exceeding 45 degrees prompted health advisories. Industrial and construction activities shifted to cooler hours.,NON_FINANCE
Indian startup's drone delivery service receives regulatory approval for operations. The technology enables medical supply transport to remote locations. Rural healthcare access improves significantly.,NON_FINANCE
Major infrastructure project connects remote northeast to rest of country. The tunnel and bridge network reduces travel time dramatically. Economic development opportunities expand for the region.,NON_FINANCE
RBI introduces framework for responsible innovation in financial technology. The guidelines balance promoting innovation with protecting consumers. Regulatory sandbox provisions enable testing of new products.,FINANCE_POLICY
SEBI mandates independent board assessment for listed companies annually. The evaluation process includes both self and peer assessment components. Governance improvement through structured review mechanism.,FINANCE_POLICY
Government extends tax holiday for units operating in special economic zones. The benefits continuation provides policy stability for exporters. Employment and investment targets also extended.,FINANCE_POLICY
RBI permits banks to use AI for credit underwriting with safeguards. The framework allows automated loan decisions with fairness requirements. Human oversight mandated for adverse decisions.,FINANCE_POLICY
SEBI introduces framework for regulated market makers in debt segment. The mandatory two-way quotes improve bond market liquidity. Incentives and obligations specified for market makers.,FINANCE_POLICY
Central bank releases enhanced guidelines on digital payment fraud prevention. Multi-factor authentication requirements strengthened for all transactions. Consumer liability limits clearly defined.,FINANCE_POLICY
IRDAI mandates standardized claim settlement process across insurers. The uniform procedures improve policyholder experience consistency. Turnaround time requirements tightened significantly.,FINANCE_POLICY
SEBI permits direct participation of non-residents in commodity derivatives. International hedgers can access Indian commodity markets directly. Position limits and documentation requirements specified.,FINANCE_POLICY
RBI announces framework for regulating third-party payment app providers. The guidelines cover data security and consumer protection aspects. Registration requirements specified for app operators.,FINANCE_POLICY
"Government notifies comprehensive framework for digital lending ecosystem. The rules cover lenders, platforms, and service providers comprehensively. Consumer rights and transparency provisions embedded.",FINANCE_POLICY
SEBI mandates ESG-related risk disclosure by mutual fund schemes. Funds must reveal exposure to climate and social risks. Investor awareness on sustainability factors improves.,FINANCE_POLICY
RBI permits resident Indians to invest in overseas startups through LRS. The liberalization enables participation in global venture opportunities. Documentation and reporting requirements simplified.,FINANCE_POLICY
Central bank introduces framework for regulating distributed ledger technology in finance. The guidelines cover tokenization and smart contract applications. Innovation balanced with risk management requirements.,FINANCE_POLICY
SEBI streamlines AIF compliance requirements for smaller fund managers. The proportionate regulation reduces burden on emerging managers. Growth-stage fund ecosystem development supported.,FINANCE_POLICY
Bitcoin price volatility decreases as market matures with ETF trading. The institutional products provided steady buying reducing swings. Options market implied volatility showed corresponding decline.,DIGITAL_ASSETS
Solana validator count reaches 2000 milestone improving decentralization. The network showed improving geographic distribution of nodes. Nakamoto coefficient improved on validator diversity.,DIGITAL_ASSETS
Arbitrum BOLD upgrade improves dispute resolution for rollup security. The interactive fraud proof system enhanced challenge mechanism. Security properties strengthened through technical upgrade.,DIGITAL_ASSETS
Ethereum blob space utilization reaches 80% after Dencun upgrade. The data availability layer showed growing adoption by rollups. Layer 2 costs remained substantially lower than mainnet.,DIGITAL_ASSETS
Base network becomes first Coinbase on-chain initiative to achieve scale. The L2 integration with exchange drove user onboarding. Smart wallet features simplified crypto access.,DIGITAL_ASSETS
Optimism superchain expands with additional rollups joining ecosystem. The shared sequencing and interoperability attracted projects. Resource sharing reduced costs for participants.,DIGITAL_ASSETS
Uniswap v4 launch introduces customizable pool logic through hooks. The upgrade enabled novel AMM designs and features. Developer creativity unlocked new possibilities.,DIGITAL_ASSETS
Eigenlayer AVS ecosystem launches first active validator services. The restaked security model proved viable in production. Additional yield for ETH stakers realized.,DIGITAL_ASSETS
Maker transforms into SKY brand with major protocol overhaul. The rebranding accompanied structural changes to operations. Governance decentralization continued evolving.,DIGITAL_ASSETS
Pyth Network oracle feeds deployed across 50 blockchain networks. The high-fidelity price data reached broad multichain coverage. DeFi protocol integrations drove adoption.,DIGITAL_ASSETS
Jito MEV protocol distributes significant returns to liquid stakers. The Solana MEV extraction shared profits with stakers. TVL growth reflected attractive yield proposition.,DIGITAL_ASSETS
Blur maintains NFT marketplace leadership through continuous innovation. The professional trading features attracted active collectors. Seasonal incentive programs drove volume.,DIGITAL_ASSETS
Ondo tokenized treasuries become largest RWA category on-chain. The real-world asset protocol showed product-market fit. Institutional demand for yield drove growth.,DIGITAL_ASSETS
Hyperliquid perpetual exchange reaches $200 million daily volume. The orderbook DEX showed organic growth without tokens. Professional traders adopted for on-chain derivatives.,DIGITAL_ASSETS
Celestia modular thesis validated by growing rollup adoption. The data availability layer processed increasing blob volumes. Modular blockchain architecture gained traction.,DIGITAL_ASSETS
SEBI approves extended trading hours for commodity derivatives segment. The longer session aligns with global market timings. International price discovery improves.,MARKET_INFRASTRUCTURE
RBI launches common standards for QR code-based payments nationwide. The interoperability enables seamless merchant payments. Consumer experience improves significantly.,MARKET_INFRASTRUCTURE
Corporate bond secondary trading hits record monthly turnover. The improved liquidity reflected market development efforts. Institutional trading activity increased substantially.,MARKET_INFRASTRUCTURE
NSE achieves highest daily options trading volume globally briefly. The derivatives activity reached unprecedented levels. Retail participation drove the volume surge.,MARKET_INFRASTRUCTURE
Government announces framework for international debt gateway at GIFT. The infrastructure enables foreign issuers to raise rupee debt. Global capital access for Indian market improves.,MARKET_INFRASTRUCTURE
SEBI permits perpetual bonds issuance by Indian corporates. The instrument expands long-term funding options. Financial institutions expected as early adopters.,MARKET_INFRASTRUCTURE
RBI operationalizes common application processing for bank accounts. The unified infrastructure simplifies account opening. Multiple bank comparison enabled for customers.,MARKET_INFRASTRUCTURE
Corporate bond yield curve extends to 30-year maturity point. The long-duration benchmark enables better price discovery. Pension and insurance investors benefit from reference.,MARKET_INFRASTRUCTURE
India INX reaches $300 billion cumulative trading milestone. The international exchange showed strong growth trajectory. Product and participant diversity drove volumes.,MARKET_INFRASTRUCTURE
NSDL implements instant mutation of securities on inheritance. The faster processing reduces settlement delays for transmission. Heir experience improves on automation.,MARKET_INFRASTRUCTURE
SEBI approves sustainability-linked bonds framework for corporates. The instruments tie pricing to ESG performance metrics. Green finance market development accelerates.,MARKET_INFRASTRUCTURE
BSE completes technology upgrade for faster order matching. The infrastructure investment reduces latency significantly. Competitive positioning versus NSE improves.,MARKET_INFRASTRUCTURE
RBI expands central bank digital currency to government subsidy disbursement. The direct transfer to CBDC wallets improves efficiency. Leakage in welfare payments reduces.,MARKET_INFRASTRUCTURE
Commodity exchange launches derivatives on lithium and rare earths. The hedging products serve EV and tech supply chains. Strategic commodity price discovery improves.,MARKET_INFRASTRUCTURE
Nifty 50 quarterly earnings show sustained double-digit growth. Large cap profitability maintained healthy momentum. Broad-based performance across sectors observed.,MARKET_MOVEMENT
Banking index reaches new high on improving credit growth data. Financial stocks rallied on loan demand visibility. Asset quality concerns showed signs of stabilizing.,MARKET_MOVEMENT
IT stocks outperform as rupee weakness aids export competitiveness. Technology services companies benefited from currency movement. Deal momentum showed encouraging trends.,MARKET_MOVEMENT
Pharmaceutical sector shows recovery on regulatory clarity improvement. Drug makers gained as FDA concerns eased selectively. Export market outlook brightened.,MARKET_MOVEMENT
Consumer discretionary stocks surge on strong retail sales data. Retail and auto companies rallied on demand strength. Urban markets showed particular resilience.,MARKET_MOVEMENT
Metal stocks correct from highs on profit booking pressure. Steel and aluminum producers gave up gains. China demand outlook remained mixed factor.,MARKET_MOVEMENT
Infrastructure stocks maintain positive trajectory on execution. Capital goods and construction rallied on orders. Government spending provided visibility.,MARKET_MOVEMENT
Real estate stocks gain on sales momentum continuation. Developers rallied on pre-sales across markets. Inventory levels showed improvement.,MARKET_MOVEMENT
Midcap index shows relative strength during market consolidation. The segment outperformed on selective stock gains. Quality focus drove differential performance.,MARKET_MOVEMENT
PSU stocks attract value-seeking investors on attractive valuations. Government enterprises gained on re-rating theme. Dividend yields provided additional attraction.,MARKET_MOVEMENT
FMCG stocks stabilize after period of underperformance. Consumer staples found support on defensive appeal. Rural recovery signs provided optimism.,MARKET_MOVEMENT
Auto stocks continue momentum on production data strength. Automobile companies gained on volume growth. Electric vehicle segment accelerated.,MARKET_MOVEMENT
Defense stocks maintain elevated levels on order flow news. Indigenous manufacturers stayed strong on visibility. Long-term demand outlook remained robust.,MARKET_MOVEMENT
Cement stocks rally on demand strength and pricing power. Sector gained on margin improvement prospects. Infrastructure drive supported volumes.,MARKET_MOVEMENT
GDP growth maintains strong trajectory exceeding expectations. The economy showed resilience amid global uncertainties. Broad-based expansion across sectors continued.,MACRO_ECONOMIC
GST collection consistency reflects economic formalization gains. The revenue momentum sustained on compliance improvement. Digital infrastructure reduced evasion.,MACRO_ECONOMIC
Foreign exchange reserves provide comfortable external cushion. The buffer against volatility remained adequate. Import cover stayed above ten months.,MACRO_ECONOMIC
Inflation stays anchored within RBI target band consistently. The price stability supported consumer confidence. Food and fuel showed contained pressures.,MACRO_ECONOMIC
Bank credit growth reflects investment and consumption demand. The lending expansion indicated economic momentum. Both corporate and retail segments contributed.,MACRO_ECONOMIC
Industrial production growth shows manufacturing sector strength. The factory output data indicated healthy expansion. Capital goods performance stood out.,MACRO_ECONOMIC
External balance sheet shows stability on services strength. The current account remained in sustainable range. Software and business services drove receipts.,MACRO_ECONOMIC
Direct tax collection buoyancy exceeds revenue department estimates. The formalization benefits continued materializing. Corporate advance tax showed strength.,MACRO_ECONOMIC
PMI readings indicate continued manufacturing expansion. The survey data showed healthy factory activity. New orders drove production growth.,MACRO_ECONOMIC
Trade dynamics show gradual improvement in merchandise balance. The deficit narrowed on export recovery. Engineering goods shipments increased.,MACRO_ECONOMIC
Consumer sentiment survey indicates optimistic household expectations. The confidence measure supported consumption outlook. Income and employment expectations improved.,MACRO_ECONOMIC
Fiscal management shows adherence to consolidation roadmap. The government finances demonstrated discipline. Revenue performance aided the effort.,MACRO_ECONOMIC
Services sector continues driving economic growth momentum. The dominant segment maintained strong expansion. Technology services showed particular strength.,MACRO_ECONOMIC
Private investment shows sustained recovery in business capex. The capital expenditure cycle continued strengthening. Capacity addition reflected demand visibility.,MACRO_ECONOMIC
Dollar maintains strength on Fed policy expectations. The currency stayed firm versus major peers. Rate differential supported the positioning.,GEO_FINANCIAL
Oil prices trade range-bound on supply-demand balance. Energy markets found equilibrium level. OPEC management countered demand concerns.,GEO_FINANCIAL
Rupee trades stable showing resilience versus peers. The currency held steady during volatility. RBI presence provided confidence.,GEO_FINANCIAL
Gold maintains near record levels on structural demand. Precious metal stayed elevated on buying. Central banks and ETFs provided support.,GEO_FINANCIAL
Yuan shows stability after finding new equilibrium level. Chinese currency consolidated after adjustment. Policy communication improved clarity.,GEO_FINANCIAL
Copper continues rally on structural demand thesis. Industrial metal gained on electrification. Green transition drove consumption outlook.,GEO_FINANCIAL
Real holds gains on Brazil monetary policy stance. Currency maintained appreciation on rates. Inflation decline supported outlook.,GEO_FINANCIAL
Natural gas remains rangebound on inventory levels. Energy prices stabilized on storage adequacy. Seasonal patterns influenced trading.,GEO_FINANCIAL
Silver maintains premium versus gold on industrial use. Precious metal outperformed on demand. Solar installations drove consumption.,GEO_FINANCIAL
Lira stability extended as Turkey policy normalizes. Currency held range on improving fundamentals. Rate support continued attracting flows.,GEO_FINANCIAL
Agricultural commodities show mixed performance on weather. Grain prices diverged on regional conditions. Supply outlooks drove movements.,GEO_FINANCIAL
Rupiah appreciates on Indonesia export revenues. Currency gained on commodity strength. Trade surplus supported the movement.,GEO_FINANCIAL
Wheat declines on improved supply availability globally. Grain prices fell on harvest progress. Export flows resumed normally.,GEO_FINANCIAL
Peso extends strength on Mexico investment inflows. Currency appreciated on manufacturing FDI. Nearshoring remained supportive theme.,GEO_FINANCIAL
Order passed imposing penalty for securities market violation related to disclosure requirements. The entity failed to make timely disclosures as required under regulations. Monetary penalty and compliance direction issued.,SKIP
What is the optimal mix of large cap and small cap funds for aggressive investor? I am 30 years old willing to take higher risk. Should I have any mid cap allocation separately?,SKIP
Appeal filed against order imposing debarment for violation of broker regulations. The appellant seeks stay on debarment pending disposal of appeal. Matter listed for admission hearing.,SKIP
How to plan for financial goals when income is variable as freelancer? I earn between Rs 50000 to Rs 2 lakh monthly. Emergency fund and investment approach need to handle variability.,SKIP
Settlement order passed accepting consent terms for regulatory compliance violations. The applicant paid settlement charges without admission of liability. Enhanced compliance measures directed.,SKIP
Is flexi cap fund better than multi cap fund for long term equity allocation? I want fund manager to decide allocation across market caps. What are key differences between categories?,SKIP
Notice issued for non-compliance with investor grievance redressal timeline. The entity failed to resolve complaints within specified turnaround. Show cause response required.,SKIP
What documents are needed for claiming deceased person's mutual fund investments? My father passed away without nomination. How to transfer units to legal heirs?,SKIP
Order in matter of non-disclosure of related party transactions by listed company. Investigation revealed material transactions not disclosed timely. Penalty imposed on company and officers.,SKIP
"How to optimize tax efficiency of investment portfolio as high income earner? I am in 30% tax bracket with investments across equity, debt and real estate. Rebalancing creates tax events.",SKIP
Final order confirming findings and penalty for front running client orders. The dealer executed personal trades ahead of large orders systematically. Disgorgement and debarment imposed.,SKIP
"What is the role of gold in diversified portfolio and ideal allocation percentage? I have zero exposure to gold currently. Should I invest through ETF, fund or sovereign gold bonds?",SKIP
Directions issued requiring enhanced monitoring and reporting by registered entity. Periodic compliance submissions mandated on specified parameters. Immediate implementation required.,SKIP
Should I invest through lump sum or STP when markets are at all-time highs? I have Rs 20 lakh to invest in equity funds. Concerned about timing of investment.,SKIP
Historic fort restoration project receives international conservation award. The preservation effort combined traditional techniques with modern science. Tourist facilities developed without compromising heritage character.,NON_FINANCE
Indian long jumper wins gold medal at Commonwealth Games with national record. The athletic achievement marks breakthrough for Indian field events. Training methodology innovation credited for performance.,NON_FINANCE
New geothermal power plant begins operations as renewable energy diversification. The facility generates clean electricity from underground heat. Technology could be replicated in other locations.,NON_FINANCE
Indian documentary on endangered wildlife wins at international film awards. The conservation-focused film raised awareness on species protection. Global distribution partnership announced following recognition.,NON_FINANCE
Archaeological discovery reveals ancient astronomical observatory dating millennia. The stone structures aligned with celestial events precisely. Scientific knowledge of ancient civilizations demonstrated.,NON_FINANCE
Indian para-cyclist wins world championship breaking records in the process. The dominant performance established new benchmark in category. Adaptive sports facilities announced following success.,NON_FINANCE
Major semiconductor company announces display manufacturing plant in India. The facility will produce screens for smartphones and televisions. Investment commitment exceeds Rs 40000 crore with employment generation.,NON_FINANCE
New diagnostic technology enables early detection of neurological disorders. The AI-powered screening identifies conditions before symptoms appear. Clinical trials showed significant accuracy improvement.,NON_FINANCE
Indian percussion ensemble receives standing ovation at prestigious music festival. The traditional rhythms captivated international audience. Cultural exchange programs announced following performance.,NON_FINANCE
Marine sanctuary expansion protects critical coral reef ecosystem. The increased protected area preserves biodiversity hotspot. Sustainable fishing practices implemented in buffer zones.,NON_FINANCE
Indian astrophysicist elected to leadership of international scientific body. The recognition reflects contributions to space exploration research. Collaborative projects with global institutions planned.,NON_FINANCE
Severe flooding affects multiple districts as rivers breach embankments. Emergency rescue operations save thousands from marooned areas. Relief camps established for displaced populations.,NON_FINANCE
Indian design studio wins prestigious international architecture award. The sustainable building project received recognition for innovation. Design philosophy influenced by traditional principles.,NON_FINANCE
New vaccine for dengue fever receives regulatory approval for distribution. The domestically developed immunization offers protection against all serotypes. National immunization campaign planned for endemic regions.,NON_FINANCE
RBI announces enhanced framework for supervision of systemically important NBFCs. The heightened oversight applies to non-banks exceeding specified thresholds. Stress testing and capital requirements tightened.,FINANCE_POLICY
SEBI introduces mandatory segregation of trading and clearing functions at exchanges. The structural separation improves governance and risk management. Implementation timeline provides transition period.,FINANCE_POLICY
Government extends interest subvention scheme for women entrepreneurs. Female business owners access loans at subsidized rates. The support promotes gender-inclusive economic growth.,FINANCE_POLICY
RBI permits banks to offer dynamic pricing for real-time payments. Variable fee structures based on transaction value now allowed. Competition and innovation in payment pricing enabled.,FINANCE_POLICY
SEBI mandates disclosure of beneficial ownership for all major shareholders. The transparency requirement applies above specified holding thresholds. Concealed ownership arrangements must be revealed.,FINANCE_POLICY
"Central bank introduces framework for operational resilience testing at banks. The guidelines cover cyber attacks, system failures, and third-party disruptions. Annual testing and reporting required.",FINANCE_POLICY
IRDAI permits distribution of insurance products through e-commerce platforms. The digital channel expansion improves product accessibility. Consumer protection provisions embedded in framework.,FINANCE_POLICY
SEBI relaxes pricing norms for bonus issue of securities by listed companies. The flexibility enables capital restructuring during market stress. Shareholder protection through disclosure maintained.,FINANCE_POLICY
RBI announces pilot for programmable CBDC with conditional payment features. The digital rupee variant enables automated rule-based transfers. Use cases include subsidies and escrow arrangements.,FINANCE_POLICY
Government notifies framework for operation of digital asset exchanges in IFSC. The regulations enable crypto trading platforms at GIFT City. Institutional investors globally can access.,FINANCE_POLICY
SEBI introduces framework for regulated crowdfunding platforms. Small businesses can raise equity through registered platforms. Investor limits and disclosure requirements specified.,FINANCE_POLICY
RBI permits foreign investors to participate in government securities repo. The money market access improves liquidity for foreign G-sec holdings. Position limits and documentation apply.,FINANCE_POLICY
Central bank releases updated guidelines on recovery agents conduct by banks. The framework strengthens borrower rights during collection. Harassment prevention provisions tightened.,FINANCE_POLICY
SEBI mandates sustainability reporting by mutual fund houses on portfolio emissions. The disclosure helps investors assess climate risk exposure. Carbon footprint metrics required annually.,FINANCE_POLICY
Bitcoin hash rate reaches new all-time high securing network further. The computational power growth reflected continued mining investment. Network security strengthened proportionally.,DIGITAL_ASSETS
Solana Total Value Locked crosses $12 billion on ecosystem expansion. The high-speed chain showed sustained growth momentum. DeFi and memecoin activity drove deposits.,DIGITAL_ASSETS
Arbitrum maintains Layer 2 leadership on developer activity metrics. The rollup showed highest number of active builders. Protocol launches continued at healthy pace.,DIGITAL_ASSETS
Ethereum blob fees remain low despite growing rollup utilization. The data availability economics proved favorable for L2s. User costs stayed substantially reduced.,DIGITAL_ASSETS
Base network social applications drive mainstream crypto adoption. The Coinbase L2 attracted non-crypto native users. Simplified onboarding showed effectiveness.,DIGITAL_ASSETS
Starknet prover improvements reduce costs for transaction verification. The ZK rollup showed technical progress on scaling. Developer ecosystem responded positively.,DIGITAL_ASSETS
Uniswap protocol fees reach $100 million monthly on volume growth. The DEX revenue reflected healthy trading activity. Fee switch debate continued in governance.,DIGITAL_ASSETS
Eigenlayer slashing conditions clarified as AVS launches progress. The restaking protocol refined security parameters. Staker risk profile became better understood.,DIGITAL_ASSETS
Lido governance discusses growth caps on staked ETH market share. The decentralization concerns prompted limitation proposals. Community debated protocol sustainability.,DIGITAL_ASSETS
Aave reaches $20 billion in deposits across all deployed networks. The lending protocol maintained market leading position. Multichain strategy proved successful.,DIGITAL_ASSETS
Chainlink services adoption grows with CCIP and VRF integrations. The oracle infrastructure became essential DeFi component. Enterprise partnerships validated model.,DIGITAL_ASSETS
Pyth price feeds become default oracle for major DeFi protocols. The high-frequency data provider gained market share. Solana native advantage extended multichain.,DIGITAL_ASSETS
Jupiter DEX aggregator market share stabilizes at dominant level. The Solana router captured majority of swap volume. Perp exchange added revenue stream.,DIGITAL_ASSETS
Ondo tokenized treasury products reach institutional adoption milestones. The RWA protocol showed product-market fit. Yield-seeking capital found on-chain home.,DIGITAL_ASSETS
Tensor NFT marketplace innovation drives Solana collectibles ecosystem. The professional features attracted serious traders. Compressed NFT support enabled scalability.,DIGITAL_ASSETS
SEBI permits algorithmic trading for mutual funds with safeguards. The automation enables efficient execution for fund portfolios. Risk management requirements accompany approval.,MARKET_INFRASTRUCTURE
RBI launches grievance portal for digital payment transaction disputes. The centralized platform improves complaint resolution. Banks and payment providers integrated.,MARKET_INFRASTRUCTURE
Corporate bond market credit derivatives segment sees first trades. The CDS contracts enable credit risk transfer mechanism. Market development milestone achieved.,MARKET_INFRASTRUCTURE
NSE implements position limits monitoring in real-time across segments. The surveillance upgrade prevents concentration build-up. Risk management capabilities enhanced.,MARKET_INFRASTRUCTURE
Government announces framework for municipal bonds credit enhancement. The guarantee mechanism improves ratings for urban body issuances. Infrastructure financing options expand.,MARKET_INFRASTRUCTURE
SEBI mandates LEI requirement for all entities transacting in securities. The legal entity identifier improves counterparty identification. Systemic risk monitoring enhanced.,MARKET_INFRASTRUCTURE
RBI operationalizes instant international remittance with new corridors. The cross-border payment speed matches domestic transfers. Worker remittance costs reduced significantly.,MARKET_INFRASTRUCTURE
Corporate bond ETF assets under management cross Rs 30000 crore. The passive fixed income products attracted steady allocation. Retail participation increased substantially.,MARKET_INFRASTRUCTURE
India INX launches options on international equity indices. The GIFT City exchange adds hedging tools for global exposure. Round-the-clock trading available.,MARKET_INFRASTRUCTURE
NSDL implements Aadhaar-based e-KYC for instant demat account opening. The digital onboarding reduces account activation time. Financial inclusion accelerates.,MARKET_INFRASTRUCTURE
SEBI approves regulated exchange for trading in securitized debt. The platform improves liquidity for asset-backed securities. Price discovery mechanism developed.,MARKET_INFRASTRUCTURE
BSE implements enhanced surveillance for penny stock manipulation. The monitoring targets low-priced securities volatility. Investor protection improved.,MARKET_INFRASTRUCTURE
RBI extends CBDC pilot to more cities and use cases. The digital rupee reaches broader user base. Offline functionality tested in rural areas.,MARKET_INFRASTRUCTURE
Commodity exchange derivatives volume reaches new monthly record. The trading activity reflected improved participation. Hedging demand from industry grew.,MARKET_INFRASTRUCTURE
Nifty constituents show healthy revenue growth in quarterly results. The large cap earnings reflected economic momentum. Margin improvement accompanied topline growth.,MARKET_MOVEMENT
Banking sector rally extends on credit growth visibility. Financial stocks gained on strong loan demand. Net interest margins stabilized.,MARKET_MOVEMENT
IT index shows recovery from oversold levels on deal flow. Technology stocks bounced on positive commentary. Currency weakness aided sentiment.,MARKET_MOVEMENT
Pharma stocks diverge on company-specific regulatory outcomes. Drug makers showed varied performance on FDA news. Quality stocks outperformed.,MARKET_MOVEMENT
Consumer stocks rally on festive season sales optimism. Retail and FMCG companies gained on demand outlook. Urban consumption led expectations.,MARKET_MOVEMENT
Metal stocks face volatility on China demand uncertainty. Steel and base metal producers swung on data. Domestic demand provided support.,MARKET_MOVEMENT
Infrastructure stocks maintain momentum on order execution. Construction and engineering rallied on visibility. Government capex stayed strong.,MARKET_MOVEMENT
Realty stocks gain on sales data across major markets. Developers rallied on pre-sales momentum. Launch pipeline remained healthy.,MARKET_MOVEMENT
Midcap segment shows resilience during consolidation phase. The stocks held relative to large caps. Quality focus continued.,MARKET_MOVEMENT
PSU stocks attract flows on value and dividend themes. Government enterprises gained on re-rating. Yield appeal supported interest.,MARKET_MOVEMENT
Economic growth remains on strong trajectory per advance estimates. The expansion showed resilience and breadth. Multiple sectors contributed.,MACRO_ECONOMIC
GST revenues maintain elevated monthly average consistently. The tax collection reflected economic activity. Formalization benefits continued.,MACRO_ECONOMIC
Foreign reserves provide adequate external vulnerability buffer. The cushion against shocks remained comfortable. Import cover stayed healthy.,MACRO_ECONOMIC
Inflation trajectory remains anchored around target band. The price stability supported monetary policy. Core pressures stayed contained.,MACRO_ECONOMIC
Credit expansion reflects demand for investment and consumption. The bank lending growth indicated momentum. Both segments contributed.,MACRO_ECONOMIC
Factory output data shows sustained manufacturing momentum. The industrial production maintained growth. Capital goods performed well.,MACRO_ECONOMIC
External accounts show stability on services export strength. The balance of payments remained healthy. Software receipts led contribution.,MACRO_ECONOMIC
Tax collections demonstrate economic formalization progress. The revenue buoyancy exceeded estimates. Compliance improvement contributed.,MACRO_ECONOMIC
Dollar direction depends on Fed policy rate trajectory. The currency awaited data for guidance. Rate expectations influenced moves.,GEO_FINANCIAL
Oil prices stabilize in range on supply-demand balance. Energy markets found equilibrium point. Producer discipline provided floor.,GEO_FINANCIAL
Rupee trades steady reflecting fundamental strength. The currency held versus EM peers. RBI management provided stability.,GEO_FINANCIAL
Gold prices maintain elevated levels on haven demand. Precious metal stayed firm on buying. Structural factors supported prices.,GEO_FINANCIAL
Yuan stability reflects policy management success. Chinese currency consolidated after moves. Economic measures helped sentiment.,GEO_FINANCIAL
Copper rally continues on energy transition demand. Industrial metal gained on structural thesis. Supply concerns added support.,GEO_FINANCIAL
Real maintains gains on Brazil rate policy. Currency stayed firm on monetary stance. Inflation decline supported outlook.,GEO_FINANCIAL
Gas prices remain stable on inventory adequacy. Energy commodity traded range on storage. Weather patterns influenced direction.,GEO_FINANCIAL
Silver strength continues on industrial consumption. Precious metal outperformed on demand. Solar growth drove usage.,GEO_FINANCIAL
EM currencies show varied performance on fundamentals. Developing market FX diverged on factors. Country-specific drivers dominated.,GEO_FINANCIAL
Order passed for disgorgement and penalty in matter of market manipulation through coordinated trades. Investigation revealed systematic scheme to artificially inflate prices. Debarment and monetary penalty imposed.,SKIP
What is the difference between equity savings fund and balanced advantage fund? I want lower volatility than pure equity with better returns than debt. Which category suits moderate risk investor?,SKIP
Appeal pending on findings of violation related to insider trading regulations. The appellant challenges interpretation of UPSI definition. Stay application under consideration.,SKIP
How much term insurance cover is adequate at different life stages? I am 35 years old married with one child. Current cover is Rs 50 lakh which seems inadequate.,SKIP
Settlement order accepting consent terms for compliance failures by broker. Applicant paid settlement charges and agreed to enhanced monitoring. Matter concluded.,SKIP
Is goal-based investing approach better than asset allocation strategy? I have multiple financial goals over different time horizons. How to structure portfolio optimally?,SKIP
Notice for non-compliance with anti-money laundering reporting requirements. The entity failed to file suspicious transaction reports timely. Response required.,SKIP
What happens to my investments if something happens to me unexpectedly? I have not made nominations in all accounts. How to ensure smooth transmission to family?,SKIP
Order in matter of providing portfolio management services without registration. Investigation revealed systematic client portfolio management for fee. Penalty and debarment imposed.,SKIP
How to review and rebalance investment portfolio periodically? I have not touched allocations for 3 years. What frequency of review is appropriate?,SKIP
Historic palace converted to luxury heritage hotel opens for guests. The adaptive reuse preserved architectural elements while adding modern amenities. Tourism department promotes the unique destination.,NON_FINANCE
Indian archer wins World Cup gold defeating Olympic champion in final. The victory marks significant milestone for Indian archery program. Enhanced training facilities announced following success.,NON_FINANCE
New offshore wind farm begins power generation as country's first. The project demonstrates feasibility of ocean-based renewable energy. Expansion plans announced for additional capacity.,NON_FINANCE
Indian short film wins award at prestigious international festival. The narrative exploring social themes received jury recognition. Feature film adaptation being developed.,NON_FINANCE
Archaeological team discovers ancient coins from multiple historical periods. The hoard provides evidence of trade connections over centuries. Numismatic analysis underway to determine origins.,NON_FINANCE
Indian para-badminton player wins gold at World Championships. The achievement follows systematic training and support program. Recognition for para-sports increases following success.,NON_FINANCE
Major electric vehicle company announces battery recycling facility. The plant will process end-of-life EV batteries for material recovery. Circular economy model demonstrated for sustainability.,NON_FINANCE
New cancer treatment approach shows significant improvement in trials. The immunotherapy combination extended survival substantially. Regulatory fast-track approval expected.,NON_FINANCE
Indian folk dance troupe performs at Olympics opening ceremony. The cultural showcase highlighted traditional art forms globally. International tour invitations received following performance.,NON_FINANCE
Wildlife sanctuary reports successful breeding of endangered species. The conservation program achieved reproduction milestone. Population recovery trajectory improved.,NON_FINANCE
"RBI releases comprehensive guidelines on artificial intelligence ethics for banks. The framework covers fairness, accountability, and transparency in AI systems. Implementation roadmap with milestones specified.",FINANCE_POLICY
SEBI mandates disclosure of political contributions by listed companies quarterly. The enhanced transparency applies to corporate donations across parties. Annual aggregate limits also specified.,FINANCE_POLICY
Government extends credit facility for affordable housing projects indefinitely. The financing support continues for developers building budget homes. Interest subvention for buyers also extended.,FINANCE_POLICY
RBI permits banks to offer subscription-based banking services to customers. The innovative pricing model enables pay-per-use banking features. Consumer choice and transparency improved.,FINANCE_POLICY
SEBI introduces framework for tokenized securities issuance on blockchain. The regulation enables digital native securities with smart contracts. Innovation balanced with investor protection.,FINANCE_POLICY
Central bank releases guidelines on privacy-preserving data sharing in finance. The framework enables analytics without exposing individual data. Technology standards specified for compliance.,FINANCE_POLICY
IRDAI mandates basic insurance literacy content on all insurer websites. The consumer education requirement improves understanding of products. Plain language explanations required.,FINANCE_POLICY
SEBI permits fractional ownership of startup equity through platforms. Small investors can participate in private company growth. Liquidity and disclosure requirements specified.,FINANCE_POLICY
RBI announces framework for embedded finance regulation comprehensively. The guidelines cover banking services within non-bank platforms. Consumer protection provisions embedded.,FINANCE_POLICY
Government notifies incentives for green hydrogen production and export. The manufacturing subsidy supports clean energy transition. Export benefits encourage global competitiveness.,FINANCE_POLICY
SEBI mandates annual board diversity targets for listed companies. The governance requirement sets timeline for improving representation. Disclosure of progress required in annual reports.,FINANCE_POLICY
RBI permits non-bank entities to operate correspondent banking arrangements. The access expands last-mile financial services delivery. Prudential requirements accompany the approval.,FINANCE_POLICY
Central bank introduces sandbox for testing quantum-safe cryptography in finance. The security innovation addresses future computing threats. Early adoption encouraged through regulatory support.,FINANCE_POLICY
SEBI streamlines merger and acquisition disclosure timelines for listed targets. The expedited process improves market efficiency during deals. Continuous disclosure requirements maintained.,FINANCE_POLICY
Bitcoin maintains position above key psychological levels on steady demand. The cryptocurrency showed price stability amid reduced volatility. Institutional holding patterns remained steady.,DIGITAL_ASSETS
Solana network achieves new transaction throughput records smoothly. The high-speed blockchain handled activity without degradation. Technical improvements showed results.,DIGITAL_ASSETS
Arbitrum ecosystem expansion continues with new protocol launches weekly. The L2 maintained development momentum consistently. Developer grants funded innovation.,DIGITAL_ASSETS
Ethereum network upgrade preparations progress toward next milestone. The protocol improvement roadmap advanced on schedule. Community coordination demonstrated effectiveness.,DIGITAL_ASSETS
Base social layer applications attract mainstream non-crypto users. The onboarding experience proved accessible broadly. Viral growth reflected product-market fit.,DIGITAL_ASSETS
Optimism collective grows as aligned projects join ecosystem. The values-driven coordination attracted idealistic builders. Public goods funding showed results.,DIGITAL_ASSETS
Eigenlayer operator ecosystem matures with quality AVS launches. The restaking infrastructure supported diverse applications. Slashing risks became better understood.,DIGITAL_ASSETS
Uniswap governance debates fee distribution to token holders. The protocol revenue sharing discussion continued. Community views remained divided.,DIGITAL_ASSETS
Aave expansion to new networks maintains lending market leadership. The multichain strategy proved successful comprehensively. Total deposits grew across deployments.,DIGITAL_ASSETS
Chainlink data services become infrastructure standard for DeFi. The oracle network achieved ubiquitous adoption. Cross-chain messaging grew usage.,DIGITAL_ASSETS
SEBI approves real-time settlement for select securities categories. The instant DvP mechanism eliminates counterparty risk. Infrastructure upgrade enables implementation.,MARKET_INFRASTRUCTURE
RBI launches common platform for cross-border payment tracking. The transparency improvement enables remittance monitoring. Consumer confidence in transfers improves.,MARKET_INFRASTRUCTURE
Corporate bond trading achieves new daily turnover records. The market liquidity improved substantially over time. Institutional activity drove volumes.,MARKET_INFRASTRUCTURE
NSE infrastructure handles peak trading volumes successfully. The exchange capacity supported elevated activity. Technology investment showed returns.,MARKET_INFRASTRUCTURE
Government framework enables carbon credit trading exchange operations. The market development supports climate goals. Price discovery mechanism established.,MARKET_INFRASTRUCTURE
Nifty earnings growth trajectory maintained in quarterly results. Large cap profitability showed healthy momentum. Broad participation across sectors observed.,MARKET_MOVEMENT
Banking stocks rally on improving credit quality metrics. Financial shares gained on NPL reduction. Capital adequacy strengthened.,MARKET_MOVEMENT
IT sector shows stability amid global demand uncertainty. Technology stocks held on deal pipeline. Currency movement provided tailwind.,MARKET_MOVEMENT
Pharmaceutical stocks gain on regulatory clarity improvement. Drug makers rallied on favorable outcomes. Export markets showed recovery.,MARKET_MOVEMENT
Consumer discretionary leads on demand strength signals. Retail stocks gained on spending data. Urban consumption remained robust.,MARKET_MOVEMENT
Metal stocks show volatility on global price movements. Steel shares swung on demand signals. Domestic consumption provided floor.,MARKET_MOVEMENT
Infrastructure stocks maintain positive momentum consistently. Capital goods rallied on order flows. Government spending supported visibility.,MARKET_MOVEMENT
Real estate stocks gain on sales momentum continuation. Developer shares rallied on bookings. Launch activity remained healthy.,MARKET_MOVEMENT
Economic growth maintains trajectory above trend levels. GDP expansion showed breadth across sectors. Investment and consumption contributed.,MACRO_ECONOMIC
GST collections sustain healthy monthly run rate. Tax revenues reflected economic formalization. Compliance improvements continued.,MACRO_ECONOMIC
Foreign reserves provide comfortable external cushion. The buffer remained adequate for stability. Import cover stayed strong.,MACRO_ECONOMIC
Inflation stays contained within policy target band. Price pressures remained well-managed. Core readings showed moderation.,MACRO_ECONOMIC
Credit growth reflects healthy demand dynamics. Bank lending expanded on appetite. Both segments contributed growth.,MACRO_ECONOMIC
Industrial output maintains expansion trajectory. Factory production grew steadily. Capital goods showed strength.,MACRO_ECONOMIC
Dollar direction awaits Fed policy guidance. Currency moves depended on data. Rate expectations influenced trading.,GEO_FINANCIAL
Oil prices find support above key levels. Energy markets stabilized on balance. Producer management provided floor.,GEO_FINANCIAL
Rupee shows resilience versus EM peers. Currency held on fundamental strength. RBI presence supported stability.,GEO_FINANCIAL
Gold maintains elevated levels on demand. Precious metal stayed firm on buying. Structural support continued.,GEO_FINANCIAL
Yuan shows stability on policy measures. Chinese currency consolidated gains. Economic sentiment improved.,GEO_FINANCIAL
Copper strength continues on green demand. Industrial metal gained on thesis. Supply factors added support.,GEO_FINANCIAL
Order imposing penalty for regulatory compliance violation related to disclosure requirements. The entity failed to meet prescribed timelines. Monetary penalty and directions issued.,SKIP
What is difference between direct and regular mutual fund plans and which should I choose? I invest through mobile app currently. Will direct plan significantly improve returns?,SKIP
Appeal filed challenging findings in matter of alleged market manipulation. The appellant disputes trading pattern analysis methodology. Hearing scheduled.,SKIP
How to create comprehensive financial plan covering all life goals systematically? I have never done formal planning. Should I hire financial planner or do myself?,SKIP
Settlement accepted for compliance violations by registered entity. Applicant paid charges without admission. Enhanced monitoring directed.,SKIP
Is ELSS better than PPF for tax saving if I have 15 year horizon? I can take moderate equity risk. What about new tax regime implications?,SKIP
Notice issued for non-compliance with client asset segregation requirements. Preliminary review shows deficiencies. Response required within timeline.,SKIP
"How to handle taxation of capital gains from different investment types efficiently? I have gains from equity, debt funds, property and gold this year.",SKIP
Indian physicist wins prestigious international award for research contributions. The recognition honors breakthrough work in quantum computing. Global collaboration opportunities expand.,NON_FINANCE
New metro line extension connects suburbs to central business district. The transit improvement reduces commute time substantially. Property values along corridor appreciate.,NON_FINANCE
Indian athlete wins bronze at World Championships in historic performance. The achievement marks medal in event for first time. Enhanced support announced.,NON_FINANCE
Monsoon arrives on schedule bringing relief to farming regions. Seasonal rains began normally after concerns about delay. Agricultural outlook improves.,NON_FINANCE
Indian artist's installation featured at prestigious international museum. The contemporary work received critical acclaim globally. Cultural diplomacy objectives advanced.,NON_FINANCE
New hospital complex opens with state-of-the-art medical facilities. The infrastructure improves healthcare access for surrounding districts. Specialist services now available locally.,NON_FINANCE
Indian startup's clean technology wins global innovation award. The solution addresses environmental challenges cost-effectively. International expansion plans accelerate.,NON_FINANCE
Historic temple renovation completed preserving ancient architecture. The conservation project combined traditional and modern techniques. Pilgrimage facilities enhanced.,NON_FINANCE
Indian mountaineer becomes youngest to summit all major peaks. The achievement at 25 years old sets new benchmark. Youth sports inspiration cited.,NON_FINANCE
New expressway section opens reducing travel time between cities. The infrastructure connects industrial zones efficiently. Economic activity along route increases.,NON_FINANCE
Indian researcher develops low-cost water purification technology. The innovation addresses clean drinking water access challenges. Field trials show promising results.,NON_FINANCE
Major international sports event awarded to Indian city successfully. The hosting decision recognizes infrastructure readiness. Tourism and employment benefits expected.,NON_FINANCE
Traditional textile cluster receives export promotion scheme support. The artisan community gains access to international markets. Quality improvement programs initiated.,NON_FINANCE
Indian ocean research expedition discovers new marine species. The scientific findings expand understanding of deep sea ecosystems. Conservation implications being studied.,NON_FINANCE
New airport terminal opens with expanded capacity for passengers. The infrastructure supports growing air travel demand. International connectivity improves significantly.,NON_FINANCE
Indian scientist leads international research collaboration on climate. The project brings together experts from multiple countries. Breakthrough findings expected.,NON_FINANCE
Record rainfall causes waterlogging in urban areas disrupting services. Civic authorities deploy pumps to clear accumulated water. Normal operations resuming gradually.,NON_FINANCE
Indian chess player maintains top world ranking consistently. The performance reflects systematic improvement over years. Training methodology draws attention.,NON_FINANCE
New educational technology platform launches with vernacular language content. The learning solution addresses accessibility barriers. Rural student enrollment grows.,NON_FINANCE
Indian classical vocalist receives lifetime achievement recognition internationally. The honor celebrates decades of artistic contribution. Cultural heritage preservation highlighted.,NON_FINANCE
"RBI releases enhanced guidelines on model risk management for banks. The framework covers development, validation, and monitoring of models. Governance requirements strengthened for AI applications.",FINANCE_POLICY
SEBI mandates investor education content integration on trading platforms. The requirement ensures awareness material reaches active traders. Financial literacy at point of transaction improved.,FINANCE_POLICY
Government extends production linked incentive scheme to electronics components. The manufacturing support covers semiconductor packaging and PCBs. Import substitution objectives advanced.,FINANCE_POLICY
RBI permits digital-only banking licenses for fintech applicants meeting criteria. The framework enables pure-play digital banks to operate. Capital and technology requirements specified.,FINANCE_POLICY
SEBI introduces cooling-off period for switching between mutual fund categories. The waiting period reduces churning of investor portfolios. Transaction costs and tax impacts reduced.,FINANCE_POLICY
Central bank announces pilot for cross-border CBDC settlement with partner countries. The digital currency trial covers international trade payments. Efficiency gains demonstrated in testing.,FINANCE_POLICY
IRDAI permits insurers to offer on-demand coverage through app-based products. The micro-duration policies cover specific events or periods. Consumer flexibility improved substantially.,FINANCE_POLICY
SEBI streamlines compliance requirements for small-sized mutual fund schemes. The proportionate regulation reduces burden on niche products. Growth of specialized funds enabled.,FINANCE_POLICY
RBI releases framework for responsible use of machine learning in credit decisions. The guidelines address algorithmic bias and explainability. Consumer protection provisions included.,FINANCE_POLICY
Government notifies incentives for data center establishment and operations. The infrastructure support promotes digital economy growth. Power and land subsidies specified.,FINANCE_POLICY
Bitcoin accumulation by long-term holders reaches record levels. On-chain data showed decreased selling pressure from strong hands. Supply dynamics supported price stability.,DIGITAL_ASSETS
Solana validator economics improve on fee revenue growth. Network revenue distributed to stakers increased substantially. Sustainable tokenomics emerged from usage.,DIGITAL_ASSETS
Arbitrum sequencer decentralization progresses with new participants. The rollup moved toward permissionless block production. Censorship resistance improved.,DIGITAL_ASSETS
Ethereum staking participation reaches 35% of total supply. The proof-of-stake network showed growing validator interest. Security budget remained adequate.,DIGITAL_ASSETS
Base network applications gain mainstream adoption measurably. User growth exceeded crypto-native audience significantly. Social features drove viral expansion.,DIGITAL_ASSETS
Optimism governance implements retroactive public goods funding round. The collective distributed rewards to contributors. Ecosystem sustainability demonstrated.,DIGITAL_ASSETS
Eigenlayer slashing events handled without systemic impact. The restaking protocol showed operational maturity. Risk management proved adequate.,DIGITAL_ASSETS
Uniswap liquidity depth reaches all-time highs on major pairs. The DEX showed improved trading conditions. Price impact reduced for large swaps.,DIGITAL_ASSETS
Aave safety module grows as stakers increase participation. Protocol insurance coverage expanded substantially. Depositor confidence reflected in TVL.,DIGITAL_ASSETS
Chainlink services revenue reaches profitability inflection point. The oracle network showed sustainable business model. Enterprise adoption continued growing.,DIGITAL_ASSETS
SEBI permits extended trading window for institutional investors in select stocks. The larger transaction blocks execute outside market hours. Price impact reduced for institutions.,MARKET_INFRASTRUCTURE
RBI implements instant beneficiary verification for fund transfers. The real-time name matching reduces wrong transfers. Consumer protection enhanced significantly.,MARKET_INFRASTRUCTURE
Corporate bond market achieves investment grade liquidity milestone. The secondary trading depth improved substantially. Institutional confidence reflected in volumes.,MARKET_INFRASTRUCTURE
NSE implements new clearing and settlement technology upgrade. The infrastructure handles higher peak volumes efficiently. System reliability improved.,MARKET_INFRASTRUCTURE
Government announces commodity spot exchange framework for agricultural products. The national platform enables transparent price discovery. Farmer price realization improves.,MARKET_INFRASTRUCTURE
Nifty valuation returns toward historical average levels. Market multiple normalized on earnings growth. Investment attractiveness improved.,MARKET_MOVEMENT
Banking sector shows resilience during broader market consolidation. Financial stocks held on fundamental strength. Credit quality improvement continued.,MARKET_MOVEMENT
IT stocks stabilize after volatility around guidance commentary. Technology shares found support levels. Deal pipeline provided confidence.,MARKET_MOVEMENT
Pharmaceutical sector gains on favorable regulatory developments. Drug maker stocks rallied on approvals. Export market visibility improved.,MARKET_MOVEMENT
Consumer sector leads on domestic demand resilience signals. Retail stocks gained on spending trends. Urban markets showed particular strength.,MARKET_MOVEMENT
Metal stocks show mixed performance on varied demand signals. Base metal shares moved on China data. Domestic consumption remained supportive.,MARKET_MOVEMENT
Infrastructure stocks maintain positive momentum on execution. Capital goods shares rallied on orders. Government spending provided visibility.,MARKET_MOVEMENT
Real estate stocks gain on sales velocity across markets. Developer shares rallied on booking data. Launch pipeline remained healthy.,MARKET_MOVEMENT
Economic momentum sustained at healthy growth rate. GDP expansion showed resilience across sectors. Multiple demand drivers contributed.,MACRO_ECONOMIC
Tax revenues continue exceeding budget projections. Government collections demonstrated buoyancy. Formalization benefits materialized.,MACRO_ECONOMIC
External accounts remain comfortable with adequate reserves. The buffer against shocks stayed healthy. Import cover exceeded targets.,MACRO_ECONOMIC
Inflation management achieves target band consistency. Price stability supported policy flexibility. Core pressures remained contained.,MACRO_ECONOMIC
Credit expansion reflects investment demand pickup. Bank lending showed healthy growth trajectory. Corporate borrowing increased.,MACRO_ECONOMIC
Industrial activity maintains growth momentum steadily. Manufacturing output expanded across segments. Capital goods showed strength.,MACRO_ECONOMIC
Dollar trades on Fed policy expectations daily. Currency moves reflected rate speculation. Data releases influenced direction.,GEO_FINANCIAL
Oil markets find equilibrium on supply management. Energy prices stabilized in range. Producer coordination maintained.,GEO_FINANCIAL
Rupee maintains stability versus global volatility. Currency resilience reflected fundamentals. RBI management supported confidence.,GEO_FINANCIAL
Gold holds elevated levels on steady demand. Precious metal maintained support on buying. Central bank purchases continued.,GEO_FINANCIAL
Yuan stability supported by policy intervention. Chinese currency held against pressure. Economic measures improved sentiment.,GEO_FINANCIAL
Copper strength reflected structural demand story. Industrial metal rallied on electrification. Supply constraints added support.,GEO_FINANCIAL
Order for penalty and disgorgement in securities market violation matter. Investigation revealed systematic breach of regulations. Debarment and monetary penalty imposed.,SKIP
"How to allocate between different mutual fund categories for balanced portfolio? I have lump sum of Rs 15 lakh. Should I spread across equity, debt and hybrid funds?",SKIP
Appeal filed on quantum of penalty for violation of broker regulations. Appellant seeks reduction citing circumstances. Hearing date scheduled.,SKIP
What factors should I consider when choosing between growth and dividend option in mutual funds? Tax implications seem different under new regime.,SKIP
Settlement order for regulatory violations by intermediary. Consent terms accepted with charges paid. Compliance improvements directed.,SKIP
How to plan for major expense like child's wedding 5 years away? Required corpus is Rs 40 lakh. Should I use debt funds for safety?,SKIP
Notice for non-compliance with investor protection requirements. Preliminary review shows deficiencies in procedures. Response required.,SKIP
What is the most tax-efficient way to redeem mutual fund investments for goal funding? I have both equity and debt fund holdings.,SKIP
New renewable energy project achieves commercial operations. The solar and wind hybrid facility generates clean power round the clock. Grid stability improves.,NON_FINANCE
Indian author's novel receives international literary recognition. The work exploring contemporary themes gained global readership. Translation rights sold widely.,NON_FINANCE
Major archaeological find reveals ancient urban settlement. Excavation uncovered planned city layout from millennia ago. Historical understanding advances.,NON_FINANCE
Indian para-athlete sets world record at international championships. The performance in throwing event demonstrated extraordinary ability. Support programs validated.,NON_FINANCE
New vaccine technology platform shows versatility in trials. The approach enables rapid development for multiple diseases. Pandemic preparedness improved.,NON_FINANCE
Traditional art form receives contemporary adaptation recognition. The innovative interpretation attracted younger audience interest. Cultural preservation advanced.,NON_FINANCE
Indian scientist leads global climate research initiative. The collaboration addresses critical environmental questions. Policy recommendations expected.,NON_FINANCE
New hospital establishes center of excellence for specialized care. The facility offers advanced treatment previously unavailable. Medical tourism potential develops.,NON_FINANCE
Indian filmmaker's documentary wins at international festival. The work on social issues received jury recognition. Distribution expanded globally.,NON_FINANCE
Wildlife conservation program shows measurable population recovery. Endangered species count increased after protection efforts. Habitat restoration continued.,NON_FINANCE
New bridge construction connects previously isolated communities. The infrastructure transforms regional connectivity significantly. Economic opportunities expand.,NON_FINANCE
Indian musician's album receives global music award nomination. The contemporary fusion work gained international recognition. World tour announced.,NON_FINANCE
Breakthrough battery technology enables longer range for EVs. The improved energy density addresses adoption barriers. Commercial production plans advance.,NON_FINANCE
Traditional festival celebration draws record visitor numbers. The cultural event showcased regional heritage widely. Tourism economy benefited substantially.,NON_FINANCE
Indian athlete qualifies for Olympics with personal best performance. The achievement came at continental championships. Training methodology refined.,NON_FINANCE
New technology hub attracts major multinational company operations. The infrastructure development created employment for thousands. Skills ecosystem developed.,NON_FINANCE
Archaeological survey maps extensive ancient irrigation network. The discovery reveals advanced water management knowledge. Agricultural history illuminated.,NON_FINANCE
Indian startup's healthcare innovation wins global recognition. The cost-effective solution addresses accessibility challenges. International expansion planned.,NON_FINANCE
Conservation success story as wetland ecosystem recovers health. The restoration project reversed decades of degradation. Migratory bird populations returned.,NON_FINANCE
New performing arts center opens with inaugural world-class performance. The cultural infrastructure fills gap in city amenities. Programming calendar attracts global artists.,NON_FINANCE
"RBI releases final guidelines on cloud computing adoption by banks. The framework covers data security, business continuity, and vendor management. Compliance timeline specified.",FINANCE_POLICY
SEBI introduces simplified registration for smaller investment advisers. The proportionate requirements reduce entry barriers. Investor access to advice improves.,FINANCE_POLICY
Government extends benefits under production linked incentive scheme timeline. The manufacturing support continues for eligible sectors. Employment objectives maintained.,FINANCE_POLICY
Bitcoin network hashrate stabilizes after adjustment following halving. Mining economics found new equilibrium at reduced rewards. Security remained robust.,DIGITAL_ASSETS
Solana DeFi ecosystem shows maturity with institutional-grade protocols. The development quality improved substantially over time. Professional capital participated.,DIGITAL_ASSETS
Arbitrum maintains developer mindshare among Layer 2 networks. Builder activity metrics showed continued engagement. Protocol launches persisted.,DIGITAL_ASSETS
SEBI permits T+0 settlement pilot for largest market cap stocks. Same-day settlement reduces counterparty risk substantially. Infrastructure upgrade enables execution.,MARKET_INFRASTRUCTURE
RBI launches unified interface for central bank liquidity operations. The digital platform improves efficiency of monetary policy transmission. Bank participation streamlined.,MARKET_INFRASTRUCTURE
Nifty maintains elevated levels despite global uncertainty. Market resilience reflected domestic strength. Earnings support sustained valuations.,MARKET_MOVEMENT
Banking fundamentals continue improving measurably. Credit quality metrics showed enhancement. Capital position strengthened.,MARKET_MOVEMENT
Economic activity indicators maintain positive trajectory. Growth momentum sustained across sectors. Multiple drivers contributed.,MACRO_ECONOMIC
Foreign exchange stability reflects fundamental strength. Currency management achieved objectives. Reserve adequacy maintained.,MACRO_ECONOMIC
Commodity prices find balance on supply-demand dynamics. Markets stabilized after adjustment. Producer management continued.,GEO_FINANCIAL
Order for penalty in matter of regulatory compliance violation. Investigation established breach of prescribed requirements. Monetary penalty imposed.,SKIP
Bitcoin drops below 87000 as bears target 84000. Selling pressure intensified on the leading cryptocurrency.,DIGITAL_ASSETS
XRP price liftoff to 10 will take time. Analysts remain cautiously optimistic on Ripple's token.,DIGITAL_ASSETS
BTC rallies to 95000 amid ETF inflows. Institutional demand continues driving prices higher.,DIGITAL_ASSETS
Bitcoin falls 5% in early Asian trading. Weekend selloff extends into Monday session.,DIGITAL_ASSETS
Ethereum drops below 3000 support level. Bears gain control as selling accelerates.,DIGITAL_ASSETS
BTC breaks above 100k for first time. Historic milestone reached on strong volume.,DIGITAL_ASSETS
Solana plunges 12% on network congestion fears. Transaction failures spike during peak usage.,DIGITAL_ASSETS
XRP surges 30% on Ripple partnership news. New banking integrations fuel rally.,DIGITAL_ASSETS
Bitcoin targets 120000 as momentum builds. Technical indicators turn bullish across timeframes.,DIGITAL_ASSETS
Dogecoin jumps 15% on Musk tweet. Meme coin volatility returns to crypto markets.,DIGITAL_ASSETS
BTC drops to 80000 as whales sell. Large holders reduce positions amid uncertainty.,DIGITAL_ASSETS
Cardano falls 8% despite Hydra launch. Market ignores scaling solution release.,DIGITAL_ASSETS
Bitcoin climbs above 90000 resistance. Bulls regain control after brief consolidation.,DIGITAL_ASSETS
Ethereum tests 4000 level again. Second attempt at key resistance this week.,DIGITAL_ASSETS
Crypto market cap falls below 2 trillion. Risk-off sentiment spreads across digital assets.,DIGITAL_ASSETS
BTC holds steady at 85000 support. Consolidation continues after volatile week.,DIGITAL_ASSETS
Litecoin surges ahead of halving event. Supply reduction narrative drives buying interest.,DIGITAL_ASSETS
Bitcoin crashes 10% in flash selloff. Leveraged longs liquidated en masse.,DIGITAL_ASSETS
Shiba Inu rallies 25% on burn announcement. Token supply reduction boosts sentiment.,DIGITAL_ASSETS
Polkadot drops 6% as DOT unlocks loom. Upcoming token releases pressure price.,DIGITAL_ASSETS
Bitcoin reclaims 90000 after brief dip. Buyers step in at support levels.,DIGITAL_ASSETS
Avalanche gains 18% on subnet growth. Ecosystem expansion attracts capital.,DIGITAL_ASSETS
BTC price action suggests consolidation. Range-bound trading expected near term.,DIGITAL_ASSETS
Chainlink hits new high above 25. Oracle token benefits from DeFi growth.,DIGITAL_ASSETS
Bitcoin dominance rises to 55%. Altcoins underperform as BTC leads market.,DIGITAL_ASSETS
Pepe coin crashes 40% after pump. Meme token gives back recent gains.,DIGITAL_ASSETS
Bitcoin forms bullish flag pattern. Technical setup suggests continuation higher.,DIGITAL_ASSETS
Cosmos drops 9% on validator issues. Network concerns weigh on ATOM price.,DIGITAL_ASSETS
BTC funding rates turn negative. Shorts pile in expecting further downside.,DIGITAL_ASSETS
Uniswap token rallies on fee switch vote. Governance proposal boosts UNI sentiment.,DIGITAL_ASSETS
Bitcoin miners capitulate as price drops. Hash rate declines signal selling pressure.,DIGITAL_ASSETS
Near Protocol surges 22% on AI narrative. Blockchain positioning attracts buyers.,DIGITAL_ASSETS
BTC volatility spikes ahead of FOMC. Options market prices big move risk.,DIGITAL_ASSETS
Render token gains 35% on GPU demand. AI compute narrative drives rally.,DIGITAL_ASSETS
Bitcoin tests lower bollinger band. Oversold conditions may trigger bounce.,DIGITAL_ASSETS
Toncoin drops 7% despite Telegram growth. User adoption fails to boost price.,DIGITAL_ASSETS
BTC exchange outflows hit record high. HODLers moving coins to cold storage.,DIGITAL_ASSETS
Aptos rallies 28% on Move adoption. Developer activity metrics improve.,DIGITAL_ASSETS
Bitcoin fails to break 95000 resistance. Sellers defend key level aggressively.,DIGITAL_ASSETS
Injective gains 45% on derivatives growth. DEX trading volume surges.,DIGITAL_ASSETS
Asia-Pacific stocks trade mixed amid geopolitical tensions. Regional markets diverge on local factors.,MARKET_MOVEMENT
Dow Jones rises 200 points on earnings optimism. Blue chips lead market higher.,MARKET_MOVEMENT
S&P 500 closes at record high. Broad rally lifts benchmark index.,MARKET_MOVEMENT
Nasdaq falls 1.5% as tech sells off. Growth stocks face renewed pressure.,MARKET_MOVEMENT
European markets open lower on weak data. German manufacturing disappoints expectations.,MARKET_MOVEMENT
Asian stocks decline on China slowdown fears. Regional indices follow Wall Street lower.,MARKET_MOVEMENT
FTSE 100 drops 80 points on Brexit concerns. UK stocks underperform peers.,MARKET_MOVEMENT
Nikkei jumps 2% on yen weakness. Export stocks rally on currency moves.,MARKET_MOVEMENT
Shanghai Composite falls 1.2% on property worries. Real estate sector drags index.,MARKET_MOVEMENT
Hang Seng drops 3% on tech crackdown news. Chinese ADRs selloff spreads.,MARKET_MOVEMENT
DAX reaches new all-time high. German stocks outperform on export strength.,MARKET_MOVEMENT
KOSPI declines 0.8% on chip inventory concerns. Samsung leads market lower.,MARKET_MOVEMENT
ASX 200 gains 0.5% on mining strength. Resource stocks support Australian market.,MARKET_MOVEMENT
European stocks rally on ECB rate hopes. Doves gain influence on council.,MARKET_MOVEMENT
US futures point to higher open. Premarket gains follow Asian session strength.,MARKET_MOVEMENT
Markets tumble on recession fears. Global selloff accelerates into close.,MARKET_MOVEMENT
Stocks recover losses in afternoon trading. Dip buyers emerge at support.,MARKET_MOVEMENT
Wall Street ends flat ahead of Fed. Traders await policy guidance.,MARKET_MOVEMENT
Asian markets extend gains on China stimulus hopes. Policy optimism lifts sentiment.,MARKET_MOVEMENT
MSCI Emerging Markets index falls 2%. Dollar strength pressures developing economies.,MARKET_MOVEMENT
Russell 2000 surges 3% on rate cut bets. Small caps outperform large caps.,MARKET_MOVEMENT
European bourses close mixed. Regional divergence on economic data.,MARKET_MOVEMENT
Markets pare gains into close. Late selling trims early advances.,MARKET_MOVEMENT
Stocks open sharply lower on earnings miss. Tech giants disappoint investors.,MARKET_MOVEMENT
Indices whipsaw on volatile trading day. Bulls and bears battle for control.,MARKET_MOVEMENT
Markets drift lower in thin trading. Holiday week reduces participation.,MARKET_MOVEMENT
Equities surge on soft landing optimism. Goldilocks scenario gains traction.,MARKET_MOVEMENT
Stocks plunge on banking sector stress. Financial contagion fears resurface.,MARKET_MOVEMENT
Markets rally into month end. Window dressing lifts major indices.,MARKET_MOVEMENT
Asian session sees broad-based selling. Risk-off mood dominates overnight trading.,MARKET_MOVEMENT
Stocks climb wall of worry higher. Resilience surprises bearish investors.,MARKET_MOVEMENT
Markets selloff on geopolitical shock. Flight to safety accelerates.,MARKET_MOVEMENT
Indices rebound from oversold levels. Technical bounce attracts buyers.,MARKET_MOVEMENT
Stocks trade in tight range. Consolidation ahead of key events.,MARKET_MOVEMENT
Markets end week on positive note. Friday rally caps strong five days.,MARKET_MOVEMENT
Global equities decline for third day. Selling momentum builds across regions.,MARKET_MOVEMENT
Stocks jump on better-than-expected jobs data. Labor market strength lifts sentiment.,MARKET_MOVEMENT
Markets close at session highs. Buying accelerates into final hour.,MARKET_MOVEMENT
Asian stocks fall on China data miss. Manufacturing PMI disappoints markets.,MARKET_MOVEMENT
European markets gain on energy sector rally. Oil stocks lead advances.,MARKET_MOVEMENT
Trump threatens 100% tariff on Canadian goods. Trade tensions escalate with neighbor.,GEO_FINANCIAL
Biden announces new China chip restrictions. Tech export controls tighten further.,GEO_FINANCIAL
EU retaliates with tariffs on US products. Trade war expands across Atlantic.,GEO_FINANCIAL
China threatens rare earth export curbs. Strategic materials become trade weapon.,GEO_FINANCIAL
Trump proposes universal 10% tariff on imports. Protectionist policy gains momentum.,GEO_FINANCIAL
Mexico faces 25% tariff threat over border. Migration issue drives trade policy.,GEO_FINANCIAL
India raises duties on US agricultural products. Retaliatory measures take effect.,GEO_FINANCIAL
Trump warns of 200% tariff on European cars. Auto sector faces trade risk.,GEO_FINANCIAL
China imposes sanctions on US defense firms. Geopolitical tensions intensify.,GEO_FINANCIAL
Biden extends Trump-era China tariffs. Bipartisan support for trade restrictions.,GEO_FINANCIAL
EU threatens digital services tax retaliation. Tech giants caught in crossfire.,GEO_FINANCIAL
Trump demands trade deal renegotiation with allies. USMCA review proposed.,GEO_FINANCIAL
South Korea faces US tariff pressure on steel. Quota limits may tighten.,GEO_FINANCIAL
China restricts critical mineral exports. Supply chain concerns mount globally.,GEO_FINANCIAL
Trump targets Vietnam with currency manipulation label. Trade deficit drives action.,GEO_FINANCIAL
EU imposes carbon border tax on imports. Climate policy becomes trade issue.,GEO_FINANCIAL
India-China border tensions impact trade flows. Bilateral commerce disrupted.,GEO_FINANCIAL
Trump threatens Japan with auto tariffs. Trade surplus targeted for reduction.,GEO_FINANCIAL
Brazil faces US ethanol tariff increase. Agricultural trade dispute escalates.,GEO_FINANCIAL
China halts Australian wine imports. Diplomatic row affects exporters.,GEO_FINANCIAL
Yen weakens past 160 against dollar. Intervention concerns grow in Tokyo.,GEO_FINANCIAL
Euro falls to parity with dollar. Currency weakness reflects rate divergence.,GEO_FINANCIAL
Rupee hits record low of 85 per dollar. RBI intervention fails to stem decline.,GEO_FINANCIAL
Yuan depreciation accelerates past 7.3. PBOC allows managed weakness.,GEO_FINANCIAL
Sterling crashes 3% on political turmoil. UK currency faces confidence crisis.,GEO_FINANCIAL
Swiss franc surges as safe haven demand spikes. Global uncertainty boosts currency.,GEO_FINANCIAL
Turkish lira collapses 15% in single day. Currency crisis deepens on policy confusion.,GEO_FINANCIAL
Dollar index breaks above 110. Greenback strength pressures global markets.,GEO_FINANCIAL
Peso weakens sharply on nearshoring uncertainty. Mexico currency volatile on tariff threats.,GEO_FINANCIAL
Australian dollar falls on China demand concerns. Commodity currency underperforms.,GEO_FINANCIAL
Oil surges 5% on OPEC supply cut. Production reduction exceeds expectations.,GEO_FINANCIAL
Crude drops below 70 on demand fears. Recession concerns weigh on energy.,GEO_FINANCIAL
Natural gas spikes 20% on cold forecast. Winter demand expectations surge.,GEO_FINANCIAL
Brent crude rallies on Middle East tensions. Geopolitical premium returns to oil.,GEO_FINANCIAL
Oil falls 8% as strategic reserves released. Government action caps price gains.,GEO_FINANCIAL
WTI crude hits 100 per barrel. Supply disruptions drive energy higher.,GEO_FINANCIAL
Gas prices surge as pipeline shut for repairs. Infrastructure issues tighten supply.,GEO_FINANCIAL
Oil tumbles on surprise inventory build. Demand destruction fears resurface.,GEO_FINANCIAL
Energy stocks rally on crude price strength. Sector outperforms broader market.,GEO_FINANCIAL
Gasoline futures jump ahead of driving season. Summer demand expectations rise.,GEO_FINANCIAL
Gold hits record 2500 per ounce. Safe haven demand drives precious metal.,GEO_FINANCIAL
Silver surges 8% on industrial demand outlook. Solar panel growth supports prices.,GEO_FINANCIAL
Copper rallies on China stimulus optimism. Base metals gain on demand hopes.,GEO_FINANCIAL
Gold falls as dollar strength pressures metals. Inverse correlation weighs on prices.,GEO_FINANCIAL
Platinum jumps on hydrogen economy potential. Fuel cell catalyst demand rising.,GEO_FINANCIAL
Wheat prices spike on Black Sea export disruption. Food security concerns mount.,MACRO_ECONOMIC
Corn futures rally on drought conditions. US crop outlook deteriorates.,MACRO_ECONOMIC
Soybean prices surge on China buying. Agricultural exports strengthen.,MACRO_ECONOMIC
Coffee hits 10-year high on Brazil frost. Supply shock lifts commodity.,MACRO_ECONOMIC
Cocoa prices double on West African disease. Chocolate input costs soar.,MACRO_ECONOMIC
Sugar rallies on India export restrictions. Policy changes tighten global supply.,MACRO_ECONOMIC
Copper falls on China property slowdown. Construction demand weakens.,MACRO_ECONOMIC
Aluminum surges on European smelter closures. Energy costs force production cuts.,MACRO_ECONOMIC
Iron ore drops on steel demand concerns. Construction activity slows in China.,MACRO_ECONOMIC
Lithium prices crash 50% on supply glut. Battery metal oversupply weighs.,MACRO_ECONOMIC
US GDP grows 3.2% beating expectations. Consumer spending drives expansion.,MACRO_ECONOMIC
China Q3 growth slows to 4.5%. Property sector drag intensifies.,MACRO_ECONOMIC
Germany enters technical recession. Two consecutive quarters of contraction confirmed.,MACRO_ECONOMIC
UK economy stagnates with zero growth. Stagflation concerns persist.,MACRO_ECONOMIC
Japan GDP rebounds 2.1% on tourism. Inbound visitors boost services sector.,MACRO_ECONOMIC
India maintains 7% growth momentum. Domestic demand remains resilient.,MACRO_ECONOMIC
Brazil economy contracts 0.5% in Q2. Fiscal concerns weigh on outlook.,MACRO_ECONOMIC
US jobless claims fall to 210000. Labor market strength continues.,MACRO_ECONOMIC
Eurozone unemployment drops to record low. Labor shortages persist across region.,MACRO_ECONOMIC
China youth unemployment hits 20%. Structural issues concern policymakers.,MACRO_ECONOMIC
Fed officials signal pause in rate hikes. Data dependency emphasized.,MACRO_ECONOMIC
ECB hawks push for more tightening. Inflation concerns dominate debate.,MACRO_ECONOMIC
BOJ hints at yield curve control tweak. Policy normalization speculation rises.,MACRO_ECONOMIC
RBI holds rates steady fifth meeting. Inflation within target supports pause.,MACRO_ECONOMIC
PBOC cuts lending rates to support growth. Monetary easing continues in China.,MACRO_ECONOMIC
US consumer confidence falls sharply. Sentiment weakens on price pressures.,MACRO_ECONOMIC
Manufacturing PMI contracts for sixth month. Factory activity remains weak.,MACRO_ECONOMIC
Services PMI expands strongly at 55. Consumer spending supports services sector.,MACRO_ECONOMIC
Housing starts fall 10% as rates bite. Residential construction slows sharply.,MACRO_ECONOMIC
Retail sales exceed expectations rising 0.7%. Consumer resilience surprises economists.,MACRO_ECONOMIC
Personal savings rate drops to 3.5%. Households draw down buffers.,MACRO_ECONOMIC
Credit card delinquencies rise to 3%. Consumer stress signals emerge.,MACRO_ECONOMIC
Auto loan defaults increase sharply. Vehicle financing stress spreads.,MACRO_ECONOMIC
Mortgage applications fall to 25-year low. High rates freeze housing market.,MACRO_ECONOMIC
Business investment declines 2.1%. Capex pullback on uncertainty.,MACRO_ECONOMIC
bitcoin drops below 87000 as bears target 84000 btc price analysis,DIGITAL_ASSETS
btc falls to 85000 support level bitcoin trading analysis,DIGITAL_ASSETS
bitcoin price analysis btc tests key resistance at 90000,DIGITAL_ASSETS
btc price drops 5% overnight bitcoin technical analysis,DIGITAL_ASSETS
bitcoin breaks above 95000 btc price rally continues,DIGITAL_ASSETS
btc surges past 100k bitcoin price hits new all-time high,DIGITAL_ASSETS
bitcoin consolidates near 88000 btc trading range analysis,DIGITAL_ASSETS
btc whales accumulate during dip bitcoin on-chain analysis,DIGITAL_ASSETS
bitcoin miners selling pressure increases btc price impact,DIGITAL_ASSETS
btc funding rates spike bitcoin futures analysis,DIGITAL_ASSETS
bitcoin dominance rises to 55% btc market cap analysis,DIGITAL_ASSETS
btc options expiry approaching bitcoin volatility expected,DIGITAL_ASSETS
bitcoin hash rate hits record btc network analysis,DIGITAL_ASSETS
btc etf inflows continue bitcoin institutional demand,DIGITAL_ASSETS
bitcoin price prediction btc could reach 150000,DIGITAL_ASSETS
btc drops below 80000 bitcoin bear market fears,DIGITAL_ASSETS
bitcoin weekly close above 90000 btc bullish signal,DIGITAL_ASSETS
btc liquidations hit 500m bitcoin leverage flush,DIGITAL_ASSETS
bitcoin spot volume surges btc exchange analysis,DIGITAL_ASSETS
btc outflows from exchanges bitcoin accumulation trend,DIGITAL_ASSETS
xrp price liftoff to 10 will take time xrp trading analysis,DIGITAL_ASSETS
xrp surges 20% on sec case update ripple price analysis,DIGITAL_ASSETS
ripple xrp breaks above 2 dollar resistance trading analysis,DIGITAL_ASSETS
xrp price prediction ripple could rally to 5,DIGITAL_ASSETS
xrp trading volume spikes ripple market analysis,DIGITAL_ASSETS
ripple xrp partnership announcement price impact analysis,DIGITAL_ASSETS
xrp outperforms bitcoin ripple relative strength analysis,DIGITAL_ASSETS
xrp whale accumulation detected ripple on-chain analysis,DIGITAL_ASSETS
ripple xrp lawsuit update sec case trading analysis,DIGITAL_ASSETS
xrp price consolidates ripple technical analysis,DIGITAL_ASSETS
ethereum drops below 3000 eth price analysis,DIGITAL_ASSETS
eth staking rewards increase ethereum defi news,DIGITAL_ASSETS
ethereum gas fees spike eth network congestion analysis,DIGITAL_ASSETS
eth burns 1 million tokens ethereum deflationary analysis,DIGITAL_ASSETS
ethereum layer 2 growth eth scaling analysis,DIGITAL_ASSETS
eth price breaks 4000 ethereum bullish momentum,DIGITAL_ASSETS
ethereum whale moves 100k eth price impact analysis,DIGITAL_ASSETS
eth futures open interest rises ethereum derivatives analysis,DIGITAL_ASSETS
ethereum dencun upgrade eth technical analysis,DIGITAL_ASSETS
eth validator count grows ethereum staking analysis,DIGITAL_ASSETS
solana price rallies 15% sol trading analysis,DIGITAL_ASSETS
sol network outage solana technical issues analysis,DIGITAL_ASSETS
solana defi tvl grows sol ecosystem analysis,DIGITAL_ASSETS
sol price prediction solana could reach 500,DIGITAL_ASSETS
solana meme coins surge sol ecosystem trading,DIGITAL_ASSETS
cardano price drops 8% ada trading analysis,DIGITAL_ASSETS
ada staking rewards cardano network analysis,DIGITAL_ASSETS
cardano hydra scaling ada technical analysis,DIGITAL_ASSETS
dogecoin surges 25% doge meme coin analysis,DIGITAL_ASSETS
doge price rally dogecoin trading volume spikes,DIGITAL_ASSETS
shiba inu burns tokens shib price analysis,DIGITAL_ASSETS
pepe coin crashes 40% meme token analysis,DIGITAL_ASSETS
crypto market cap falls below 2t bitcoin altcoin analysis,DIGITAL_ASSETS
altcoin season approaching crypto market analysis,DIGITAL_ASSETS
defi total value locked reaches 100b crypto analysis,DIGITAL_ASSETS
nft trading volume surges digital collectibles analysis,DIGITAL_ASSETS
crypto exchange outflows hit record self-custody trend,DIGITAL_ASSETS
stablecoin market cap grows usdt usdc analysis,DIGITAL_ASSETS
bitcoin halving impact btc supply analysis,DIGITAL_ASSETS
crypto fear greed index extreme greed market sentiment,DIGITAL_ASSETS
rbi announces new liquidity measures central bank policy,FINANCE_POLICY
rbi monetary policy committee decision interest rate analysis,FINANCE_POLICY
rbi governor speech central bank policy outlook,FINANCE_POLICY
reserve bank of india circular rbi regulatory update,FINANCE_POLICY
rbi extends deadline for compliance central bank directive,FINANCE_POLICY
rbi imposes penalty on bank regulatory enforcement action,FINANCE_POLICY
rbi draft guidelines digital lending central bank policy,FINANCE_POLICY
reserve bank liquidity injection rbi open market operations,FINANCE_POLICY
rbi inflation targeting central bank policy framework,FINANCE_POLICY
rbi mpc minutes reveal policy stance central bank analysis,FINANCE_POLICY
sebi updates trading rules regulatory changes,FINANCE_POLICY
sebi circular on mutual funds regulatory update,FINANCE_POLICY
sebi enforcement action market manipulation case,FINANCE_POLICY
securities regulator sebi new disclosure norms,FINANCE_POLICY
sebi relaxes fpi limits regulatory easing,FINANCE_POLICY
sec files charges enforcement action regulatory news,FINANCE_POLICY
sec crypto regulation securities law enforcement,FINANCE_POLICY
sec etf approval regulatory decision analysis,FINANCE_POLICY
federal reserve policy statement central bank analysis,FINANCE_POLICY
fed chair testimony central bank policy outlook,FINANCE_POLICY
federal reserve balance sheet central bank operations,FINANCE_POLICY
fomc meeting minutes fed policy analysis,FINANCE_POLICY
ecb policy decision european central bank analysis,FINANCE_POLICY
ecb rate hike central bank policy tightening,FINANCE_POLICY
bank of england mpc decision central bank policy,FINANCE_POLICY
boe governor speech central bank policy outlook,FINANCE_POLICY
pboc policy easing china central bank analysis,FINANCE_POLICY
bank of japan yield curve control central bank policy,FINANCE_POLICY
irdai insurance regulation regulatory update,FINANCE_POLICY
cftc enforcement action derivatives regulation news,FINANCE_POLICY
asia-pacific stocks trade mixed market sentiment analysis,MARKET_MOVEMENT
asian markets open lower regional stocks decline,MARKET_MOVEMENT
nikkei drops on yen strength japan market analysis,MARKET_MOVEMENT
hang seng falls on china concerns hong kong market,MARKET_MOVEMENT
shanghai composite declines china stocks analysis,MARKET_MOVEMENT
kospi drops on chip concerns korea market analysis,MARKET_MOVEMENT
asx gains on mining stocks australia market analysis,MARKET_MOVEMENT
european markets open higher eu stocks rally,MARKET_MOVEMENT
ftse 100 falls uk market analysis,MARKET_MOVEMENT
dax reaches record high german stocks analysis,MARKET_MOVEMENT
stoxx 600 declines european market sentiment,MARKET_MOVEMENT
wall street futures point higher us premarket,MARKET_MOVEMENT
dow jones rises us stocks rally market analysis,MARKET_MOVEMENT
s&p 500 hits record high us market analysis,MARKET_MOVEMENT
nasdaq falls on tech selloff us market analysis,MARKET_MOVEMENT
russell 2000 surges small caps rally analysis,MARKET_MOVEMENT
msci emerging markets index falls em stocks analysis,MARKET_MOVEMENT
global stocks decline risk-off sentiment analysis,MARKET_MOVEMENT
markets rally on fed hopes risk sentiment improves,MARKET_MOVEMENT
stocks plunge on recession fears market selloff,MARKET_MOVEMENT
sensex nifty fall indian markets decline analysis,MARKET_MOVEMENT
indian stocks rally fii buying market analysis,MARKET_MOVEMENT
midcap stocks outperform market breadth analysis,MARKET_MOVEMENT
banking stocks lead gains sectoral analysis,MARKET_MOVEMENT
it stocks fall on earnings miss sectoral analysis,MARKET_MOVEMENT
trump threatens tariff on china trade war tensions,GEO_FINANCIAL
us china trade tensions escalate tariff analysis,GEO_FINANCIAL
biden announces china chip restrictions trade policy,GEO_FINANCIAL
eu retaliates with tariffs trade war analysis,GEO_FINANCIAL
mexico faces tariff threat trade tensions analysis,GEO_FINANCIAL
india raises duties retaliation trade policy,GEO_FINANCIAL
trade war fears weigh on markets geopolitical analysis,GEO_FINANCIAL
tariff impact on supply chains trade analysis,GEO_FINANCIAL
sanctions on russia economic impact analysis,GEO_FINANCIAL
china rare earth restrictions trade policy analysis,GEO_FINANCIAL
dollar strengthens on trade tensions currency analysis,GEO_FINANCIAL
yuan weakens on tariff fears china currency analysis,GEO_FINANCIAL
yen surges safe haven demand currency analysis,GEO_FINANCIAL
rupee falls to record low currency market analysis,GEO_FINANCIAL
euro drops to parity currency weakness analysis,GEO_FINANCIAL
forex volatility spikes currency market analysis,GEO_FINANCIAL
central bank intervention currency market news,GEO_FINANCIAL
oil prices surge middle east tensions energy analysis,GEO_FINANCIAL
crude falls on demand fears oil market analysis,GEO_FINANCIAL
opec cut boosts oil prices energy analysis,GEO_FINANCIAL
natural gas spikes winter demand energy analysis,GEO_FINANCIAL
gold hits record safe haven demand metals analysis,GEO_FINANCIAL
copper rallies china stimulus metals analysis,GEO_FINANCIAL
commodity prices fall recession fears analysis,GEO_FINANCIAL
energy stocks rally oil price gains sectoral analysis,GEO_FINANCIAL
inflation data higher than expected economic analysis,MACRO_ECONOMIC
cpi comes in hot inflation concerns mount,MACRO_ECONOMIC
core inflation sticky fed policy implications,MACRO_ECONOMIC
pce inflation fed preferred measure analysis,MACRO_ECONOMIC
gdp growth slows economic slowdown concerns,MACRO_ECONOMIC
gdp beats expectations economic resilience,MACRO_ECONOMIC
unemployment rate falls labor market strength,MACRO_ECONOMIC
jobless claims rise labor market cooling,MACRO_ECONOMIC
nonfarm payrolls beat jobs report analysis,MACRO_ECONOMIC
wage growth accelerates inflation concerns,MACRO_ECONOMIC
consumer confidence falls sentiment weakens,MACRO_ECONOMIC
retail sales exceed expectations consumer strength,MACRO_ECONOMIC
manufacturing pmi contracts factory slowdown,MACRO_ECONOMIC
services pmi expands economic resilience,MACRO_ECONOMIC
housing starts fall rate impact analysis,MACRO_ECONOMIC
fed rate decision interest rate analysis,MACRO_ECONOMIC
rate hike expectations fed policy outlook,MACRO_ECONOMIC
rate cut hopes markets rally analysis,MACRO_ECONOMIC
quantitative tightening fed balance sheet,MACRO_ECONOMIC
yield curve inverts recession signal analysis,MACRO_ECONOMIC
"bitcoin drops below 87000 as bears target 84000 bitcoin closed the week at 86588 after losing 87000 support, with bears eyeing a decisive break below 84000 that could accelerate declines toward 68000-72000.",DIGITAL_ASSETS
"xrp price liftoff to 10 will take time xrp is holding the 1.80-2 support, with multiple indicators suggesting an extended sideways price action before a liftoff toward double figures.",DIGITAL_ASSETS
crypto exchange binance faces regulatory scrutiny the worlds largest cryptocurrency exchange by trading volume is under investigation by multiple regulators for potential violations of securities laws.,DIGITAL_ASSETS
solana network congestion causes transaction delays blockchain issues affecting network performance.,DIGITAL_ASSETS
nft market sees 50 percent decline in trading volume digital collectibles market downturn.,DIGITAL_ASSETS
defi protocol hacked for 100 million dollars security breach in decentralized finance.,DIGITAL_ASSETS
rbi announces new liquidity measures the reserve bank of india has decided to conduct variable rate repo operations and usd/inr swap auctions to inject liquidity into the banking system.,FINANCE_POLICY
federal reserve signals interest rate pause fed officials indicated they are likely to hold rates steady at the upcoming fomc meeting while monitoring inflation data and labor market conditions.,FINANCE_POLICY
"sebi updates trading rules for mutual funds the securities and exchange board of india has revised guidelines for mutual fund investments, introducing new disclosure requirements and risk management norms.",FINANCE_POLICY
ecb raises rates by 25 basis points european central bank tightens monetary policy.,FINANCE_POLICY
new banking regulations announced by rbi reserve bank issues new guidelines for banks.,FINANCE_POLICY
asia-pacific stocks trade mixed amid geopolitical worries asian markets were mixed monday with japans nikkei 225 declining 1.92 percent as the yen strengthened while chinas csi 300 rose by 0.27 percent.,MARKET_MOVEMENT
"wall street closes higher on strong jobs data us stock markets ended the session with gains as the latest employment report showed robust job creation, easing recession concerns among investors.",MARKET_MOVEMENT
indian stocks plunge 3 percent on fii selling sensex nifty fall on foreign institutional investor outflows.,MARKET_MOVEMENT
european markets sink on recession fears stocks selloff across major european indices.,MARKET_MOVEMENT
dow s and p 500 nasdaq rise amid tech earnings us markets rally on positive corporate results.,MARKET_MOVEMENT
"trump threatens 100 percent tariff on canada in his truth social post, trump suggested that china would try to use canada to avoid paying us tariffs, escalating trade tensions between the nations.",GEO_FINANCIAL
"yen surges on intervention talk the dollar weakened against most major peers, the yen jumped and gold hit a record monday. the discussion on a potential currency pact reignited.",GEO_FINANCIAL
oil prices jump on middle east tensions energy markets react to geopolitical conflict.,GEO_FINANCIAL
dollar weakens against major currencies forex update on currency market movements.,GEO_FINANCIAL
china imposes sanctions on us companies trade conflict escalates between nations.,GEO_FINANCIAL
"us inflation falls to 3 percent in january consumer prices rose at the slowest pace in two years, with the core cpi excluding food and energy coming in below economist expectations.",MACRO_ECONOMIC
gdp growth slows to 2 percent in q4 economic slowdown as growth moderates.,MACRO_ECONOMIC
unemployment rate drops to historic low jobs report shows strong labor market.,MACRO_ECONOMIC
fomc minutes reveal hawkish stance federal open market committee members expressed concern about persistent inflation and signaled willingness to keep rates higher for longer.,MACRO_ECONOMIC
nse launches new derivatives segment exchange update on new trading products.,MARKET_INFRASTRUCTURE
treasury bond auction sees strong demand government securities attract investor interest.,MARKET_INFRASTRUCTURE
nyse announces trading halt procedures exchange rules for market disruptions.,MARKET_INFRASTRUCTURE
"btc falls 5 percent in morning session bitcoin price drops amid broader crypto market weakness, traders eye key support at 82000 level.",DIGITAL_ASSETS
"ethereum gas fees spike to 100 gwei eth network congestion increases as defi activity surges, users face higher transaction costs.",DIGITAL_ASSETS
cardano ada breaks above 1 dollar resistance level technical analysis suggests bullish momentum for the proof-of-stake blockchain.,DIGITAL_ASSETS
dogecoin doge rallies 20 percent on elon musk tweet meme coin surges after tesla ceo mentions cryptocurrency on social media.,DIGITAL_ASSETS
bitcoin btc whale moves 10000 coins to exchange large holder transfer sparks selling pressure concerns among traders.,DIGITAL_ASSETS
crypto market cap drops below 2 trillion digital assets face broad selloff as risk sentiment deteriorates.,DIGITAL_ASSETS
polygon matic announces major network upgrade layer 2 scaling solution to improve transaction throughput.,DIGITAL_ASSETS
avalanche avax defi ecosystem reaches 5 billion tvl decentralized finance growth on the blockchain accelerates.,DIGITAL_ASSETS
litecoin ltc halving event approaches miners prepare for block reward reduction scheduled for next month.,DIGITAL_ASSETS
chainlink link integration with major bank oracle network expands into traditional finance sector.,DIGITAL_ASSETS
uniswap uni token governance vote passes decentralized exchange community approves fee switch proposal.,DIGITAL_ASSETS
cosmos atom staking rewards increase network validator economics improve for delegators.,DIGITAL_ASSETS
near protocol expands ai integration blockchain platform targets artificial intelligence use cases.,DIGITAL_ASSETS
toncoin ton telegram integration deepens messaging app cryptocurrency sees growing adoption.,DIGITAL_ASSETS
arbitrum arb airdrop distribution begins layer 2 token launch attracts significant user interest.,DIGITAL_ASSETS
rbi mpc decides to keep repo rate unchanged at 6.5 percent the monetary policy committee voted 4-2 to maintain the status quo on interest rates while keeping the stance at withdrawal of accommodation.,FINANCE_POLICY
sebi bars promoter from securities market for 5 years regulator takes action against insider trading violations at listed company.,FINANCE_POLICY
federal reserve chair powell testifies before congress fed official discusses monetary policy outlook and inflation expectations with lawmakers.,FINANCE_POLICY
ecb president lagarde warns of sticky inflation european central bank signals more rate hikes may be needed to control prices.,FINANCE_POLICY
bank of england holds rates at 5.25 percent boe mpc votes 6-3 to maintain current policy stance amid mixed economic signals.,FINANCE_POLICY
rbi issues guidelines on digital lending apps central bank mandates new rules for fintech platforms offering consumer loans.,FINANCE_POLICY
sec approves spot bitcoin etf applications us regulator gives green light to cryptocurrency investment products.,FINANCE_POLICY
cftc files charges against crypto derivatives platform regulator alleges unregistered futures trading operations.,FINANCE_POLICY
irdai increases fdi limit in insurance sector regulatory change allows higher foreign investment in insurance companies.,FINANCE_POLICY
sebi introduces t+1 settlement for equity trades market regulator implements faster settlement cycle for stock transactions.,FINANCE_POLICY
sensex jumps 500 points nifty closes above 22000 indian benchmark indices rally on strong quarterly earnings and foreign inflows.,MARKET_MOVEMENT
nasdaq drops 2 percent as tech stocks selloff us technology sector faces pressure from rising bond yields.,MARKET_MOVEMENT
hang seng plunges 3 percent on china property concerns hong kong stocks fall on evergrande debt crisis worries.,MARKET_MOVEMENT
dax hits record high german stocks rally on export strength european markets gain on positive economic data.,MARKET_MOVEMENT
ftse 100 falls on mining sector weakness uk stocks decline as commodity prices drop.,MARKET_MOVEMENT
nikkei 225 surges 2 percent on yen weakness japanese stocks benefit from currency depreciation boosting exporters.,MARKET_MOVEMENT
shanghai composite drops 1.5 percent china stocks fall on disappointing pmi data.,MARKET_MOVEMENT
kospi declines on samsung earnings miss korean stocks drop as tech giant reports weak quarterly results.,MARKET_MOVEMENT
asx 200 gains on iron ore price rally australian stocks rise on strong commodity demand from china.,MARKET_MOVEMENT
msci emerging markets index falls 2 percent developing market stocks decline on dollar strength.,MARKET_MOVEMENT
midcap stocks outperform largecaps broader market shows strength as smaller companies rally.,MARKET_MOVEMENT
bank stocks rally on rate hike expectations financial sector gains on anticipated fed tightening.,MARKET_MOVEMENT
it stocks tumble on weak guidance technology companies face selling pressure after cautious outlook.,MARKET_MOVEMENT
auto stocks surge on ev demand automobile sector rallies on electric vehicle sales growth.,MARKET_MOVEMENT
pharma stocks gain on drug approval healthcare sector rises after fda greenlights new treatment.,MARKET_MOVEMENT
us announces 25 percent tariffs on chinese goods biden administration escalates trade restrictions on imports from china.,GEO_FINANCIAL
eu threatens retaliation on us steel tariffs european union warns of countermeasures if american trade barriers remain.,GEO_FINANCIAL
india raises duties on us agricultural products new delhi responds to washington trade policy changes.,GEO_FINANCIAL
china restricts rare earth exports to us beijing limits critical mineral supplies amid trade tensions.,GEO_FINANCIAL
mexico faces tariff threat over immigration us administration considers trade measures linked to border issues.,GEO_FINANCIAL
rupee falls to 84 per dollar indian currency hits record low as capital outflows accelerate.,GEO_FINANCIAL
euro drops below parity with dollar single currency weakens on energy crisis concerns.,GEO_FINANCIAL
yuan depreciation accelerates past 7.3 chinese currency falls to lowest level in years.,GEO_FINANCIAL
sterling plunges on uk political turmoil british pound faces volatility amid government uncertainty.,GEO_FINANCIAL
swiss franc surges as safe haven demand spikes investors flock to traditional safe currencies.,GEO_FINANCIAL
brent crude jumps to 95 per barrel oil prices rally on opec supply cut announcement.,GEO_FINANCIAL
natural gas prices spike 15 percent on cold weather forecast energy costs surge on winter demand expectations.,GEO_FINANCIAL
gold hits 2400 per ounce on geopolitical tensions precious metal rallies as safe haven buying increases.,GEO_FINANCIAL
copper prices fall on china demand concerns base metal drops on weak construction activity.,GEO_FINANCIAL
wheat prices surge on black sea export disruption grain markets rally on supply chain concerns.,GEO_FINANCIAL
cpi inflation eases to 4.5 percent in march consumer prices moderate as food costs stabilize.,MACRO_ECONOMIC
us gdp grows 3.2 percent in q1 economy expands faster than expected on strong consumer spending.,MACRO_ECONOMIC
china q1 growth comes in at 4.5 percent asian giant posts slower expansion amid property sector drag.,MACRO_ECONOMIC
germany enters technical recession europe's largest economy contracts for second straight quarter.,MACRO_ECONOMIC
uk inflation remains sticky at 6.5 percent british prices stay elevated despite bank of england rate hikes.,MACRO_ECONOMIC
japan core cpi rises to 3.1 percent inflation in japan accelerates to highest level in decades.,MACRO_ECONOMIC
india gdp growth at 7.2 percent in fy24 indian economy maintains strong momentum on domestic demand.,MACRO_ECONOMIC
us jobless claims fall to 200000 labor market remains tight as weekly filings stay low.,MACRO_ECONOMIC
eurozone unemployment drops to 6.5 percent european job market shows resilience despite economic slowdown.,MACRO_ECONOMIC
china pmi contracts to 49.5 in april manufacturing sector shrinks for second consecutive month.,MACRO_ECONOMIC
us services pmi expands to 55 services sector shows continued strength as demand holds up.,MACRO_ECONOMIC
retail sales rise 0.6 percent in march consumer spending exceeds expectations despite inflation.,MACRO_ECONOMIC
housing starts fall 10 percent on rate impact residential construction slows as mortgage costs rise.,MACRO_ECONOMIC
industrial production grows 4.5 percent factory output accelerates on strong export orders.,MACRO_ECONOMIC
consumer confidence index falls to 98 sentiment weakens on inflation and economic uncertainty concerns.,MACRO_ECONOMIC
bse signs technology partnership with deutsche borse indian exchange collaborates with german counterpart on trading systems.,MARKET_INFRASTRUCTURE
nse clearing corporation updates margin framework nsccl revises collateral requirements for derivatives trading.,MARKET_INFRASTRUCTURE
10 year treasury yield rises to 4.5 percent government bond yields climb on inflation expectations.,MARKET_INFRASTRUCTURE
corporate bond issuance reaches record high companies raise funds through debt markets at accelerated pace.,MARKET_INFRASTRUCTURE
mcx launches gold options trading commodity exchange introduces new derivatives products.,MARKET_INFRASTRUCTURE
state development loans auction sees full subscription sdl bonds attract strong investor demand.,MARKET_INFRASTRUCTURE
nasdaq implements new circuit breaker rules exchange updates trading halt procedures for volatile markets.,MARKET_INFRASTRUCTURE
municipal bond market grows to 500 billion local government debt issuance expands significantly.,MARKET_INFRASTRUCTURE
sebi approves t+0 settlement pilot regulator allows same-day settlement for select stocks.,MARKET_INFRASTRUCTURE
sgx and nse partner on derivative products singapore and indian exchanges collaborate on new offerings.,MARKET_INFRASTRUCTURE
nft market sees 50 percent decline in trading volume digital collectibles market experiences significant downturn as investor interest wanes.,DIGITAL_ASSETS
nft sales plunge to lowest level in two years opensea blur volumes collapse as speculative interest fades.,DIGITAL_ASSETS
nft floor prices crash across major collections bored apes cryptopunks see significant value erosion.,DIGITAL_ASSETS
nft marketplace blur overtakes opensea in trading volume new platform gains market share with zero fee model.,DIGITAL_ASSETS
nft royalties debate intensifies as platforms cut creator fees digital artists face reduced income from secondary sales.,DIGITAL_ASSETS
nft gaming sector shows resilience despite market downturn play-to-earn games maintain user engagement.,DIGITAL_ASSETS
nft art sales reach 100 million at christies auction house traditional art world embraces digital collectibles.,DIGITAL_ASSETS
nft ticketing gains traction for live events blockchain-based tickets reduce fraud and enable resale tracking.,DIGITAL_ASSETS
nft fashion collaboration between gucci and yuga labs luxury brands explore digital collectibles market.,DIGITAL_ASSETS
nft music royalties platform raises 50 million artists tokenize future earnings for upfront capital.,DIGITAL_ASSETS
nft lending protocol enables collateralized loans holders can borrow against digital collectibles without selling.,DIGITAL_ASSETS
nft fractionalization allows shared ownership of expensive art investors buy pieces of high-value collectibles.,DIGITAL_ASSETS
nft wash trading concerns rise as volumes spike artificial activity inflates marketplace metrics.,DIGITAL_ASSETS
nft real estate tokenization gains regulatory clarity property ownership on blockchain moves forward.,DIGITAL_ASSETS
nft sports memorabilia market grows with nba top shot basketball highlights drive collector interest.,DIGITAL_ASSETS
nft carbon credits emerge as climate solution environmental assets tokenized for transparent trading.,DIGITAL_ASSETS
nft identity verification use cases expand beyond collectibles digital identity on blockchain gains adoption.,DIGITAL_ASSETS
nft marketplace fees comparison shows wide variation platforms compete on transaction costs.,DIGITAL_ASSETS
nft mint prices drop as demand cools new collection launches struggle to sell out.,DIGITAL_ASSETS
nft community governance tokens gain utility holders vote on collection roadmap decisions.,DIGITAL_ASSETS
rbi announces new liquidity measures the reserve bank of india has decided to conduct variable rate repo operations and usd/inr swap auctions.,FINANCE_POLICY
rbi keeps repo rate unchanged at 6.5 percent monetary policy committee votes to maintain status quo on interest rates.,FINANCE_POLICY
rbi governor das warns of inflation risks central bank chief emphasizes vigilance on price stability.,FINANCE_POLICY
rbi imposes penalty on hdfc bank for regulatory violations central bank takes action on compliance failures.,FINANCE_POLICY
rbi releases guidelines on digital lending apps new rules mandate transparency in loan terms and fees.,FINANCE_POLICY
rbi extends deadline for card tokenization central bank gives more time for compliance with data security norms.,FINANCE_POLICY
rbi announces open market operations to manage liquidity central bank to buy government securities worth 25000 crore.,FINANCE_POLICY
rbi tightens norms for nbfc lending non-banking financial companies face stricter capital requirements.,FINANCE_POLICY
rbi allows higher fdi in insurance sector foreign investment limit raised to 74 percent.,FINANCE_POLICY
rbi launches digital rupee pilot cbdc testing begins in select cities with participating banks.,FINANCE_POLICY
rbi deputy governor speech highlights fintech regulation central bank official outlines supervisory approach.,FINANCE_POLICY
rbi cancels license of cooperative bank regulatory action on weak financial position.,FINANCE_POLICY
rbi mpc minutes show divided opinion on rates committee members debate inflation trajectory.,FINANCE_POLICY
rbi circular on priority sector lending new guidelines for agricultural credit targets.,FINANCE_POLICY
rbi allows banks to set their own lending rates freedom in pricing boosts competition.,FINANCE_POLICY
rbi warns banks on exposure to adani group central bank reviews credit risk concentration.,FINANCE_POLICY
rbi increases withdrawal limit for pmjdy accounts financial inclusion measures expanded.,FINANCE_POLICY
rbi releases financial stability report banking system health assessment shows resilience.,FINANCE_POLICY
rbi governor meets bank ceos to discuss credit growth central bank pushes for increased lending.,FINANCE_POLICY
rbi introduces positive pay system for cheques fraud prevention measure for high-value instruments.,FINANCE_POLICY
rbi revises risk weights for consumer loans central bank tightens norms for unsecured lending.,FINANCE_POLICY
rbi allows offshore rupee settlement international trade in indian currency facilitated.,FINANCE_POLICY
rbi extends co-lending guidelines to nbfcs partnership model for priority sector expanded.,FINANCE_POLICY
rbi bulletin analyzes inflation dynamics economic research highlights supply-side factors.,FINANCE_POLICY
rbi deputy governor patra on monetary transmission rate changes passing through to borrowers.,FINANCE_POLICY
federal reserve signals interest rate pause fed officials indicated they are likely to hold rates steady.,FINANCE_POLICY
federal reserve chair powell testifies before congress fed chief discusses inflation and employment outlook.,FINANCE_POLICY
federal reserve raises rates by 25 basis points fed continues tightening cycle to combat inflation.,FINANCE_POLICY
federal reserve balance sheet reduction continues quantitative tightening proceeds at planned pace.,FINANCE_POLICY
federal reserve officials split on rate path fed governors express varying views on policy.,FINANCE_POLICY
federal reserve stresses inflation fight not over powell emphasizes commitment to 2 percent target.,FINANCE_POLICY
federal reserve announces emergency lending facility banking sector support measures activated.,FINANCE_POLICY
federal reserve vice chair speaks on financial stability second-in-command addresses systemic risks.,FINANCE_POLICY
federal reserve regional bank presidents share economic outlook decentralized views on us economy.,FINANCE_POLICY
federal reserve stress test results show banks well capitalized annual assessment positive for large lenders.,FINANCE_POLICY
federal reserve updates guidance on bank supervision regulatory approach modernized.,FINANCE_POLICY
federal reserve governor waller argues for more rate hikes hawkish official pushes for tighter policy.,FINANCE_POLICY
federal reserve considers standing repo facility permanent liquidity backstop under discussion.,FINANCE_POLICY
federal reserve releases beige book economic survey regional economic conditions mixed across districts.,FINANCE_POLICY
federal reserve chair powell speaks at jackson hole annual symposium draws global central banker attention.,FINANCE_POLICY
federal reserve dots signal higher rates for longer median projection shows elevated rates through 2024.,FINANCE_POLICY
federal reserve new york president williams on neutral rate equilibrium interest rate debate continues.,FINANCE_POLICY
federal reserve san francisco president daly on labor market employment conditions assessment.,FINANCE_POLICY
federal reserve chicago president goolsbee shares inflation outlook midwestern economic perspective.,FINANCE_POLICY
federal reserve atlanta president bostic on economic resilience southeastern region analysis.,FINANCE_POLICY
fed funds rate target maintained at current level no change in benchmark interest rate.,FINANCE_POLICY
fed officials debate soft landing prospects central bankers assess recession probability.,FINANCE_POLICY
fed policy pivot expectations grow markets price in rate cuts for next year.,FINANCE_POLICY
fed liquidity injection supports money markets overnight funding pressures ease.,FINANCE_POLICY
fed supervision of regional banks under scrutiny congressional hearing on bank failures.,FINANCE_POLICY
ecb raises rates by 25 basis points european central bank continues monetary tightening.,FINANCE_POLICY
ecb president lagarde warns inflation fight not over european central bank chief remains vigilant.,FINANCE_POLICY
ecb governing council meets in frankfurt rate decision expected from european policymakers.,FINANCE_POLICY
ecb announces new bond purchase program transmission protection instrument activated.,FINANCE_POLICY
ecb staff projections show lower growth forecast economic outlook downgraded for eurozone.,FINANCE_POLICY
ecb chief economist lane on inflation dynamics price stability analysis from frankfurt.,FINANCE_POLICY
ecb executive board member schnabel on wage pressures labor cost concerns in eurozone.,FINANCE_POLICY
ecb vice president de guindos on banking sector european financial stability assessment.,FINANCE_POLICY
ecb raises deposit rate to highest level in decades record rates for european savers.,FINANCE_POLICY
ecb minutes reveal debate over rate path governing council members split on policy.,FINANCE_POLICY
ecb announces end to negative interest rate era historic policy shift in europe.,FINANCE_POLICY
ecb increases reserve requirement for banks liquidity management tool adjusted.,FINANCE_POLICY
ecb survey shows inflation expectations remain elevated consumers anticipate persistent price rises.,FINANCE_POLICY
ecb systemic risk board warns of vulnerabilities financial stability concerns in europe.,FINANCE_POLICY
ecb digital euro project moves to next phase cbdc development progresses.,FINANCE_POLICY
ecb bundesbank president nagel pushes for more rate hikes german central bank chief hawkish.,FINANCE_POLICY
ecb bank of france governor villeroy on growth prospects french economic outlook.,FINANCE_POLICY
ecb bank of italy governor visco on debt sustainability italian fiscal situation assessment.,FINANCE_POLICY
ecb austrian central bank governor holzmann on inflation austrian perspective on prices.,FINANCE_POLICY
ecb dutch central bank president knot on policy outlook netherlands view on rates.,FINANCE_POLICY
fomc minutes reveal hawkish stance federal open market committee members concerned about inflation.,MACRO_ECONOMIC
fomc meeting concludes with rate decision federal open market committee announces policy.,MACRO_ECONOMIC
fomc dot plot shows higher rates expected committee members project elevated rates ahead.,MACRO_ECONOMIC
fomc statement emphasizes data dependence policy decisions contingent on economic indicators.,MACRO_ECONOMIC
fomc press conference powell takes questions fed chair clarifies policy intentions.,MACRO_ECONOMIC
fomc projections show inflation moderating committee forecasts price pressures easing.,MACRO_ECONOMIC
fomc unanimous vote on rate decision all members agree on policy stance.,MACRO_ECONOMIC
fomc split vote reveals policy debate dissenting members favor different approach.,MACRO_ECONOMIC
fomc statement removes key language policy guidance shifts with updated wording.,MACRO_ECONOMIC
fomc meeting preview markets anticipate rate decision traders position ahead of announcement.,MACRO_ECONOMIC
fomc forward guidance indicates prolonged tightening committee signals restrictive policy continuing.,MACRO_ECONOMIC
fomc assessment of economic conditions balance of risks evaluated by committee.,MACRO_ECONOMIC
fomc labor market evaluation employment conditions factor into policy decisions.,MACRO_ECONOMIC
fomc inflation expectations analysis price stability assessment guides committee.,MACRO_ECONOMIC
fomc financial conditions review market tightness considered in policy deliberations.,MACRO_ECONOMIC
fomc gdp forecast revised lower growth outlook moderated by committee.,MACRO_ECONOMIC
fomc unemployment projection shows resilient labor market jobs forecast stable.,MACRO_ECONOMIC
fomc core pce inflation target commitment 2 percent goal reaffirmed by committee.,MACRO_ECONOMIC
fomc september meeting approaches markets await next rate decision.,MACRO_ECONOMIC
fomc november meeting expectations build traders forecast policy outcome.,MACRO_ECONOMIC
bitcoin price drops 8 percent overnight btc falls as leveraged positions liquidated across exchanges.,DIGITAL_ASSETS
bitcoin etf sees record daily inflows institutional demand for btc exposure surges.,DIGITAL_ASSETS
bitcoin halving countdown begins miners prepare for block reward reduction in april.,DIGITAL_ASSETS
bitcoin network hashrate reaches all-time high security increases as more miners join.,DIGITAL_ASSETS
bitcoin dominance rises above 50 percent btc outperforms altcoins in market rally.,DIGITAL_ASSETS
bitcoin whale accumulation continues large holders add to positions during dip.,DIGITAL_ASSETS
bitcoin futures open interest hits record derivatives market activity surges.,DIGITAL_ASSETS
bitcoin mining difficulty adjusts higher competition increases among miners.,DIGITAL_ASSETS
bitcoin lightning network capacity grows layer 2 adoption accelerates for payments.,DIGITAL_ASSETS
bitcoin spot volume surges on major exchanges trading activity indicates strong interest.,DIGITAL_ASSETS
ethereum gas fees spike to 200 gwei network congestion increases transaction costs.,DIGITAL_ASSETS
ethereum staking withdrawals enabled shanghai upgrade allows validator exits.,DIGITAL_ASSETS
ethereum layer 2 solutions see record activity arbitrum optimism volumes surge.,DIGITAL_ASSETS
ethereum burns 100 million in fees deflationary mechanism reduces supply.,DIGITAL_ASSETS
ethereum foundation sells eth for operational expenses treasury management decisions.,DIGITAL_ASSETS
ethereum merge anniversary marks one year proof-of-stake transition celebrated.,DIGITAL_ASSETS
ethereum dencun upgrade goes live proto-danksharding improves scalability.,DIGITAL_ASSETS
ethereum validator count exceeds 900000 staking participation continues growing.,DIGITAL_ASSETS
ethereum blob fees drop significantly eip-4844 reduces layer 2 costs.,DIGITAL_ASSETS
ethereum restaking protocol eigenlayer hits 10 billion tvl shared security model gains traction.,DIGITAL_ASSETS
solana price rallies 15 percent sol gains on ecosystem growth and network improvements.,DIGITAL_ASSETS
solana network processes 50000 transactions per second throughput milestone achieved.,DIGITAL_ASSETS
solana defi tvl reaches 5 billion ecosystem value locked grows substantially.,DIGITAL_ASSETS
solana mobile saga phone sales surge crypto smartphone gains consumer interest.,DIGITAL_ASSETS
solana meme coin mania drives network activity speculative tokens boost transaction count.,DIGITAL_ASSETS
xrp price jumps on sec case developments ripple legal battle nears conclusion.,DIGITAL_ASSETS
xrp relisted on major us exchanges coinbase kraken restore trading.,DIGITAL_ASSETS
xrp on-demand liquidity volume grows cross-border payments using token increase.,DIGITAL_ASSETS
xrp partnerships expand in asia pacific ripple signs new banking clients.,DIGITAL_ASSETS
xrp whale transfers 100 million tokens large holder movement sparks speculation.,DIGITAL_ASSETS
cardano hydra scaling solution launches ada network improves throughput capacity.,DIGITAL_ASSETS
cardano governance update implements cip-1694 decentralized decision making advances.,DIGITAL_ASSETS
cardano defi ecosystem grows with new protocols ada locked value increases.,DIGITAL_ASSETS
dogecoin rallies on elon musk comments doge price volatile on social media.,DIGITAL_ASSETS
dogecoin integration rumored for x platform payment speculation drives trading.,DIGITAL_ASSETS
polygon zkevm sees growing adoption ethereum scaling solution attracts developers.,DIGITAL_ASSETS
polygon partnerships with major brands web3 integrations expand reach.,DIGITAL_ASSETS
avalanche subnets launch for gaming custom blockchains for game developers.,DIGITAL_ASSETS
chainlink ccip enables cross-chain communication interoperability protocol goes live.,DIGITAL_ASSETS
uniswap v4 hooks feature excites developers customizable liquidity pools coming.,DIGITAL_ASSETS
aave launches gho stablecoin defi lending giant enters stablecoin market.,DIGITAL_ASSETS
compound governance proposal passes community votes on protocol changes.,DIGITAL_ASSETS
makerdao revenue hits record high dai stablecoin protocol earnings surge.,DIGITAL_ASSETS
curve finance crv token buyback program protocol uses revenue for token purchases.,DIGITAL_ASSETS
lido dominates liquid staking market steth maintains majority market share.,DIGITAL_ASSETS
binance faces legal challenges in multiple jurisdictions exchange regulatory scrutiny intensifies.,DIGITAL_ASSETS
coinbase stock rallies on etf approval crypto exchange benefits from institutional interest.,DIGITAL_ASSETS
kraken settles with sec for 30 million staking service allegations resolved.,DIGITAL_ASSETS
okx expands to new markets exchange grows international presence.,DIGITAL_ASSETS
bybit launches spot trading for us users exchange cautiously enters american market.,DIGITAL_ASSETS
crypto custody solutions attract institutional capital secure storage services grow.,DIGITAL_ASSETS
defi hacks total 1 billion in year security remains major concern.,DIGITAL_ASSETS
stablecoin market cap reaches 130 billion tether usdc dominate space.,DIGITAL_ASSETS
sebi cracks down on front running market manipulation cases pursued aggressively.,FINANCE_POLICY
sebi introduces t plus 1 settlement faster trade settlement cycle implemented.,FINANCE_POLICY
sebi relaxes fpi investment norms foreign portfolio investor limits increased.,FINANCE_POLICY
sebi mandates additional disclosures for listed companies transparency requirements enhanced.,FINANCE_POLICY
sebi approves framework for social stock exchange impact investing platform launched.,FINANCE_POLICY
sebi warns against unregistered investment advisors investor protection measures emphasized.,FINANCE_POLICY
sebi reviews mutual fund expense ratios cost structures under regulatory scrutiny.,FINANCE_POLICY
sebi updates takeover code acquisition regulations modernized.,FINANCE_POLICY
sebi allows direct listing of indian companies abroad overseas listing framework established.,FINANCE_POLICY
sebi simplifies ipo process for startups listing requirements eased for tech firms.,FINANCE_POLICY
sec charges crypto firm with fraud enforcement action against digital asset company.,FINANCE_POLICY
sec wells notice sent to coinbase potential enforcement action signaled.,FINANCE_POLICY
sec proposes new climate disclosure rules sustainability reporting requirements expanded.,FINANCE_POLICY
sec chair gensler on crypto regulation agency head outlines approach to digital assets.,FINANCE_POLICY
sec delays spot ethereum etf decision approval timeline extended for review.,FINANCE_POLICY
sec brings action against accounting fraud financial statement manipulation alleged.,FINANCE_POLICY
sec updates whistleblower program informant rewards increased.,FINANCE_POLICY
sec reviews market structure rules equity trading regulations under examination.,FINANCE_POLICY
sec approves new exchange listing standards market quality requirements updated.,FINANCE_POLICY
sec enforcement division busy with crypto cases digital asset actions dominate agenda.,FINANCE_POLICY
bank of england holds rates at 5.25 percent boe maintains restrictive policy stance.,FINANCE_POLICY
bank of england governor bailey on inflation uk central bank chief addresses prices.,FINANCE_POLICY
bank of england mpc vote split on rates members disagree on policy direction.,FINANCE_POLICY
bank of japan maintains yield curve control boj keeps ultra-loose policy.,FINANCE_POLICY
bank of japan governor ueda signals policy review potential changes under consideration.,FINANCE_POLICY
pboc cuts reserve requirement ratio china eases monetary policy to support growth.,FINANCE_POLICY
pboc sets yuan fixing weaker chinese central bank guides currency lower.,FINANCE_POLICY
swiss national bank raises rates snb continues tightening cycle.,FINANCE_POLICY
reserve bank of australia holds rates steady rba pauses in tightening cycle.,FINANCE_POLICY
bank of canada maintains policy rate boc keeps rates unchanged amid uncertainty.,FINANCE_POLICY
sensex jumps 500 points nifty closes above 22000 indian markets rally on domestic flows.,MARKET_MOVEMENT
sensex crashes 1000 points nifty below 21500 markets tumble on global selloff.,MARKET_MOVEMENT
nifty hits new all-time high benchmark index reaches record levels.,MARKET_MOVEMENT
midcap index outperforms largecap broader market shows strength.,MARKET_MOVEMENT
smallcap stocks rally 5 percent risk appetite returns to market.,MARKET_MOVEMENT
bank nifty surges 3 percent financial stocks lead gains.,MARKET_MOVEMENT
it index falls on weak guidance technology stocks under pressure.,MARKET_MOVEMENT
metal stocks rally on china stimulus commodity prices lift sector.,MARKET_MOVEMENT
auto stocks gain on sales data vehicle demand remains strong.,MARKET_MOVEMENT
pharma index rises on drug approvals healthcare sector advances.,MARKET_MOVEMENT
dow jones falls 400 points us markets decline on rate concerns.,MARKET_MOVEMENT
s&p 500 hits record high us benchmark reaches new peak.,MARKET_MOVEMENT
nasdaq drops 2 percent tech selloff tech stocks face profit taking.,MARKET_MOVEMENT
russell 2000 surges 4 percent small caps outperform on rate hopes.,MARKET_MOVEMENT
vix spikes to 25 volatility index shows fear rising.,MARKET_MOVEMENT
hang seng plunges 4 percent hong kong stocks tumble on china worries.,MARKET_MOVEMENT
shanghai composite falls 2 percent china a-shares decline.,MARKET_MOVEMENT
nikkei rallies 3 percent japanese stocks gain on yen weakness.,MARKET_MOVEMENT
kospi drops on chip concerns korean stocks fall on semiconductor outlook.,MARKET_MOVEMENT
asx 200 gains on mining strength australian stocks rise on commodities.,MARKET_MOVEMENT
stoxx 600 falls 1 percent european stocks decline broadly.,MARKET_MOVEMENT
dax hits record high german stocks reach new peak.,MARKET_MOVEMENT
ftse 100 drops on mining weakness uk stocks fall on commodity prices.,MARKET_MOVEMENT
cac 40 gains 1 percent french stocks advance.,MARKET_MOVEMENT
msci emerging markets falls 2 percent developing market stocks decline.,MARKET_MOVEMENT
fii selling continues for fifth day foreign institutional investors reduce exposure.,MARKET_MOVEMENT
dii buying supports market domestic institutions absorb selling pressure.,MARKET_MOVEMENT
global markets rally on fed pivot hopes risk assets gain.,MARKET_MOVEMENT
markets selloff on recession fears economic concerns drive selling.,MARKET_MOVEMENT
stocks recover from morning lows buyers emerge at support levels.,MARKET_MOVEMENT
us inflation falls to 3 percent cpi shows price pressures easing.,MACRO_ECONOMIC
us inflation higher than expected cpi surprises to upside.,MACRO_ECONOMIC
core inflation remains sticky services prices stay elevated.,MACRO_ECONOMIC
pce inflation matches expectations fed preferred gauge in line.,MACRO_ECONOMIC
us gdp grows 3 percent economy expands above trend.,MACRO_ECONOMIC
us gdp contracts signaling recession two consecutive quarters of decline.,MACRO_ECONOMIC
china gdp growth slows to 4 percent asian giant faces headwinds.,MACRO_ECONOMIC
india gdp grows 7.5 percent fastest major economy.,MACRO_ECONOMIC
eurozone gdp stagnates europe narrowly avoids recession.,MACRO_ECONOMIC
uk gdp contracts britain enters technical recession.,MACRO_ECONOMIC
germany gdp falls europe's largest economy shrinks.,MACRO_ECONOMIC
japan gdp rebounds on tourism services sector recovers.,MACRO_ECONOMIC
us unemployment falls to 3.5 percent labor market remains tight.,MACRO_ECONOMIC
us jobless claims rise labor market showing cracks.,MACRO_ECONOMIC
nonfarm payrolls beat expectations jobs growth stays strong.,MACRO_ECONOMIC
wage growth accelerates to 5 percent labor costs rising.,MACRO_ECONOMIC
eurozone unemployment hits record low jobs market strong.,MACRO_ECONOMIC
china youth unemployment rises to 20 percent structural issues persist.,MACRO_ECONOMIC
us consumer confidence falls sentiment weakens on inflation.,MACRO_ECONOMIC
us retail sales rise 0.5 percent consumer spending resilient.,MACRO_ECONOMIC
manufacturing pmi contracts at 48 factory activity weak.,MACRO_ECONOMIC
services pmi expands at 55 services sector strong.,MACRO_ECONOMIC
housing starts fall 15 percent construction slows sharply.,MACRO_ECONOMIC
existing home sales drop mortgage rates impact market.,MACRO_ECONOMIC
industrial production rises 3 percent factory output grows.,MACRO_ECONOMIC
trump threatens 200 percent tariff on china trade war escalation continues.,GEO_FINANCIAL
biden announces new tariffs on chinese evs electric vehicle imports taxed.,GEO_FINANCIAL
eu threatens retaliation on us tariffs trade tensions rise across atlantic.,GEO_FINANCIAL
china imposes export controls on rare earths critical minerals restricted.,GEO_FINANCIAL
india raises duties on us agricultural products trade retaliation measure.,GEO_FINANCIAL
mexico faces tariff threat over fentanyl border and trade issues linked.,GEO_FINANCIAL
canada retaliates with tariffs on us goods north american trade dispute.,GEO_FINANCIAL
wto rules against us tariffs international trade body decision.,GEO_FINANCIAL
trade deficit widens to record us imports exceed exports.,GEO_FINANCIAL
supply chain shifts on tariff concerns companies relocate production.,GEO_FINANCIAL
dollar index rises to 105 greenback strengthens broadly.,GEO_FINANCIAL
dollar weakens on fed pivot expectations currency falls on rate hopes.,GEO_FINANCIAL
euro drops below 1.05 against dollar single currency weakens.,GEO_FINANCIAL
yen surges past 145 on intervention japan supports currency.,GEO_FINANCIAL
yen falls to 160 against dollar currency hits multi-decade low.,GEO_FINANCIAL
rupee hits record low of 85 per dollar indian currency weakens.,GEO_FINANCIAL
yuan breaks 7.3 against dollar chinese currency depreciates.,GEO_FINANCIAL
sterling falls 2 percent on uk political turmoil pound volatile.,GEO_FINANCIAL
swiss franc rallies as safe haven demand rises haven currency gains.,GEO_FINANCIAL
emerging market currencies selloff risk-off hits developing nations.,GEO_FINANCIAL
oil prices surge to 100 per barrel crude rallies on supply concerns.,GEO_FINANCIAL
oil falls below 70 on demand worries crude drops on recession fears.,GEO_FINANCIAL
opec announces production cut supply reduction boosts prices.,GEO_FINANCIAL
us releases strategic petroleum reserves emergency supply measure.,GEO_FINANCIAL
natural gas prices spike 25 percent winter demand concerns.,GEO_FINANCIAL
european gas prices surge on russia supply cuts energy crisis deepens.,GEO_FINANCIAL
gold hits 2500 per ounce precious metal reaches record.,GEO_FINANCIAL
gold falls on dollar strength metal drops as greenback rises.,GEO_FINANCIAL
silver rallies 10 percent industrial metal gains.,GEO_FINANCIAL
copper falls on china demand concerns base metal weakens.,GEO_FINANCIAL
wheat prices surge on ukraine conflict food supply concerns.,GEO_FINANCIAL
coffee prices hit 10 year high brazil frost impacts supply.,GEO_FINANCIAL
cocoa prices double on west african disease chocolate input costs soar.,GEO_FINANCIAL
iron ore drops on china steel weakness raw material falls.,GEO_FINANCIAL
lithium prices crash 50 percent battery metal oversupply.,GEO_FINANCIAL
nse introduces new trading hours exchange extends session times.,MARKET_INFRASTRUCTURE
bse launches commodity derivatives segment new products offered.,MARKET_INFRASTRUCTURE
treasury auction sees strong demand government bond sale oversubscribed.,MARKET_INFRASTRUCTURE
10 year yield rises to 4.5 percent benchmark rate climbs.,MARKET_INFRASTRUCTURE
2 year yield inverts with 10 year recession signal flashes.,MARKET_INFRASTRUCTURE
corporate bond spreads widen credit risk premium increases.,MARKET_INFRASTRUCTURE
municipal bond issuance hits record local government borrowing surges.,MARKET_INFRASTRUCTURE
state development loans attract investors sdl demand strong.,MARKET_INFRASTRUCTURE
commercial paper rates spike short-term funding costs rise.,MARKET_INFRASTRUCTURE
repo rate operations inject liquidity central bank supports markets.,MARKET_INFRASTRUCTURE
nasdaq halts trading on technical issue exchange experiences outage.,MARKET_INFRASTRUCTURE
nyse circuit breakers triggered extreme volatility halts trading.,MARKET_INFRASTRUCTURE
sebi allows algo trading for retail investors algorithmic strategies democratized.,MARKET_INFRASTRUCTURE
exchange membership fees revised trading costs adjusted.,MARKET_INFRASTRUCTURE
clearing corporation margin requirements updated risk management enhanced.,MARKET_INFRASTRUCTURE
depository services digitized fully electronic settlement achieved.,MARKET_INFRASTRUCTURE
sovereign gold bond auction opens government gold savings scheme.,MARKET_INFRASTRUCTURE
inflation indexed bonds see demand real return protection sought.,MARKET_INFRASTRUCTURE
floating rate bonds attract investors interest rate hedge popular.,MARKET_INFRASTRUCTURE
green bonds issuance grows sustainability financing expands.,MARKET_INFRASTRUCTURE
scientists discover high temperature superconductor breakthrough in physics research.,NON_FINANCE
apple launches new iphone 16 smartphone features advanced ai capabilities.,NON_FINANCE
tesla unveils robotaxi design autonomous vehicle revealed at event.,NON_FINANCE
spacex launches 100th starlink mission satellite internet constellation grows.,NON_FINANCE
openai releases gpt-5 next generation language model launched.,NON_FINANCE
microsoft announces major windows update operating system improvements.,NON_FINANCE
google introduces new ai search features generative ai in search.,NON_FINANCE
amazon expands same-day delivery ecommerce logistics enhanced.,NON_FINANCE
meta launches new vr headset virtual reality hardware updated.,NON_FINANCE
netflix subscriber count exceeds expectations streaming growth continues.,NON_FINANCE
disney plus reaches 150 million subscribers streaming competition intensifies.,NON_FINANCE
new cancer treatment shows promise clinical trial results positive.,NON_FINANCE
climate summit reaches emissions agreement global cooperation on environment.,NON_FINANCE
earthquake strikes japan magnitude 7 tremor impacts coastal regions.,NON_FINANCE
hurricane approaches florida residents evacuate ahead of storm.,NON_FINANCE
olympic games open in paris athletes compete for medals.,NON_FINANCE
world cup final draws record viewership football fans tune in globally.,NON_FINANCE
new archaeological discovery in egypt ancient artifacts unearthed.,NON_FINANCE
space telescope captures distant galaxy images cosmic discovery announced.,NON_FINANCE
ai system beats humans at complex task artificial intelligence milestone.,NON_FINANCE
should i invest in stocks now is it a good time to buy equities.,SKIP
can you recommend a good mutual fund personal investment advice sought.,SKIP
what is the best way to save for retirement financial planning question.,SKIP
how do i open a demat account procedural inquiry about trading.,SKIP
appeal no 12345 filed by xyz company legal case filing notice.,SKIP
order in the matter of abc limited regulatory proceeding document.,SKIP
personal finance tips for beginners general education content.,SKIP
how to calculate capital gains tax accounting question.,SKIP
is gold a good investment right now commodity investment inquiry.,SKIP
what are the best performing mutual funds fund recommendation request.,SKIP
should i buy bitcoin or ethereum cryptocurrency advice question.,SKIP
how much should i invest each month savings planning question.,SKIP
is real estate a good investment property investment inquiry.,SKIP
what is the safest investment option risk-averse investor question.,SKIP
how to diversify my portfolio asset allocation advice request.,SKIP
when will the market crash prediction question about timing.,SKIP
is this stock a buy analyst recommendation inquiry.,SKIP
what is the target price for reliance individual stock question.,SKIP
should i sell my holdings now timing the market question.,SKIP
how to avoid losses in trading risk management advice sought.,SKIP
nft project rugpull leaves investors with losses digital collectible scam exposed.,DIGITAL_ASSETS
nft marketplace introduces creator royalty protection artist earnings secured.,DIGITAL_ASSETS
nft integration with gaming platforms blockchain gaming expands.,DIGITAL_ASSETS
nft auction sets record at sothebys digital art reaches mainstream.,DIGITAL_ASSETS
nft metadata storage concerns raised permanence of digital ownership questioned.,DIGITAL_ASSETS
nft bridge enables cross-chain transfers interoperability for collectibles.,DIGITAL_ASSETS
nft staking rewards launched holders earn passive income.,DIGITAL_ASSETS
nft community airdrops surprise holders free tokens distributed.,DIGITAL_ASSETS
nft phishing scams increase security awareness urged.,DIGITAL_ASSETS
nft smart contract audit reveals vulnerabilities security assessment completed.,DIGITAL_ASSETS
rbi launches account aggregator framework data sharing protocol established.,FINANCE_POLICY
rbi allows small finance banks to open anywhere branch expansion permitted.,FINANCE_POLICY
rbi updates kyc norms for digital payments identity verification streamlined.,FINANCE_POLICY
rbi circular on loan recovery practices fair debt collection mandated.,FINANCE_POLICY
rbi governor attends bis meeting global central banker coordination.,FINANCE_POLICY
rbi data shows credit growth at 15 percent lending activity strong.,FINANCE_POLICY
rbi allows video kyc for account opening remote verification enabled.,FINANCE_POLICY
rbi reviews payment system vision 2025 digital payments roadmap updated.,FINANCE_POLICY
rbi enables geotagging of payment acceptance infrastructure merchant mapping initiated.,FINANCE_POLICY
rbi warns against cryptocurrency risks central bank reiterates concerns.,FINANCE_POLICY
federal reserve quantitative easing ends asset purchases conclude.,FINANCE_POLICY
federal reserve reverse repo facility usage hits record money market dynamics.,FINANCE_POLICY
federal reserve discount window borrowing spikes banks access emergency funding.,FINANCE_POLICY
federal reserve updates bank capital requirements regulatory standards raised.,FINANCE_POLICY
federal reserve climate risk guidance for banks environmental factors considered.,FINANCE_POLICY
federal reserve payment system modernization fednow instant payments launch.,FINANCE_POLICY
federal reserve community bank supervision updated smaller lender oversight.,FINANCE_POLICY
federal reserve financial literacy initiatives consumer education programs.,FINANCE_POLICY
federal reserve diversity report on banking workforce inclusion metrics.,FINANCE_POLICY
federal reserve research on cbdc central bank digital currency study.,FINANCE_POLICY
ecb bond buying program taper quantitative easing reduction.,FINANCE_POLICY
ecb inflation forecast raised price outlook worsens.,FINANCE_POLICY
ecb banking supervision stress tests european bank resilience assessed.,FINANCE_POLICY
ecb climate stress test for banks environmental risk evaluation.,FINANCE_POLICY
ecb payment strategy modernizes european instant payments push.,FINANCE_POLICY
ecb cross-border payment improvements international transfers facilitated.,FINANCE_POLICY
ecb balance sheet reduction continues quantitative tightening proceeds.,FINANCE_POLICY
ecb macroprudential measures tightened systemic risk controls enhanced.,FINANCE_POLICY
ecb bank lending survey shows tighter credit loan standards rise.,FINANCE_POLICY
ecb consumer inflation expectations survey household price outlook.,FINANCE_POLICY
fomc recap shows hawkish tilt meeting summary analysis.,MACRO_ECONOMIC
fomc december meeting preview year-end rate decision anticipated.,MACRO_ECONOMIC
fomc march meeting expectations q1 policy outlook assessed.,MACRO_ECONOMIC
fomc dissent grows on rate policy committee disagreements increase.,MACRO_ECONOMIC
fomc members speak at separate events varied policy views shared.,MACRO_ECONOMIC
fomc balance sheet runoff pace reviewed qt speed evaluated.,MACRO_ECONOMIC
fomc terminal rate debate peak rate level discussed.,MACRO_ECONOMIC
fomc neutral rate estimate revised equilibrium rate assessment updated.,MACRO_ECONOMIC
fomc real-time economic indicators monitoring data dependency emphasized.,MACRO_ECONOMIC
fomc international spillover concerns global impact considered.,MACRO_ECONOMIC
bitcoin breaks 80000 support level technical analysis bearish.,DIGITAL_ASSETS
bitcoin fear and greed index shows extreme fear sentiment indicator drops.,DIGITAL_ASSETS
bitcoin correlation with stocks increases risk asset behavior.,DIGITAL_ASSETS
bitcoin options max pain level approaches expiry dynamics.,DIGITAL_ASSETS
bitcoin perpetual funding rate turns negative bears dominate.,DIGITAL_ASSETS
bitcoin on-chain metrics show accumulation holder behavior positive.,DIGITAL_ASSETS
bitcoin retail investor interest wanes google trends decline.,DIGITAL_ASSETS
bitcoin institutional grade custody solutions expand infrastructure grows.,DIGITAL_ASSETS
bitcoin regulatory clarity improves in europe mica framework implemented.,DIGITAL_ASSETS
bitcoin self-custody adoption increases not your keys movement.,DIGITAL_ASSETS
ethereum beacon chain upgrade scheduled protocol improvement planned.,DIGITAL_ASSETS
ethereum staking yield compresses returns moderate as participation grows.,DIGITAL_ASSETS
ethereum base layer 2 from coinbase gains traction new chain activity.,DIGITAL_ASSETS
ethereum eip proposal debate governance discussion continues.,DIGITAL_ASSETS
ethereum client diversity improves network resilience enhanced.,DIGITAL_ASSETS
crypto market recovers from lows buyers return after selloff.,DIGITAL_ASSETS
crypto lending platform nexo expands services more offerings available.,DIGITAL_ASSETS
crypto tax reporting requirements tighten regulatory compliance needed.,DIGITAL_ASSETS
crypto etfs see weekly outflows investor sentiment shifts.,DIGITAL_ASSETS
crypto adoption in emerging markets accelerates developing world interest.,DIGITAL_ASSETS
sebi chairman speech at ficci market development priorities.,FINANCE_POLICY
sebi board meeting approves new regulations policy updates passed.,FINANCE_POLICY
sebi consultation paper on market reforms feedback sought.,FINANCE_POLICY
sebi order bans promoter for insider trading enforcement action.,FINANCE_POLICY
sebi review of credit rating agencies oversight strengthened.,FINANCE_POLICY
sec lawsuit against ripple continues xrp case developments.,FINANCE_POLICY
sec registration requirements for crypto clarity on securities.,FINANCE_POLICY
sec custody rule for investment advisers asset protection mandated.,FINANCE_POLICY
sec market structure proposals equity trading changes suggested.,FINANCE_POLICY
sec enforcement priorities fiscal year agenda outlined.,FINANCE_POLICY
indian markets close at record high indices reach new peaks.,MARKET_MOVEMENT
indian markets fall 3 percent broad selloff across sectors.,MARKET_MOVEMENT
nifty 50 rebalancing announced index constituents changed.,MARKET_MOVEMENT
fii flows turn positive foreign money returns to india.,MARKET_MOVEMENT
mutual fund sip inflows hit record systematic investments grow.,MARKET_MOVEMENT
us markets closed for holiday trading resumes tomorrow.,MARKET_MOVEMENT
futures indicate lower open premarket trading suggests decline.,MARKET_MOVEMENT
options expiry drives volatility derivatives settlement impacts prices.,MARKET_MOVEMENT
sector rotation from tech to value style shift observed.,MARKET_MOVEMENT
market breadth improves advance decline ratio positive.,MARKET_MOVEMENT
us ppi inflation rises producer prices increase.,MACRO_ECONOMIC
us import prices fall global deflation benefits consumers.,MACRO_ECONOMIC
eurozone inflation eases slightly prices still elevated.,MACRO_ECONOMIC
uk inflation remains above target boe pressure continues.,MACRO_ECONOMIC
japan inflation rises above 3 percent yen weakness impacts.,MACRO_ECONOMIC
india inflation within rbi target band prices controlled.,MACRO_ECONOMIC
china deflation concerns deepen ppi remains negative.,MACRO_ECONOMIC
brazil inflation falls central bank may cut rates.,MACRO_ECONOMIC
mexico inflation sticky banxico maintains rates.,MACRO_ECONOMIC
turkey inflation exceeds 60 percent lira crisis continues.,MACRO_ECONOMIC
us china trade talks resume diplomatic engagement restarts.,GEO_FINANCIAL
g7 discusses russia sanctions allied coordination on measures.,GEO_FINANCIAL
opec plus meeting approaches production decision expected.,GEO_FINANCIAL
iran nuclear deal talks impact oil markets supply uncertainty.,GEO_FINANCIAL
taiwan tensions impact semiconductor supply chip concerns.,GEO_FINANCIAL
red sea shipping disruptions raise costs freight rates spike.,GEO_FINANCIAL
suez canal traffic normalizes after blockage shipping resumes.,GEO_FINANCIAL
panama canal drought restricts transit water levels impact capacity.,GEO_FINANCIAL
commodity trading houses report record profits volatility benefits.,GEO_FINANCIAL
central bank gold buying reaches record reserves diversification.,GEO_FINANCIAL
nse derivative segment sees record volumes futures options activity.,MARKET_INFRASTRUCTURE
bse sensex index rebalancing composition changes announced.,MARKET_INFRASTRUCTURE
india bond index inclusion by global benchmarks foreign flows expected.,MARKET_INFRASTRUCTURE
gilt auction devolves on primary dealers weak demand for government bonds.,MARKET_INFRASTRUCTURE
t-bill yields rise at auction short-term rates increase.,MARKET_INFRASTRUCTURE
money market rates spike on liquidity deficit cash crunch.,MARKET_INFRASTRUCTURE
certificate of deposit issuance grows bank funding diversifies.,MARKET_INFRASTRUCTURE
commercial mortgage backed securities market grows cmbs activity.,MARKET_INFRASTRUCTURE
reits market cap reaches 1 trillion real estate investment trusts expand.,MARKET_INFRASTRUCTURE
infrastructure investment trusts invits see inflows investor interest grows.,MARKET_INFRASTRUCTURE
new covid variant discovered virus mutation identified.,NON_FINANCE
us election results announced political outcome determined.,NON_FINANCE
un climate conference concludes environmental summit ends.,NON_FINANCE
major airline announces new routes travel capacity expands.,NON_FINANCE
tech company layoffs continue workforce reductions persist.,NON_FINANCE
sports league announces expansion team new franchise added.,NON_FINANCE
movie breaks box office records film achieves milestone.,NON_FINANCE
social media platform changes policies content rules updated.,NON_FINANCE
university rankings released education assessment published.,NON_FINANCE
celebrity news dominates headlines entertainment coverage.,NON_FINANCE
is sip investment safe mutual fund inquiry.,SKIP
how to file itr income tax return question.,SKIP
what documents needed for loan personal finance query.,SKIP
petition filed in high court legal proceeding notice.,SKIP
complaint regarding service deficiency consumer grievance.,SKIP
my portfolio is down what should i do investment anxiety.,SKIP
which bank offers best fd rates deposit comparison query.,SKIP
how to link aadhaar to pan procedural question.,SKIP
what is expense ratio meaning financial education question.,SKIP
is it right time to invest in mutual funds timing inquiry.,SKIP
